<?xml version="1.0" encoding="UTF-8" standalone="no"?>
<databaseChangeLog xmlns='http://www.liquibase.org/xml/ns/dbchangelog'
	xmlns:xsi='http://www.w3.org/2001/XMLSchema-instance'
	xsi:schemaLocation='http://www.liquibase.org/xml/ns/dbchangelog http://www.liquibase.org/xml/ns/dbchangelog/dbchangelog-2.0.xsd'>

<!-- 
	<include file="01_structure/coa-module-structure-updates.xml"/>
	<include file="01_structure/purap-module-structure-updates.xml"/>
	<include file="01_structure/cam-module-structure-updates.xml"/>
	<include file="01_structure/cg-module-structure-updates.xml"/>
	<include file="01_structure/coa-module-structure-updates.xml"/>
	<include file="01_structure/gl-module-structure-updates.xml"/>
	<include file="01_structure/ld-module-structure-updates.xml"/>
	<include file="01_structure/pdp-module-structure-updates.xml"/>
-->
	<include file="01_structure/sys-module-structure-updates.xml"/>
	<include file="01_structure/fp-module-structure-updates.xml"/>
	<include file="01_structure/ar-module-structure-updates.xml"/>
	<include file="01_structure/tem-module-structure-updates.xml"/>
<!-- 
	<include file="01_structure/vnd-module-structure-updates.xml"/>
-->
</databaseChangeLog>
	