<?xml version="1.0" encoding="UTF-8" standalone="no"?>
<!--
    Copyright 2013 The Kuali Foundation

    Licensed under the Educational Community License, Version 2.0 (the "License");
    you may not use this file except in compliance with the License.
    You may obtain a copy of the License at

    http://www.opensource.org/licenses/ecl2.php

    Unless required by applicable law or agreed to in writing, software
    distributed under the License is distributed on an "AS IS" BASIS,
    WITHOUT WARRANTIES OR CONDITIONS OF ANY KIND, either express or implied.
    See the License for the specific language governing permissions and
    limitations under the License.
-->
<databaseChangeLog xmlns='http://www.liquibase.org/xml/ns/dbchangelog'
	xmlns:xsi='http://www.w3.org/2001/XMLSchema-instance'
	xsi:schemaLocation='http://www.liquibase.org/xml/ns/dbchangelog http://www.liquibase.org/xml/ns/dbchangelog/dbchangelog-2.0.xsd'>
	
	<changeSet author="KFS505" id="KFSMI-11411">
		<comment>Move INSTITUTION_NAME parameter from AR to SYS to fix modularity issues - this was originally done for TEM as part of KFSMI-11122</comment>
		<delete tableName="KRCR_PARM_T">
			<where>NMSPC_CD = 'KFS-AR' and CMPNT_CD = 'OrganizationOptions' and PARM_NM = 'INSTITUTION_NAME'</where>
		</delete>
		
		<insert tableName="KRCR_PARM_T">
			<column name="NMSPC_CD" value="KFS-SYS" />
			<column name="CMPNT_CD" value="All" />
			<column name="PARM_NM" value="INSTITUTION_NAME" />
			<column name="VAL" value="Kuali University" />
			<column name="OBJ_ID" valueComputed="SYS_GUID()"/>
			<column name="VER_NBR" valueNumeric="1" />
			<column name="PARM_TYP_CD" value="CONFG" />
			<column name="PARM_DESC_TXT" value="The value in this parameter will display on various AR reports." />
			<column name="EVAL_OPRTR_CD" value="A" />
			<column name="APPL_ID" value="KFS" />
		</insert>

		<modifySql dbms="mysql">
		    <replace replace="SYS_GUID()" with="UUID()" />
		</modifySql>
	</changeSet>

</databaseChangeLog>