<?xml version="1.0" encoding="UTF-8" standalone="no"?>
<!--
    Copyright 2010 The Kuali Foundation

    Licensed under the Educational Community License, Version 2.0 (the "License");
    you may not use this file except in compliance with the License.
    You may obtain a copy of the License at

    http://www.opensource.org/licenses/ecl2.php

    Unless required by applicable law or agreed to in writing, software
    distributed under the License is distributed on an "AS IS" BASIS,
    WITHOUT WARRANTIES OR CONDITIONS OF ANY KIND, either express or implied.
    See the License for the specific language governing permissions and
    limitations under the License.
-->
<data xmlns="ns:workflow" xmlns:xsi="http://www.w3.org/2001/XMLSchema-instance" xsi:schemaLocation="ns:workflow resource:WorkflowData">
  <documentTypes xmlns="ns:workflow/DocumentType" xsi:schemaLocation="ns:workflow/DocumentType resource:DocumentType">
    <documentType>
      <name>EndowmentSimpleMaintenanceDocument</name>
      <parent>FSSM</parent>
      <label>Endowment Simple Maintenance Document</label>
      <active>true</active>
      <routingVersion>2</routingVersion>
    </documentType>

    <documentType>
      <name>EndowmentComplexMaintenanceDocument</name>
      <parent>KFSM</parent>
      <label>Endowment Complex Maintenance Document</label>
      <active>true</active>
      <routingVersion>2</routingVersion>
    </documentType>

    <documentType>
      <name>ET</name>
      <parent>KFST</parent>
      <label>Endowment Transactional Document</label>
      <active>true</active>
      <routingVersion>2</routingVersion>
    </documentType>

    <documentType>
      <name>ACIModelMaintenanceDocument</name>
      <parent>EndowmentSimpleMaintenanceDocument</parent>
      <label>ACI Model Maintenance Document</label>
      <helpDefinitionURL>default.htm?turl=WordDocuments%2Fautomatedcashinvestmentmodel.htm</helpDefinitionURL>
      <active>true</active>
      <routingVersion>2</routingVersion>
    </documentType>
    <documentType>
      <name>AgreementSpecialInstructionMaintenanceDocument</name>
      <parent>EndowmentSimpleMaintenanceDocument</parent>
      <label>Agreement Special Instruction Maintenance Document</label>
      <helpDefinitionURL>default.htm?turl=WordDocuments%2Fagreementspecialinstructioncode.htm</helpDefinitionURL>
      <active>true</active>
      <routingVersion>2</routingVersion>
    </documentType>
    <documentType>
      <name>AgreementStatusMaintenanceDocument</name>
      <parent>EndowmentSimpleMaintenanceDocument</parent>
      <label>Agreement Status Maintenance Document</label>
      <helpDefinitionURL>default.htm?turl=WordDocuments%2Fagreementstatuscode.htm</helpDefinitionURL>
      <active>true</active>
      <routingVersion>2</routingVersion>
    </documentType>
    <documentType>
      <name>AgreementTypeMaintenanceDocument</name>
      <parent>EndowmentSimpleMaintenanceDocument</parent>
      <label>Agreement Type Maintenance Document</label>
      <helpDefinitionURL>default.htm?turl=WordDocuments%2Fagreementtypecode.htm</helpDefinitionURL>
      <active>true</active>
      <routingVersion>2</routingVersion>
    </documentType>
    <documentType>
      <name>CashSweepModelMaintenanceDocument</name>
      <parent>EndowmentSimpleMaintenanceDocument</parent>
      <label>Cash Sweep Model Maintenance Document</label>
      <helpDefinitionURL>default.htm?turl=WordDocuments%2Fcashsweepmodel.htm</helpDefinitionURL>
      <active>true</active>
      <routingVersion>2</routingVersion>
    </documentType>
    <documentType>
      <name>ClassCodeMaintenanceDocument</name>
      <parent>EndowmentSimpleMaintenanceDocument</parent>
      <label>Class Code Maintenance Document</label>
      <helpDefinitionURL>default.htm?turl=WordDocuments%2Fclasscode.htm</helpDefinitionURL>
      <active>true</active>
      <routingVersion>2</routingVersion>
    </documentType>
    <documentType>
      <name>CloseCodeMaintenanceDocument</name>
      <parent>EndowmentSimpleMaintenanceDocument</parent>
      <label>Close Code Maintenance Document</label>
      <helpDefinitionURL>default.htm?turl=WordDocuments%2Fclosecode.htm</helpDefinitionURL>
      <active>true</active>
      <routingVersion>2</routingVersion>
    </documentType>
    <documentType>
      <name>CombineGroupCodeMaintenanceDocument</name>
      <parent>EndowmentSimpleMaintenanceDocument</parent>
      <label>Combine Group Code Maintenance Document</label>
      <helpDefinitionURL>default.htm?turl=WordDocuments%2Fcombinegroupcode.htm</helpDefinitionURL>
      <active>true</active>
      <routingVersion>2</routingVersion>
    </documentType>
    <documentType>
      <name>DonorMaintenanceDocument</name>
      <parent>EndowmentSimpleMaintenanceDocument</parent>
      <label>Donor Maintenance Document</label>
      <helpDefinitionURL>default.htm?turl=WordDocuments%2Fdonorrecord.htm</helpDefinitionURL>
      <active>true</active>
      <routingVersion>2</routingVersion>
    </documentType>
    <documentType>
      <name>DonorStatementCodeMaintenanceDocument</name>
      <parent>EndowmentSimpleMaintenanceDocument</parent>
      <label>Donor Statement Code Maintenance Document</label>
      <helpDefinitionURL>default.htm?turl=WordDocuments%2Fdonorstatementcode.htm</helpDefinitionURL>
      <active>true</active>
      <routingVersion>2</routingVersion>
    </documentType>
    <documentType>
      <name>EndowmentTransactionCodeMaintenanceDocument</name>
      <parent>EndowmentSimpleMaintenanceDocument</parent>
      <label>Endowment Transaction Code Maintenance Document</label>
      <helpDefinitionURL>default.htm?turl=WordDocuments%2Fendowmenttransactioncode.htm</helpDefinitionURL>
      <active>true</active>
      <routingVersion>2</routingVersion>
    </documentType>
    <documentType>
      <name>FeeMethodMaintenanceDocument</name>
      <parent>EndowmentSimpleMaintenanceDocument</parent>
      <label>Fee Method Maintenance Document</label>
      <helpDefinitionURL>default.htm?turl=WordDocuments%2Ffeemethod.htm</helpDefinitionURL>
      <active>true</active>
      <routingVersion>2</routingVersion>
    </documentType>
    <documentType>
      <name>FundSourceCodeMaintenanceDocument</name>
      <parent>EndowmentSimpleMaintenanceDocument</parent>
      <label>Fund Source Code Maintenance Document</label>
      <helpDefinitionURL>default.htm?turl=WordDocuments%2Fsourceoffundscode.htm</helpDefinitionURL>
      <active>true</active>
      <routingVersion>2</routingVersion>
    </documentType>
    <documentType>
      <name>HoldingTaxLotMaintenanceDocument</name>
      <parent>EndowmentSimpleMaintenanceDocument</parent>
      <label>Holding Tax Lot Maintenance Document</label>
      <helpDefinitionURL>default.htm?turl=WordDocuments%2Fholdingtaxlotmaintenance.htm</helpDefinitionURL>
      <active>true</active>
      <routingVersion>2</routingVersion>
    </documentType>
    <documentType>
      <name>KEMIDMaintenanceDocument</name>
      <parent>EndowmentSimpleMaintenanceDocument</parent>
      <label>KEMID Maintenance Document</label>
      <helpDefinitionURL>default.htm?turl=WordDocuments%2Fkemid.htm</helpDefinitionURL>
      <active>true</active>
      <routingVersion>2</routingVersion>
    </documentType>
    <documentType>
      <name>PooledFundControlMaintenanceDocument</name>
      <parent>EndowmentSimpleMaintenanceDocument</parent>
      <label>Pooled Fund Control Maintenance Document</label>
      <helpDefinitionURL>default.htm?turl=WordDocuments%2Fpooledfundcontrol.htm</helpDefinitionURL>
      <active>true</active>
      <routingVersion>2</routingVersion>
    </documentType>
    <documentType>
      <name>PooledFundValueMaintenanceDocument</name>
      <parent>EndowmentSimpleMaintenanceDocument</parent>
      <label>Pooled Fund Value Maintenance Document</label>
      <helpDefinitionURL>default.htm?turl=WordDocuments%2Fpooledfundvalue.htm</helpDefinitionURL>
      <active>true</active>
      <routingVersion>2</routingVersion>
    </documentType>
    <documentType>
      <name>PurposeCodeMaintenanceDocument</name>
      <parent>EndowmentSimpleMaintenanceDocument</parent>
      <label>Purpose Code Maintenance Document</label>
      <helpDefinitionURL>default.htm?turl=WordDocuments%2Fpurposecode.htm</helpDefinitionURL>
      <active>true</active>
      <routingVersion>2</routingVersion>
    </documentType>
    <documentType>
      <name>RegistrationCodeMaintenanceDocument</name>
      <parent>EndowmentSimpleMaintenanceDocument</parent>
      <label>Registration Code Maintenance Document</label>
      <helpDefinitionURL>default.htm?turl=WordDocuments%2Fregistrationcode.htm</helpDefinitionURL>
      <active>true</active>
      <routingVersion>2</routingVersion>
    </documentType>
    <documentType>
      <name>ResponsibleAdministrationCodeMaintenanceDocument</name>
      <parent>EndowmentSimpleMaintenanceDocument</parent>
      <label>Responsible Administration Code Maintenance Document</label>
      <helpDefinitionURL>default.htm?turl=WordDocuments%2Fresponsibleadministrationcode.htm</helpDefinitionURL>
      <active>true</active>
      <routingVersion>2</routingVersion>
    </documentType>
    <documentType>
      <name>SecurityMaintenanceDocument</name>
      <parent>EndowmentSimpleMaintenanceDocument</parent>
      <label>Security Maintenance Document</label>
      <helpDefinitionURL>default.htm?turl=WordDocuments%2Fsecurity.htm</helpDefinitionURL>
      <active>true</active>
      <routingVersion>2</routingVersion>
    </documentType>
    <documentType>
      <name>SecurityReportingGroupMaintenanceDocument</name>
      <parent>EndowmentSimpleMaintenanceDocument</parent>
      <label>Security Reporting Group Maintenance Document</label>
      <helpDefinitionURL>default.htm?turl=WordDocuments%2Freportinggroup.htm</helpDefinitionURL>
      <active>true</active>
      <routingVersion>2</routingVersion>
    </documentType>
    <documentType>
      <name>SubclassCodeMaintenanceDocument</name>
      <parent>EndowmentSimpleMaintenanceDocument</parent>
      <label>Subclass Code Maintenance Document</label>
      <helpDefinitionURL>default.htm?turl=WordDocuments%2Fsubclasscode.htm</helpDefinitionURL>
      <active>true</active>
      <routingVersion>2</routingVersion>
    </documentType>
    <documentType>
      <name>TicklerMaintenanceDocument</name>
      <parent>EndowmentSimpleMaintenanceDocument</parent>
      <label>Tickler Maintenance Document</label>
      <helpDefinitionURL>default.htm?turl=WordDocuments%2Ftickler.htm</helpDefinitionURL>
      <active>true</active>
      <routingVersion>2</routingVersion>
    </documentType>
    <documentType>
      <name>TicklerTypeCodeMaintenanceDocument</name>
      <parent>EndowmentSimpleMaintenanceDocument</parent>
      <label>Tickler Type Code Maintenance Document</label>
      <helpDefinitionURL>default.htm?turl=WordDocuments%2Fticklertypecode.htm</helpDefinitionURL>
      <active>true</active>
      <routingVersion>2</routingVersion>
    </documentType>
    <documentType>
      <name>TransactionRestrictionCodeMaintenanceDocument</name>
      <parent>EndowmentSimpleMaintenanceDocument</parent>
      <label>Transaction Restriction Code Maintenance Document</label>
      <helpDefinitionURL>default.htm?turl=WordDocuments%2Ftransactionrestrictioncode.htm</helpDefinitionURL>
      <active>true</active>
      <routingVersion>2</routingVersion>
    </documentType>
    <documentType>
      <name>TypeCodeMaintenanceDocument</name>
      <parent>EndowmentSimpleMaintenanceDocument</parent>
      <label>Type Code Maintenance Document</label>
      <helpDefinitionURL>default.htm?turl=WordDocuments%2Ftypecode.htm</helpDefinitionURL>
      <active>true</active>
      <routingVersion>2</routingVersion>
    </documentType>
    <documentType>
      <name>TypeRestrictionCodeMaintenanceDocument</name>
      <parent>EndowmentSimpleMaintenanceDocument</parent>
      <label>Type Restriction Code Maintenance Document</label>
      <helpDefinitionURL>default.htm?turl=WordDocuments%2Ftyperestrictioncode.htm</helpDefinitionURL>
      <active>true</active>
      <routingVersion>2</routingVersion>
    </documentType>
    <documentType>
      <name>UseCriteriaCodeMaintenanceDocument</name>
      <parent>EndowmentSimpleMaintenanceDocument</parent>
      <label>Use Criteria Code Maintenance Document</label>
      <helpDefinitionURL>default.htm?turl=WordDocuments%2Fusecriteriacode.htm</helpDefinitionURL>
      <active>true</active>
      <routingVersion>2</routingVersion>
    </documentType>
    <documentType>
      <name>HoldingTaxLotRebalanceMaintenanceDocument</name>
      <parent>EndowmentSimpleMaintenanceDocument</parent>
      <label>Holding Tax Lot Rebalance Document</label>
      <helpDefinitionURL>default.htm?turl=WordDocuments%2Fholdingtaxlotrebalance.htm</helpDefinitionURL>
      <active>true</active>
      <routingVersion>2</routingVersion>
    </documentType>
    <documentType>
      <name>RecurringCashTransferMaintenanceDocument</name>
      <parent>EndowmentSimpleMaintenanceDocument</parent>
      <label>Recurring Cash Transfer Maintenance Document</label>
      <helpDefinitionURL>default.htm?turl=WordDocuments%2Frecurringcashtransfer.htm</helpDefinitionURL>
      <active>true</active>
      <routingVersion>2</routingVersion>
    </documentType>
    <documentType>
      <name>ECR</name>
      <parent>ET</parent>
      <label>Endowment Corporate Reorganization</label>
      <docHandler>${application.url}/endowCorporateReorganizationDocument.do?methodToCall=docHandler</docHandler>
      <helpDefinitionURL>default.htm?turl=WordDocuments%2Fcorporatereorganization.htm</helpDefinitionURL>
      <active>true</active>
      <routingVersion>2</routingVersion>
    </documentType>
    <documentType>
      <name>EAD</name>
      <parent>ET</parent>
      <label>Endowment Asset Decrease</label>
      <docHandler>${application.url}/endowAssetDecreaseDocument.do?methodToCall=docHandler</docHandler>
      <helpDefinitionURL>default.htm?turl=WordDocuments%2Fassetdecrease.htm</helpDefinitionURL>
      <active>true</active>
      <routingVersion>2</routingVersion>
    </documentType>
    <documentType>
      <name>EAI</name>
      <parent>ET</parent>
      <label>Endowment Asset Increase</label>
      <docHandler>${application.url}/endowAssetIncreaseDocument.do?methodToCall=docHandler</docHandler>
      <helpDefinitionURL>default.htm?turl=WordDocuments%2Fassetincrease.htm</helpDefinitionURL>
      <active>true</active>
      <routingVersion>2</routingVersion>
    </documentType>
    <documentType>
      <name>ECDD</name>
      <parent>ET</parent>
      <label>Endowment Cash Decrease</label>
      <docHandler>${application.url}/endowCashDecreaseDocument.do?methodToCall=docHandler</docHandler>
      <helpDefinitionURL>default.htm?turl=WordDocuments%2Fcashdecrease.htm</helpDefinitionURL>
      <active>true</active>
      <routingVersion>2</routingVersion>
    </documentType>
    <documentType>
      <name>ECI</name>
      <parent>ET</parent>
      <label>Endowment Cash Increase</label>
      <docHandler>${application.url}/endowCashIncreaseDocument.do?methodToCall=docHandler</docHandler>
      <helpDefinitionURL>default.htm?turl=WordDocuments%2Fcashincrease.htm</helpDefinitionURL>
      <active>true</active>
      <routingVersion>2</routingVersion>
    </documentType>
    <documentType>
      <name>ECT</name>
      <parent>ET</parent>
      <label>Endowment Cash Transfer</label>
      <docHandler>${application.url}/endowCashTransferDocument.do?methodToCall=docHandler</docHandler>
      <helpDefinitionURL>default.htm?turl=WordDocuments%2Fcashtransfer.htm</helpDefinitionURL>
      <active>true</active>
      <routingVersion>2</routingVersion>
    </documentType>
    <documentType>
      <name>ECA</name>
      <parent>ET</parent>
      <label>Endowment Corpus Adjustment</label>
      <docHandler>${application.url}/endowCorpusAdjustmentDocument.do?methodToCall=docHandler</docHandler>
      <helpDefinitionURL>default.htm?turl=WordDocuments%2Fcorpusadjustment.htm</helpDefinitionURL>
      <active>true</active>
      <routingVersion>2</routingVersion>
    </documentType>
    <documentType>
      <name>EUSA</name>
      <parent>ET</parent>
      <label>Endowment Unit/Share Adjustment</label>
      <docHandler>${application.url}/endowEndowmentUnitShareAdjustmentDocument.do?methodToCall=docHandler</docHandler>
      <helpDefinitionURL>default.htm?turl=WordDocuments%2Funitshareadjustment.htm</helpDefinitionURL>
      <active>true</active>
      <routingVersion>2</routingVersion>
    </documentType>
    <documentType>
      <name>EHVA</name>
      <parent>ET</parent>
      <label>Endowment Holding History Value Adjustment</label>
      <docHandler>${application.url}/endowHoldingHistoryValueAdjustmentDocument.do?methodToCall=docHandler</docHandler>
      <helpDefinitionURL>default.htm?turl=WordDocuments%2Fholdinghistoryvalueadjustment.htm</helpDefinitionURL>
      <active>true</active>
      <routingVersion>2</routingVersion>
    </documentType>
    <documentType>
      <name>ELD</name>
      <parent>ET</parent>
      <label>Endowment Liability Decrease</label>
      <docHandler>${application.url}/endowLiabilityDecreaseDocument.do?methodToCall=docHandler</docHandler>
      <helpDefinitionURL>default.htm?turl=WordDocuments%2Fliabilitydecrease.htm</helpDefinitionURL>
      <active>true</active>
      <routingVersion>2</routingVersion>
    </documentType>
    <documentType>
      <name>ELI</name>
      <parent>ET</parent>
      <label>Endowment Liability Increase</label>
      <docHandler>${application.url}/endowLiabilityIncreaseDocument.do?methodToCall=docHandler</docHandler>
      <helpDefinitionURL>default.htm?turl=WordDocuments%2Fliabilityincrease.htm</helpDefinitionURL>
      <active>true</active>
      <routingVersion>2</routingVersion>
    </documentType>
    <documentType>
      <name>EST</name>
      <parent>ET</parent>
      <label>Endowment Security Transfer</label>
      <docHandler>${application.url}/endowSecurityTransferDocument.do?methodToCall=docHandler</docHandler>
      <helpDefinitionURL>default.htm?turl=WordDocuments%2Fsecuritytransfer.htm</helpDefinitionURL>
      <active>true</active>
      <routingVersion>2</routingVersion>
    </documentType>
    <documentType>
      <name>EHA</name>
      <parent>ET</parent>
      <label>Endowment Holding Adjustment</label>
      <docHandler>${application.url}/endowHoldingAdjustmentDocument.do?methodToCall=docHandler</docHandler>
      <helpDefinitionURL>default.htm?turl=WordDocuments%2Fholdingadjustment.htm</helpDefinitionURL>
      <active>true</active>
      <routingVersion>2</routingVersion>
    </documentType>
    <documentType>
      <name>EGLT</name>
      <parent>ET</parent>
      <label>Endowment To GL Transfer Of Funds</label>
      <docHandler>${application.url}/endowEndowmentToGLTransferOfFundsDocument.do?methodToCall=docHandler</docHandler>
      <helpDefinitionURL>default.htm?turl=WordDocuments%2Fendowmenttogltransferoffunds.htm</helpDefinitionURL>
      <active>true</active>
      <routingVersion>2</routingVersion>
    </documentType>
    <documentType>
      <name>GLET</name>
      <parent>ET</parent>
      <label>GL To Endowment Transfer Of Funds</label>
      <docHandler>${application.url}/endowGLToEndowmentTransferOfFundsDocument.do?methodToCall=docHandler</docHandler>
      <helpDefinitionURL>default.htm?turl=WordDocuments%2Fgltoendowmenttransferoffunds.htm</helpDefinitionURL>
      <active>true</active>
      <routingVersion>2</routingVersion>
    </documentType>
  </documentTypes>
</data>