<!--
    Copyright 2012 The Kuali Foundation

    Licensed under the Educational Community License, Version 2.0 (the "License");
    you may not use this file except in compliance with the License.
    You may obtain a copy of the License at

    http://www.opensource.org/licenses/ecl2.php

    Unless required by applicable law or agreed to in writing, software
    distributed under the License is distributed on an "AS IS" BASIS,
    WITHOUT WARRANTIES OR CONDITIONS OF ANY KIND, either express or implied.
    See the License for the specific language governing permissions and
    limitations under the License.
-->
<databaseChangeLog xmlns='http://www.liquibase.org/xml/ns/dbchangelog'
	xmlns:xsi='http://www.w3.org/2001/XMLSchema-instance'
	xsi:schemaLocation='http://www.liquibase.org/xml/ns/dbchangelog http://www.liquibase.org/xml/ns/dbchangelog/dbchangelog-2.0.xsd'>
	
	<changeSet id="KFSMI-7757_FIX_DOC_HELP_URLS" author="KFS501">
	
		<update tableName="KREW_DOC_TYP_T">
			<column name="HELP_DEF_URL" value="${kfs.externalizable.help.url}/default.htm?turl=WordDocuments%2Fyearendedocs1.htm" />
			<where>DOC_TYP_NM IN ( 'YEBA', 'YEDI' ) and CUR_IND = 1</where>
		</update>
		
		<update tableName="KREW_DOC_TYP_T">
			<column name="HELP_DEF_URL" value="${kfs.externalizable.help.url}/default.htm?turl=WordDocuments%2Flaborobjectcodebenefits.htm" />
			<where>DOC_TYP_NM = 'LOBN' and CUR_IND = 1</where>
		</update>	
	</changeSet>
	
	<changeSet author="KFS501" id="FIX_NAMESPACE_ON_KEW_ATTRIBUTE_SERVICES">
		<comment>For Bus security to work properly, the service namespace must be an URI instead of "KFS"</comment>
		<sql>
			UPDATE KREW_RULE_ATTR_T 
			    SET CLS_NM = REPLACE(CLS_NM,'{KFS}','{http://kfs.kuali.org/kfs/v5_0}')
			WHERE CLS_NM LIKE '{KFS}%'
		</sql>
	</changeSet>


	
</databaseChangeLog>