<!--
    Copyright 2012 The Kuali Foundation

    Licensed under the Educational Community License, Version 2.0 (the "License");
    you may not use this file except in compliance with the License.
    You may obtain a copy of the License at

    http://www.opensource.org/licenses/ecl2.php

    Unless required by applicable law or agreed to in writing, software
    distributed under the License is distributed on an "AS IS" BASIS,
    WITHOUT WARRANTIES OR CONDITIONS OF ANY KIND, either express or implied.
    See the License for the specific language governing permissions and
    limitations under the License.
-->
<databaseChangeLog xmlns="http://www.liquibase.org/xml/ns/dbchangelog"
	xmlns:xsi="http://www.w3.org/2001/XMLSchema-instance"
	xsi:schemaLocation="http://www.liquibase.org/xml/ns/dbchangelog http://www.liquibase.org/xml/ns/dbchangelog/dbchangelog-2.0.xsd">

	<changeSet id="FIX_GROUP_KIM_TYPE_IN_RESP" author="KFS501">
		<comment>Fix reference to KIM type ID which was changed in KFS 5.0 to match new value.</comment>
		<update tableName="KRIM_RSP_ATTR_DATA_T">
			<column name="ATTR_VAL" value="KFS68" />
			<where>KIM_ATTR_DEFN_ID = '46' AND ATTR_VAL = '68'</where>
		</update>
	</changeSet>
	
	<changeSet id="REMOVE_ENDOW_TICKLER_WORKFLOW_ADMIN_PERM" author="KFS501">
		<comment>Remove unnecessary workflow admin perm for the Tickler document</comment>
		<delete tableName="KRIM_ROLE_PERM_T">
			<where>perm_id IN (SELECT perm_id FROM KRIM_PERM_T WHERE nmspc_cd = 'KFS-ENDOW' AND nm = 'Administer Routing for Document TicklerMaintenanceDocument')</where>
		</delete>
		<delete tableName="KRIM_PERM_ATTR_DATA_T">
			<where>perm_id IN (SELECT perm_id FROM KRIM_PERM_T WHERE nmspc_cd = 'KFS-ENDOW' AND nm = 'Administer Routing for Document TicklerMaintenanceDocument')</where>
		</delete>
		<delete tableName="KRIM_PERM_T">
			<where>nmspc_cd = 'KFS-ENDOW' AND nm = 'Administer Routing for Document TicklerMaintenanceDocument'</where>
		</delete>
	</changeSet>
	
	<changeSet author="KFS501" id="KFSCNTRB-65">
		<comment>KFSCNTRB-65 Create permission to access locked modules and grant to KFS-SYS Operations</comment>
		<insert tableName="KRIM_PERM_T">
			<column name="PERM_ID" value="KFSCNTRB65-PRM1" />
			<column name="OBJ_ID" valueNumeric="sys_guid() "/>
			<column name="VER_NBR" value="1" />
			<column name="PERM_TMPL_ID" valueNumeric=" (select perm_tmpl_id from KRIM_PERM_TMPL_T where nmspc_cd = 'KUALI' and nm = 'Default') " />
			<column name="NMSPC_CD" value="KR-SYS" />
			<column name="NM" value="Access Locked Module" />
			<column name="DESC_TXT" value="Allow access to modules, even when locked." />
			<column name="ACTV_IND" value="Y" />
		</insert>
		<modifySql dbms='mysql'>
	      <replace replace="sys_guid()" with="uuid()" />
	    </modifySql>
	</changeSet>
	

	<changeSet id="KFSMI-9598-ADD_SUPERUSER_TAB_USE_PERMISSIONS" author="KFS501">
		<comment>Add the necessary KIM data for the Rice permission which is used to grant access to the superuser tab on documents.</comment>

		<insert tableName="KRIM_PERM_T">
			<column name="PERM_ID" value="KFSMI9598-PRM1" />
			<column name="OBJ_ID" value="KFSMI9598-PRM1" />
			<column name="VER_NBR" valueNumeric="1" />
			<column name="PERM_TMPL_ID" value="KR1000" />
			<column name="NMSPC_CD" value="KFS-SYS" />
			<column name="NM" value="Super User Approve Single Action Request KFS" />
			<column name="DESC_TXT" value="Allows users to super user approve single action requests on the super user tab for KFS Documents." />
			<column name="ACTV_IND" value="Y" />
		</insert>

		<insert tableName="KRIM_PERM_ATTR_DATA_T">
			<column name="ATTR_DATA_ID" value="KFSMI9598-PRM1ATT" />
			<column name="OBJ_ID" value="KFSMI9598-PRM1ATT" />
			<column name="VER_NBR" valueNumeric="1" />
			<column name="PERM_ID" value="KFSMI9598-PRM1" />
			<column name="KIM_TYP_ID" value="KR1000" />
			<column name="KIM_ATTR_DEFN_ID" value="13" />
			<column name="ATTR_VAL" value="KFS" />
		</insert>

		<insert tableName="KRIM_ROLE_PERM_T">
			<column name="ROLE_PERM_ID" value="KFSMI9598-RLPRM1" />
			<column name="OBJ_ID" value="KFSMI9598-RLPRM1" />
			<column name="VER_NBR" valueNumeric="1" />
			<column name="ROLE_ID" value="45" />
			<column name="PERM_ID" value="KFSMI9598-PRM1" />
			<column name="ACTV_IND" value="Y" />
		</insert>
		
		<insert tableName="KRIM_PERM_T">
			<column name="PERM_ID" value="KFSMI9598-PRM2" />
			<column name="OBJ_ID" value="KFSMI9598-PRM2" />
			<column name="VER_NBR" valueNumeric="1" />
			<column name="PERM_TMPL_ID" value="KR1001" />
			<column name="NMSPC_CD" value="KFS-SYS" />
			<column name="NM" value="Super User Approve Document KFS" />
			<column name="DESC_TXT" value="Allows users to super user approve documents on the super user tab for KFS Documents." />
			<column name="ACTV_IND" value="Y" />
		</insert>

		<insert tableName="KRIM_PERM_ATTR_DATA_T">
			<column name="ATTR_DATA_ID" value="KFSMI9598-PRM2ATT" />
			<column name="OBJ_ID" value="KFSMI9598-PRM2ATT" />
			<column name="VER_NBR" valueNumeric="1" />
			<column name="PERM_ID" value="KFSMI9598-PRM2" />
			<column name="KIM_TYP_ID" value="KR1000" />
			<column name="KIM_ATTR_DEFN_ID" value="13" />
			<column name="ATTR_VAL" value="KFS" />
		</insert>

		<insert tableName="KRIM_ROLE_PERM_T">
			<column name="ROLE_PERM_ID" value="KFSMI9598-RLPRM2" />
			<column name="OBJ_ID" value="KFSMI9598-RLPRM2" />
			<column name="VER_NBR" valueNumeric="1" />
			<column name="ROLE_ID" value="45" />
			<column name="PERM_ID" value="KFSMI9598-PRM2" />
			<column name="ACTV_IND" value="Y" />
		</insert>

		<insert tableName="KRIM_PERM_T">
			<column name="PERM_ID" value="KFSMI9598-PRM3" />
			<column name="OBJ_ID" value="KFSMI9598-PRM3" />
			<column name="VER_NBR" valueNumeric="1" />
			<column name="PERM_TMPL_ID" value="KR1002" />
			<column name="NMSPC_CD" value="KFS-SYS" />
			<column name="NM" value="Super User Disapprove Document KFS" />
			<column name="DESC_TXT" value="Allows users to super user disapprove documents on the super user tab for KFS Documents." />
			<column name="ACTV_IND" value="Y" />
		</insert>

		<insert tableName="KRIM_PERM_ATTR_DATA_T">
			<column name="ATTR_DATA_ID" value="KFSMI9598-PRM3ATT" />
			<column name="OBJ_ID" value="KFSMI9598-PRM3ATT" />
			<column name="VER_NBR" valueNumeric="1" />
			<column name="PERM_ID" value="KFSMI9598-PRM3" />
			<column name="KIM_TYP_ID" value="KR1000" />
			<column name="KIM_ATTR_DEFN_ID" value="13" />
			<column name="ATTR_VAL" value="KFS" />
		</insert>

		<insert tableName="KRIM_ROLE_PERM_T">
			<column name="ROLE_PERM_ID" value="KFSMI9598-RLPRM3" />
			<column name="OBJ_ID" value="KFSMI9598-RLPRM3" />
			<column name="VER_NBR" valueNumeric="1" />
			<column name="ROLE_ID" value="45" />
			<column name="PERM_ID" value="KFSMI9598-PRM3" />
			<column name="ACTV_IND" value="Y" />
		</insert>

	</changeSet>

	<changeSet author="KFS501" id="FIX_NAMESPACE_ON_TYPE_SERVICES">
		<comment>For Bus security to work properly, the service namespace must be an URI instead of "KFS"</comment>
		<sql>
			UPDATE KRIM_TYP_T 
			    SET SRVC_NM = REPLACE(SRVC_NM,'{KFS}','{http://kfs.kuali.org/kfs/v5_0}')
			WHERE SRVC_NM LIKE '{KFS}%'
		</sql>
	</changeSet>

	<changeSet id="REMOVE_KIM_ATTRIBUTE_ID_HYPHENS" author="KFS501">
		<comment>
			The Rice 2.1.2 Role document has problems with editing roles which have hyphens in the KIM_ATTR_DEFN_ID value.  
			This SQL replaces them with underscores.
			This change may no longer be necessary once https://jira.kuali.org/browse/KULRICE-8513 is resolved.
		</comment>
		<sql>
			INSERT INTO KRIM_ATTR_DEFN_T(KIM_ATTR_DEFN_ID, OBJ_ID, VER_NBR, NM, LBL, ACTV_IND, NMSPC_CD, CMPNT_NM) 
			    ( SELECT REPLACE( KIM_ATTR_DEFN_ID, '-', '_' ), REPLACE( KIM_ATTR_DEFN_ID, '-', '_' ), 1, NM, LBL, ACTV_IND, NMSPC_CD, CMPNT_NM
			        FROM KRIM_ATTR_DEFN_T
			         WHERE KIM_ATTR_DEFN_ID LIKE '%-%'
			)
		</sql>
		<sql>
			UPDATE KRIM_ATTR_DEFN_T
			    SET ACTV_IND = 'N'
			    WHERE KIM_ATTR_DEFN_ID LIKE '%-%'
		</sql>
		<sql>
			UPDATE KRIM_TYP_ATTR_T
			    SET KIM_ATTR_DEFN_ID = REPLACE( KIM_ATTR_DEFN_ID, '-', '_' )
			    WHERE KIM_ATTR_DEFN_ID LIKE '%-%'
		</sql>
		<sql>
			UPDATE KRIM_ROLE_MBR_ATTR_DATA_T
			    SET KIM_ATTR_DEFN_ID = REPLACE( KIM_ATTR_DEFN_ID, '-', '_' )
			    WHERE KIM_ATTR_DEFN_ID LIKE '%-%'
		</sql>
		<sql>
			UPDATE KRIM_RSP_ATTR_DATA_T
			    SET KIM_ATTR_DEFN_ID = REPLACE( KIM_ATTR_DEFN_ID, '-', '_' )
			    WHERE KIM_ATTR_DEFN_ID LIKE '%-%'
		</sql>
		<sql>
			UPDATE KRIM_PND_ROLE_MBR_ATTR_DATA_MT
			    SET KIM_ATTR_DEFN_ID = REPLACE( KIM_ATTR_DEFN_ID, '-', '_' )
			    WHERE KIM_ATTR_DEFN_ID LIKE '%-%'
		</sql>
		<sql>
			UPDATE KRIM_PND_DLGN_MBR_ATTR_DATA_T
			    SET KIM_ATTR_DEFN_ID = REPLACE( KIM_ATTR_DEFN_ID, '-', '_' )
			    WHERE KIM_ATTR_DEFN_ID LIKE '%-%'
		</sql>
		<sql>
			UPDATE KRIM_PND_GRP_ATTR_DATA_T
			    SET KIM_ATTR_DEFN_ID = REPLACE( KIM_ATTR_DEFN_ID, '-', '_' )
			    WHERE KIM_ATTR_DEFN_ID LIKE '%-%'
		</sql>
		<sql>
			UPDATE KRIM_PERM_ATTR_DATA_T
			    SET KIM_ATTR_DEFN_ID = REPLACE( KIM_ATTR_DEFN_ID, '-', '_' )
			    WHERE KIM_ATTR_DEFN_ID LIKE '%-%'
		</sql>
		<sql>	
			UPDATE KRIM_GRP_ATTR_DATA_T
			    SET KIM_ATTR_DEFN_ID = REPLACE( KIM_ATTR_DEFN_ID, '-', '_' )
			    WHERE KIM_ATTR_DEFN_ID LIKE '%-%'
		</sql>
		<sql>
			UPDATE KRIM_DLGN_MBR_ATTR_DATA_T
			    SET KIM_ATTR_DEFN_ID = REPLACE( KIM_ATTR_DEFN_ID, '-', '_' )
			    WHERE KIM_ATTR_DEFN_ID LIKE '%-%'
		</sql>
	</changeSet>

	<changeSet id="REMOVE_FISCAL_PERIOD_MODIFY_PERMS" author="KFS501">
		<comment>The "YearEnd" role and related functionality needs to be backed out due to implementation issues.  Deleting the YearEnd role and related permission assignments.</comment>
		<!--  remove all assignments to the new permissions -->
		<delete tableName="KRIM_ROLE_PERM_T">
			<where>PERM_ID IN ( 'KFSSYS7145a', 'KFSSYS7145b' )</where>
		</delete>
		<!--  clean out the role members -->
		<delete tableName="KRIM_ROLE_MBR_T">
			<where>ROLE_ID IN (select role_id from KRIM_ROLE_T where nmspc_cd = 'KFS-SYS' and role_nm = 'YearEnd')</where>
		</delete>
		<!--  remove the role - this will be replaced by a different role when the functionality is restored -->
		<delete tableName="KRIM_ROLE_T">
			<where>nmspc_cd = 'KFS-SYS' and role_nm = 'YearEnd'</where>
		</delete>
	</changeSet>

	<changeSet author="KFS501" id="PREQ_SU_DISAPPROVE_PERM">
		<comment>KFSMI-9022 : Permission and assignment to allow the "kfs" user to Super-User disapprove PREQ documents.</comment>
		<insert tableName="KRIM_PERM_T">
			<column name="PERM_ID" value="PREQ_SU_DISAPPROVE" />
			<column name="OBJ_ID" valueNumeric="sys_guid() "/>
			<column name="VER_NBR" valueNumeric="1" />
			<column name="PERM_TMPL_ID" valueNumeric=" (select perm_tmpl_id from KRIM_PERM_TMPL_T where nmspc_cd = 'KR-WKFLW' and nm = 'Super User Disapprove Document') " />
			<column name="NMSPC_CD" value="KFS-PURAP" />
			<column name="NM" value="Super User Disapprove PREQ Document" />
			<column name="DESC_TXT" value="Allow super-user disapproval of Payment Request documents." />
			<column name="ACTV_IND" value="Y" />
		</insert>
		<insert tableName="KRIM_ROLE_PERM_T">
			<column name="ROLE_PERM_ID" value="PREQ_SU_DISAPPROVE_SYSUSER" />
			<column name="OBJ_ID" valueNumeric="sys_guid() "/>
			<column name="VER_NBR" valueNumeric="1" />
			<column name="ROLE_ID" valueNumeric=" (select role_id from KRIM_ROLE_T where nmspc_cd = 'KFS-SYS' and role_nm = 'System User') " />
			<column name="PERM_ID" value="PREQ_SU_DISAPPROVE" />
			<column name="ACTV_IND" value="Y" />
		</insert>
		<insert tableName="KRIM_PERM_ATTR_DATA_T">
			<column name="ATTR_DATA_ID" value="PREQ_SU_DISAPPROVE_DOCTYPE" />
			<column name="OBJ_ID" valueNumeric="sys_guid() " />
			<column name="VER_NBR" valueNumeric="1" />
			<column name="PERM_ID" value="PREQ_SU_DISAPPROVE" />
			<column name="KIM_TYP_ID" valueNumeric=" (select kim_typ_id from KRIM_PERM_TMPL_T where nmspc_cd = 'KR-WKFLW' and nm = 'Super User Disapprove Document') "  />
			<column name="KIM_ATTR_DEFN_ID" value="13" />
			<column name="ATTR_VAL" value="PREQ" />
		</insert>
		<modifySql dbms='mysql'>
	      <replace replace="sys_guid()" with="uuid()" />
	    </modifySql>
	</changeSet>

	<changeSet author="KFS501" id="KFSMI9756_FIX_PERMISSIONS_FOR_PDP_MANAGER_UNMASKING">
		<update tableName="KRIM_PERM_T">
			<column name="NM" value="Full Unmask Field PaymentDetail achBankRoutingNbr" />
			<where>nmspc_cd = 'KFS-PDP' AND nm = 'Full Unmask Field PaymentGroup achBankRoutingNbr'</where>
		</update>
		<update tableName="KRIM_PERM_T">
			<column name="NM" value="Full Unmask Field PaymentDetail achBankAccountNbr" />
			<where>nmspc_cd = 'KFS-PDP' AND nm = 'Full Unmask Field AchAccountNumber achBankAccountNbr'</where>
		</update>
		<update tableName="KRIM_PERM_ATTR_DATA_T">
			<column name="ATTR_VAL" value="PaymentDetail" />
			<where>perm_id = (select perm_id from krim_perm_t where nmspc_cd = 'KFS-PDP' AND nm = 'Full Unmask Field PaymentDetail achBankRoutingNbr') 
			and kim_typ_id = (select kim_typ_id from KRIM_TYP_T where nmspc_cd = 'KR-NS' and nm = 'Component Field') 
			and kim_attr_defn_id = (select kim_attr_defn_id from KRIM_ATTR_DEFN_T where nmspc_cd = 'KR-NS' and nm = 'componentName')</where>
		</update>
		<update tableName="KRIM_PERM_ATTR_DATA_T">
			<column name="ATTR_VAL" value="paymentGroup.achBankRoutingNbr" />
			<where>perm_id = (select perm_id from krim_perm_t where nmspc_cd = 'KFS-PDP' AND nm = 'Full Unmask Field PaymentDetail achBankRoutingNbr') 
			and kim_typ_id = (select kim_typ_id from KRIM_TYP_T where nmspc_cd = 'KR-NS' and nm = 'Component Field') 
			and kim_attr_defn_id = (select kim_attr_defn_id from KRIM_ATTR_DEFN_T where nmspc_cd = 'KR-NS' and nm = 'propertyName')</where>
		</update>
		<update tableName="KRIM_PERM_ATTR_DATA_T">
			<column name="ATTR_VAL" value="PaymentDetail" />
			<where>perm_id = (select perm_id from krim_perm_t where nmspc_cd = 'KFS-PDP' AND nm = 'Full Unmask Field PaymentDetail achBankAccountNbr') 
			and kim_typ_id = (select kim_typ_id from KRIM_TYP_T where nmspc_cd = 'KR-NS' and nm = 'Component Field') 
			and kim_attr_defn_id = (select kim_attr_defn_id from KRIM_ATTR_DEFN_T where nmspc_cd = 'KR-NS' and nm = 'componentName')</where>
		</update>
		<update tableName="KRIM_PERM_ATTR_DATA_T">
			<column name="ATTR_VAL" value="paymentGroup.achAccountNumber.achBankAccountNbr" />
			<where>perm_id = (select perm_id from krim_perm_t where nmspc_cd = 'KFS-PDP' AND nm = 'Full Unmask Field PaymentDetail achBankAccountNbr') 
			and kim_typ_id = (select kim_typ_id from KRIM_TYP_T where nmspc_cd = 'KR-NS' and nm = 'Component Field') 
			and kim_attr_defn_id = (select kim_attr_defn_id from KRIM_ATTR_DEFN_T where nmspc_cd = 'KR-NS' and nm = 'propertyName')</where>
		</update>
	</changeSet>

<!-- 
	<changeSet author="KFS502" id="SAMPLE_NEW_PERM">
		<insert tableName="KRIM_PERM_T">
			<column name="PERM_ID" value="KFSAR6012" />
			<column name="OBJ_ID" value="KFSAR6012" />
			<column name="VER_NBR" valueNumeric="1" />
			<column name="PERM_TMPL_ID" value="33" />
			<column name="NMSPC_CD" value="KFS-AR" />
			<column name="NM" value="Upload Customer CSV Files" />
			<column name="DESC_TXT"
				value="Allows access to the Customer Upload Batch Upload page." />
			<column name="ACTV_IND" value="Y" />
		</insert>
		<insert tableName="KRIM_PERM_ATTR_DATA_T">
			<column name="ATTR_DATA_ID" value="KFSAR6012-1" />
			<column name="OBJ_ID" value="KFSAR6012-1" />
			<column name="VER_NBR" valueNumeric="1" />
			<column name="PERM_ID" value="KFSAR6012" />
			<column name="KIM_TYP_ID" value="15" />
			<column name="KIM_ATTR_DEFN_ID" value="1" />
			<column name="ATTR_VAL" value="customerLoadCSVInputFileType" />
		</insert>
		<insert tableName="KRIM_ROLE_PERM_T">
			<column name="ROLE_PERM_ID" value="KFSAR6012-1" />
			<column name="OBJ_ID" value="KFSAR6012-1" />
			<column name="VER_NBR" valueNumeric="1" />
			<column name="ROLE_ID" value="2" />
			<column name="PERM_ID" value="KFSAR6012" />
			<column name="ACTV_IND" value="Y" />
		</insert>
	</changeSet>
	
	<changeSet author="KFS50" id="SAMPLE_NEW_RESPONSIBILITY">		
		<insert tableName="KRIM_RSP_T">
			<column name="RSP_ID" value="126" />
			<column name="OBJ_ID" value="KFSPURAP7037" />
			<column name="VER_NBR" valueNumeric="1" />
			<column name="RSP_TMPL_ID" value="1" />
			<column name="NMSPC_CD" value="KFS-FP" />
			<column name="NM" value="Review DV SeparationOfDuties" />
			<column name="DESC_TXT" value="" />
			<column name="ACTV_IND" value="Y" />
		</insert>
		<insert tableName="KRIM_RSP_ATTR_DATA_T">
			<column name="ATTR_DATA_ID" value="KFSFP7037A" />
			<column name="OBJ_ID" value="KFSFP7037A" />
			<column name="VER_NBR" valueNumeric="1" />
			<column name="RSP_ID" value="126" />
			<column name="KIM_TYP_ID" value="7" />
			<column name="KIM_ATTR_DEFN_ID" value="41" />
			<column name="ATTR_VAL" value="false" />
		</insert>
		<insert tableName="KRIM_RSP_ATTR_DATA_T">
			<column name="ATTR_DATA_ID" value="KFSFP7037B" />
			<column name="OBJ_ID" value="KFSFP7037B" />
			<column name="VER_NBR" valueNumeric="1" />
			<column name="RSP_ID" value="126" />
			<column name="KIM_TYP_ID" value="7" />
			<column name="KIM_ATTR_DEFN_ID" value="16" />
			<column name="ATTR_VAL" value="SeparationOfDuties" />
		</insert>
		<insert tableName="KRIM_RSP_ATTR_DATA_T">
			<column name="ATTR_DATA_ID" value="KFSFP7037C" />
			<column name="OBJ_ID" value="KFSFP7037C" />
			<column name="VER_NBR" valueNumeric="1" />
			<column name="RSP_ID" value="126" />
			<column name="KIM_TYP_ID" value="7" />
			<column name="KIM_ATTR_DEFN_ID" value="13" />
			<column name="ATTR_VAL" value="DV" />
		</insert>
		<insert tableName="KRIM_RSP_ATTR_DATA_T">
			<column name="ATTR_DATA_ID" value="KFSFP7037D" />
			<column name="OBJ_ID" value="KFSFP7037D" />
			<column name="VER_NBR" valueNumeric="1" />
			<column name="RSP_ID" value="126" />
			<column name="KIM_TYP_ID" value="7" />
			<column name="KIM_ATTR_DEFN_ID" value="40" />
			<column name="ATTR_VAL" value="false" />
		</insert>
		<insert tableName="KRIM_ROLE_RSP_T">
			<column name="ROLE_RSP_ID" value="KFSFP7037A" />
			<column name="OBJ_ID" value="KFSFP7037A" />
			<column name="VER_NBR" valueNumeric="4" />
			<column name="ROLE_ID" value="55" />
			<column name="RSP_ID" value="126" />
			<column name="ACTV_IND" value="Y" />
		</insert>
		<insert tableName="KRIM_ROLE_RSP_ACTN_T">
			<column name="ROLE_RSP_ACTN_ID" value="KFSFP7037A" />
			<column name="OBJ_ID" value="KFSFP7037A" />
			<column name="VER_NBR" valueNumeric="1" />
			<column name="ACTN_TYP_CD" value="A" />
			<column name="PRIORITY_NBR" valueNumeric="1" />
			<column name="ACTN_PLCY_CD" value="F" />
			<column name="ROLE_MBR_ID" value="*" />
			<column name="ROLE_RSP_ID" value="KFSFP7037A" />
			<column name="FRC_ACTN" value="N" />
		</insert>
	</changeSet>


	<changeSet author="KFS50" id="SAMPLE_ROLE_TYPE">
		<insert tableName="KRIM_ATTR_DEFN_T">
			<column name="KIM_ATTR_DEFN_ID" value="KFSCNTRB199-ATTRDEF1" />
			<column name="OBJ_ID" value="KFSCNTRB199-ATTRDEF1"/>
			<column name="VER_NBR" value="1" />
			<column name="NMSPC_CD" value="KFS-SYS" />
			<column name="NM" value="filePath" />
			<column name="CMPNT_NM" value="org.kuali.kfs.sys.identity.KfsKimAttributes" />
			<column name="ACTV_IND" value="Y" />
		</insert>
		<insert tableName="KRIM_TYP_T">
			<column name="KIM_TYP_ID" value="KFSCNTRB199-TYP1"/>
			<column name="OBJ_ID" value="KFSCNTRB199-TYP1"/>
			<column name="VER_NBR" value="1" />
			<column name="NMSPC_CD" value="KFS-SYS" />
			<column name="NM" value="Namespace or File Path" />
			<column name="SRVC_NM" value="{KFS}namespaceOrFilePathPermissionTypeService" />
			<column name="ACTV_IND" value="Y" />
		</insert>
		<insert tableName="KRIM_TYP_ATTR_T">
			<column name="KIM_TYP_ATTR_ID" value="KFSCNTRB199-TYPATTR1" />
			<column name="OBJ_ID" value="KFSCNTRB199-TYPATTR1"/>
			<column name="VER_NBR" value="1" />
			<column name="SORT_CD" value="a" />
			<column name="KIM_TYP_ID" value="KFSCNTRB199-TYP1" />
			<column name="KIM_ATTR_DEFN_ID" value="4" />
			<column name="ACTV_IND" value="Y" />
		</insert>
		<insert tableName="KRIM_TYP_ATTR_T">
			<column name="KIM_TYP_ATTR_ID" value="KFSCNTRB199-TYPATTR2" />
			<column name="OBJ_ID" value="KFSCNTRB199-TYPATTR2"/>
			<column name="VER_NBR" value="1" />
			<column name="SORT_CD" value="b" />
			<column name="KIM_TYP_ID" value="KFSCNTRB199-TYP1" />
			<column name="KIM_ATTR_DEFN_ID" value="KFSCNTRB199-ATTRDEF1" />
			<column name="ACTV_IND" value="Y" />
		</insert>
		
	</changeSet>
-->

</databaseChangeLog>
