<!--
    Copyright 2012 The Kuali Foundation

    Licensed under the Educational Community License, Version 2.0 (the "License");
    you may not use this file except in compliance with the License.
    You may obtain a copy of the License at

    http://www.opensource.org/licenses/ecl2.php

    Unless required by applicable law or agreed to in writing, software
    distributed under the License is distributed on an "AS IS" BASIS,
    WITHOUT WARRANTIES OR CONDITIONS OF ANY KIND, either express or implied.
    See the License for the specific language governing permissions and
    limitations under the License.
-->
<databaseChangeLog xmlns='http://www.liquibase.org/xml/ns/dbchangelog'
	xmlns:xsi='http://www.w3.org/2001/XMLSchema-instance'
	xsi:schemaLocation='http://www.liquibase.org/xml/ns/dbchangelog http://www.liquibase.org/xml/ns/dbchangelog/dbchangelog-2.0.xsd'>
	
	<changeSet author="KFS50" id="KFSCNTRB-65">
		<comment>KFSCNTRB-65 Create new system parameters for lock and unlock module</comment>
		<insert tableName="KRCR_PARM_T">
			<column name="NMSPC_CD" value="KFS-FP" />
			<column name="CMPNT_CD" value="All" />
			<column name="PARM_NM" value="OLTP_LOCKOUT_ACTIVE_IND" />
			<column name="VAL" value="N" />
			<column name="OBJ_ID" valueNumeric="sys_guid() " />
			<column name="VER_NBR" valueNumeric="1" />
			<column name="PARM_TYP_CD" value="CONFG" />
			<column name="PARM_DESC_TXT" value="Y/N indicator showing if the financial processing module is currently unavailable for Online Transaction Processing (OLTP). Y means the module is currently locked and cannot be used. N means the module is unlocked and available for use." />
			<column name="EVAL_OPRTR_CD" value="A" />
			<column name="APPL_ID" value="KFS" />
		</insert>
		<insert tableName="KRCR_PARM_T">
			<column name="NMSPC_CD" value="KFS-CAM" />
			<column name="CMPNT_CD" value="All" />
			<column name="PARM_NM" value="OLTP_LOCKOUT_ACTIVE_IND" />
			<column name="VAL" value="N" />
			<column name="OBJ_ID" valueNumeric="sys_guid() " />
			<column name="VER_NBR" valueNumeric="1" />
			<column name="PARM_TYP_CD" value="CONFG" />
			<column name="PARM_DESC_TXT" value="Y/N indicator showing if the capital asset management module is currently unavailable for Online Transaction Processing (OLTP). Y means the module is currently locked and cannot be used. N means the module is unlocked and available for use." />
			<column name="EVAL_OPRTR_CD" value="A" />
			<column name="APPL_ID" value="KFS" />
		</insert>
		<insert tableName="KRCR_PARM_T">
			<column name="NMSPC_CD" value="KFS-COA" />
			<column name="CMPNT_CD" value="All" />
			<column name="PARM_NM" value="OLTP_LOCKOUT_ACTIVE_IND" />
			<column name="VAL" value="N" />
			<column name="OBJ_ID" valueNumeric="sys_guid() " />
			<column name="VER_NBR" valueNumeric="1" />
			<column name="PARM_TYP_CD" value="CONFG" />
			<column name="PARM_DESC_TXT" value="Y/N indicator showing if the chart of account module is currently unavailable for Online Transaction Processing (OLTP). Y means the module is currently locked and cannot be used. N means the module is unlocked and available for use." />
			<column name="EVAL_OPRTR_CD" value="A" />
			<column name="APPL_ID" value="KFS" />
		</insert>
		<insert tableName="KRCR_PARM_T">
			<column name="NMSPC_CD" value="KFS-AR" />
			<column name="CMPNT_CD" value="All" />
			<column name="PARM_NM" value="OLTP_LOCKOUT_ACTIVE_IND" />
			<column name="VAL" value="N" />
			<column name="OBJ_ID" valueNumeric="sys_guid() " />
			<column name="VER_NBR" valueNumeric="1" />
			<column name="PARM_TYP_CD" value="CONFG" />
			<column name="PARM_DESC_TXT" value="Y/N indicator showing if the account receivable module is currently unavailable for Online Transaction Processing (OLTP). Y means the module is currently locked and cannot be used. N means the module is unlocked and available for use." />
			<column name="EVAL_OPRTR_CD" value="A" />
			<column name="APPL_ID" value="KFS" />
		</insert>
		<insert tableName="KRCR_PARM_T">
			<column name="NMSPC_CD" value="KFS-LD" />
			<column name="CMPNT_CD" value="All" />
			<column name="PARM_NM" value="OLTP_LOCKOUT_ACTIVE_IND" />
			<column name="VAL" value="N" />
			<column name="OBJ_ID" valueNumeric="sys_guid() " />
			<column name="VER_NBR" valueNumeric="1" />
			<column name="PARM_TYP_CD" value="CONFG" />
			<column name="PARM_DESC_TXT" value="Y/N indicator showing if the labor distribution module is currently unavailable for Online Transaction Processing (OLTP). Y means the module is currently locked and cannot be used. N means the module is unlocked and available for use." />
			<column name="EVAL_OPRTR_CD" value="A" />
			<column name="APPL_ID" value="KFS" />
		</insert>
		<insert tableName="KRCR_PARM_T">
			<column name="NMSPC_CD" value="KFS-GL" />
			<column name="CMPNT_CD" value="All" />
			<column name="PARM_NM" value="OLTP_LOCKOUT_ACTIVE_IND" />
			<column name="VAL" value="N" />
			<column name="OBJ_ID" valueNumeric="sys_guid() " />
			<column name="VER_NBR" valueNumeric="1" />
			<column name="PARM_TYP_CD" value="CONFG" />
			<column name="PARM_DESC_TXT" value="Y/N indicator showing if the general ledger module is currently unavailable for Online Transaction Processing (OLTP). Y means the module is currently locked and cannot be used. N means the module is unlocked and available for use." />
			<column name="EVAL_OPRTR_CD" value="A" />
			<column name="APPL_ID" value="KFS" />
		</insert>
		<insert tableName="KRCR_PARM_T">
			<column name="NMSPC_CD" value="KFS-BC" />
			<column name="CMPNT_CD" value="All" />
			<column name="PARM_NM" value="OLTP_LOCKOUT_ACTIVE_IND" />
			<column name="VAL" value="N" />
			<column name="OBJ_ID" valueNumeric="sys_guid() " />
			<column name="VER_NBR" valueNumeric="1" />
			<column name="PARM_TYP_CD" value="CONFG" />
			<column name="PARM_DESC_TXT" value="Y/N indicator showing if the budget construction module is currently unavailable for Online Transaction Processing (OLTP). Y means the module is currently locked and cannot be used. N means the module is unlocked and available for use." />
			<column name="EVAL_OPRTR_CD" value="A" />
			<column name="APPL_ID" value="KFS" />
		</insert>
		<insert tableName="KRCR_PARM_T">
			<column name="NMSPC_CD" value="KFS-CAB" />
			<column name="CMPNT_CD" value="All" />
			<column name="PARM_NM" value="OLTP_LOCKOUT_ACTIVE_IND" />
			<column name="VAL" value="N" />
			<column name="OBJ_ID" valueNumeric="sys_guid() " />
			<column name="VER_NBR" valueNumeric="1" />
			<column name="PARM_TYP_CD" value="CONFG" />
			<column name="PARM_DESC_TXT" value="Y/N indicator showing if the capital asset module is currently unavailable for Online Transaction Processing (OLTP). Y means the module is currently locked and cannot be used. N means the module is unlocked and available for use.  " />
			<column name="EVAL_OPRTR_CD" value="A" />
			<column name="APPL_ID" value="KFS" />
		</insert>
		<insert tableName="KRCR_PARM_T">
			<column name="NMSPC_CD" value="KFS-PURAP" />
			<column name="CMPNT_CD" value="All" />
			<column name="PARM_NM" value="OLTP_LOCKOUT_ACTIVE_IND" />
			<column name="VAL" value="N" />
			<column name="OBJ_ID" valueNumeric="sys_guid() " />
			<column name="VER_NBR" valueNumeric="1" />
			<column name="PARM_TYP_CD" value="CONFG" />
			<column name="PARM_DESC_TXT" value="Y/N indicator showing if the purchasing account/payable module is currently unavailable for Online Transaction Processing (OLTP). Y means the module is currently locked and cannot be used. N means the module is unlocked and available for use.  " />
			<column name="EVAL_OPRTR_CD" value="A" />
			<column name="APPL_ID" value="KFS" />
		</insert>
		<insert tableName="KRCR_PARM_T">
			<column name="NMSPC_CD" value="KFS-SYS" />
			<column name="CMPNT_CD" value="All" />
			<column name="PARM_NM" value="OLTP_LOCKOUT_ACTIVE_IND" />
			<column name="VAL" value="N" />
			<column name="OBJ_ID" valueNumeric="sys_guid() " />
			<column name="VER_NBR" valueNumeric="1" />
			<column name="PARM_TYP_CD" value="CONFG" />
			<column name="PARM_DESC_TXT" value="Y/N indicator showing if the system module is currently unavailable for Online Transaction Processing (OLTP). Y means the module is currently locked and cannot be used. N means the module is unlocked and available for use." />
			<column name="EVAL_OPRTR_CD" value="A" />
			<column name="APPL_ID" value="KFS" />
		</insert>
		<insert tableName="KRCR_PARM_T">
			<column name="NMSPC_CD" value="KFS-VND" />
			<column name="CMPNT_CD" value="All" />
			<column name="PARM_NM" value="OLTP_LOCKOUT_ACTIVE_IND" />
			<column name="VAL" value="N" />
			<column name="OBJ_ID" valueNumeric="sys_guid() " />
			<column name="VER_NBR" valueNumeric="1" />
			<column name="PARM_TYP_CD" value="CONFG" />
			<column name="PARM_DESC_TXT" value="Y/N indicator showing if the vendor module is currently unavailable for Online Transaction Processing (OLTP). Y means the module is currently locked and cannot be used. N means the module is unlocked and available for use." />
			<column name="EVAL_OPRTR_CD" value="A" />
			<column name="APPL_ID" value="KFS" />
		</insert>
		<insert tableName="KRCR_PARM_T">
			<column name="NMSPC_CD" value="KFS-EC" />
			<column name="CMPNT_CD" value="All" />
			<column name="PARM_NM" value="OLTP_LOCKOUT_ACTIVE_IND" />
			<column name="VAL" value="N" />
			<column name="OBJ_ID" valueNumeric="sys_guid() " />
			<column name="VER_NBR" valueNumeric="1" />
			<column name="PARM_TYP_CD" value="CONFG" />
			<column name="PARM_DESC_TXT" value="Y/N indicator showing if the effort certification module is currently unavailable for Online Transaction Processing (OLTP). Y means the module is currently locked and cannot be used. N means the module is unlocked and available for use." />
			<column name="EVAL_OPRTR_CD" value="A" />
			<column name="APPL_ID" value="KFS" />
		</insert>
		<insert tableName="KRCR_PARM_T">
			<column name="NMSPC_CD" value="KFS-PDP" />
			<column name="CMPNT_CD" value="All" />
			<column name="PARM_NM" value="OLTP_LOCKOUT_ACTIVE_IND" />
			<column name="VAL" value="N" />
			<column name="OBJ_ID" valueNumeric="sys_guid() " />
			<column name="VER_NBR" valueNumeric="1" />
			<column name="PARM_TYP_CD" value="CONFG" />
			<column name="PARM_DESC_TXT" value="Y/N indicator showing if the pre-disbursement module is currently unavailable for Online Transaction Processing (OLTP). Y means the module is currently locked and cannot be used. N means the module is unlocked and available for use.  " />
			<column name="EVAL_OPRTR_CD" value="A" />
			<column name="APPL_ID" value="KFS" />
		</insert>
		<insert tableName="KRCR_PARM_T">
			<column name="NMSPC_CD" value="KFS-ENDOW" />
			<column name="CMPNT_CD" value="All" />
			<column name="PARM_NM" value="OLTP_LOCKOUT_ACTIVE_IND" />
			<column name="VAL" value="N" />
			<column name="OBJ_ID" valueNumeric="sys_guid() " />
			<column name="VER_NBR" valueNumeric="1" />
			<column name="PARM_TYP_CD" value="CONFG" />
			<column name="PARM_DESC_TXT" value="Y/N indicator showing if the endowment module is currently unavailable for Online Transaction Processing (OLTP). Y means the module is currently locked and cannot be used. N means the module is unlocked and available for use." />
			<column name="EVAL_OPRTR_CD" value="A" />
			<column name="APPL_ID" value="KFS" />
		</insert>
		<insert tableName="KRCR_PARM_T">
			<column name="NMSPC_CD" value="KFS-CG" />
			<column name="CMPNT_CD" value="All" />
			<column name="PARM_NM" value="OLTP_LOCKOUT_ACTIVE_IND" />
			<column name="VAL" value="N" />
			<column name="OBJ_ID" valueNumeric="sys_guid() " />
			<column name="VER_NBR" valueNumeric="1" />
			<column name="PARM_TYP_CD" value="CONFG" />
			<column name="PARM_DESC_TXT" value="Y/N indicator showing if the contracts and grants module is currently unavailable for Online Transaction Processing (OLTP). Y means the module is currently locked and cannot be used. N means the module is unlocked and available for use." />
			<column name="EVAL_OPRTR_CD" value="A" />
			<column name="APPL_ID" value="KFS" />
		</insert>
		<modifySql dbms="mysql">
	      <replace replace="sys_guid()" with="uuid()" />
	    </modifySql>
	</changeSet>
	
	<changeSet author="KFS501" id="KFSCNTRB873_WORKSTUDY_OBJECT_CODES_PARAMETER">
		<comment>Adds parameter to specify which object codes to force workstudy routing for ST and ECD docs</comment>
		<insert tableName="KRCR_PARM_T">
			<column name="NMSPC_CD" value="KFS-SYS" />
			<column name="CMPNT_CD" value="Document" />
			<column name="PARM_NM" value="WORKSTUDY_ROUTE_OBJECT_CODES" />
			<column name="APPL_ID" value="KFS" />
			<column name="OBJ_ID" valueNumeric="sys_guid() " />
			<column name="VER_NBR" value="1" />
			<column name="PARM_TYP_CD" value="CONFG" />
			<column name="VAL" value="" />
			<column name="PARM_DESC_TXT" value="Object codes that trigger workstudy routing on Salary Transfer and Effort Certification Documents." />
			<column name="EVAL_OPRTR_CD" value="A" />
		</insert>
	    <modifySql dbms="mysql">
	      <replace replace="sys_guid()" with="uuid()" />
	    </modifySql>
	</changeSet>
	
	<changeSet author="KFS501" id="KFSMI9651_UPDATE_TAXABLE_OBJECT_PARAMETERS">
		<comment>Update parm values to facilitate Sales/Use Tax testing. Old values were not allowed on REQS and so cannot be used to test tax exemptions/exceptions.</comment>
		<update tableName="KRCR_PARM_T">
			<column name="VAL"
				value="TRVL" />
			<where>NMSPC_CD='KFS-PURAP' AND PARM_NM='TAXABLE_OBJECT_CONSOLIDATIONS_FOR_NON_TAXABLE_STATES' AND APPL_ID = 'KFS'</where>
		</update>
		<update tableName="KRCR_PARM_T">
			<column name="VAL"
				value="CPTL" />
			<where>NMSPC_CD='KFS-PURAP' AND PARM_NM='TAXABLE_OBJECT_CONSOLIDATIONS_FOR_TAXABLE_STATES' AND APPL_ID = 'KFS'</where>
		</update>
		<update tableName="KRCR_PARM_T">
			<column name="VAL"
				value="ADV" />
			<where>NMSPC_CD='KFS-PURAP' AND PARM_NM='TAXABLE_OBJECT_LEVELS_FOR_NON_TAXABLE_STATES' AND APPL_ID = 'KFS'</where>
		</update>
	</changeSet>

	<changeSet author="KFS501" id="KFSMI9670_CFDA_LOOKUP_REFERENCE_KC">
		<comment>Update CFDA Batch parm values to move back to CG from COA to support looking up CFDA from KC when integrated.</comment>
		<update tableName="KRCR_PARM_T">
			<column name="NMSPC_CD"
				value="KFS-CG" />
			<where>NMSPC_CD='KFS-COA' AND CMPNT_CD='CfdaBatchStep'</where>
		</update>
	</changeSet>

</databaseChangeLog>