<data xmlns="ns:workflow" xsi:schemaLocation="ns:workflow resource:WorkflowData"
	xmlns:xsi="http://www.w3.org/2001/XMLSchema-instance">
	<ruleAttributes xmlns="ns:workflow/RuleAttribute"
		xsi:schemaLocation="ns:workflow/RuleAttribute resource:RuleAttribute">
		<ruleAttribute>
			<name>TravelDocumentSearchCustomizer</name>
			<label>TEM Document Search Customizer</label>
			<className>{http://kfs.kuali.org/kfs/v5_0}TravelDocumentSearchCustomizer
			</className>
			<type>DocumentSearchCustomizer</type>
			<applicationId>KFS</applicationId>
		</ruleAttribute>
		<ruleAttribute>
			<name>TemFinancialSystemSearchableAttribute</name>
			<className>{http://kfs.kuali.org/kfs/v5_0}TemFinancialSystemSearchableAttribute
			</className>
			<label>TEM Searchable Attribute</label>
			<description>TEM Searchable Attribute</description>
			<type>SearchableAttribute</type>
			<applicationId>KFS</applicationId>
		</ruleAttribute>
		<ruleAttribute>
			<name>TemSecurityAttribute</name>
			<className>org.kuali.kfs.module.tem.document.workflow.TEMSecurityAttribute
			</className>
			<label>Travel &amp; Entertainment Security Attribute</label>
			<description>Hides from document search unless user is allowed to open document according to KIM</description>
			<type>DocumentSecurityAttribute</type>
			<applicationId>KFS</applicationId>
		</ruleAttribute>
	</ruleAttributes>
	<documentTypes xmlns="ns:workflow/DocumentType"
		xsi:schemaLocation="ns:workflow/DocumentType resource:DocumentType">
		<documentType>
			<name>
				TTSM
			</name>
			<parent>
				FSSM
			</parent>
			<label>
				TemSimpleMaintenanceDocument
			</label>
			<active>
				true
			</active>
			<routingVersion>
				2
			</routingVersion>
		</documentType>
		<documentType>
			<name>
				TTCM
			</name>
			<parent>
				KFSM
			</parent>
			<label>
				TemComplexMaintenanceDocument
			</label>
			<active>
				true
			</active>
			<routingVersion>
				2
			</routingVersion>
		</documentType>
		<documentType>
			<name>
				TT
			</name>
			<parent>
				KFST
			</parent>
			<label>TravelTransactionalDocument</label>
			<active>
				true
			</active>
			<!-- DOES THIS STILL WORK IN RICE 2.0? -->
			<!-- security> <securityAttribute class="org.kuali.kfs.module.tem.document.workflow.TEMSecurityAttribute"/> 
				</security -->
			<routingVersion>
				1
			</routingVersion>
		</documentType>
		<documentType>
			<name>TAS</name>
			<label>Airfare Source</label>
			<parent>TTSM</parent>
		</documentType>
		<documentType>
			<name>TAT</name>
			<label>Accommodation Type</label>
			<parent>TTSM</parent>
		</documentType>
		<documentType>
			<name>TCOS</name>
			<label>Class Of Service</label>
			<parent>TTSM</parent>
		</documentType>
		<documentType>
			<name>TCRT</name>
			<label>Contact Relationship Type</label>
			<parent>TTSM</parent>
		</documentType>
		<documentType>
			<name>TMR</name>
			<label>Mileage Rate</label>
			<parent>TTSM</parent>
		</documentType>
		<documentType>
			<name>TPD</name>
			<label>Per Diem</label>
			<parent>TTSM</parent>
		</documentType>
		<documentType>
			<name>TSCQ</name>
			<label>Special Circumstances Question</label>
			<parent>TTSM</parent>
		</documentType>
		<documentType>
			<name>TTM</name>
			<label>Transportation Mode</label>
			<parent>TTSM</parent>
		</documentType>
		<documentType>
			<name>TTRT</name>
			<label>Trip Type</label>
			<parent>TTSM</parent>
		</documentType>
		<documentType>
			<name>TAPR</name>
			<label>Advance Payment Reason</label>
			<parent>TTSM</parent>
		</documentType>
		<documentType>
			<name>TRR</name>
			<label>Relocation Reason</label>
			<parent>TTSM</parent>
		</documentType>
		<documentType>
			<name>TJC</name>
			<label>Job Classification</label>
			<parent>TTSM</parent>
		</documentType>
		<documentType>
      		<name>ETC</name>
      		<label>Expense Type</label>
      		<parent>TTSM</parent>
    	</documentType>
    	<documentType>
      		<name>ETOC</name>
      		<label>Expense Type Object Code</label>
      		<parent>TTSM</parent>
    	</documentType>
		<documentType>
			<name>TPUR</name>
			<label>Entertainment Purpose</label>
			<parent>TTSM</parent>
		</documentType>
		<documentType>
			<name>TCCA</name>
			<label>Credit Card or Agency</label>
			<parent>TTSM</parent>
		</documentType>
		<documentType>
			<name>TASF</name>
			<label>Agency Service Fee</label>
			<parent>TTSM</parent>
		</documentType>
		<documentType>
			<name>TAAR</name>
			<label>Travel Agency Audit and Correction</label>
			<parent>TTSM</parent>
		</documentType>
		<documentType>
			<name>TTYT</name>
			<label>Traveler Type</label>
			<parent>TTSM</parent>
		</documentType>
		<documentType>
      		<name>TCT</name>
      		<label>Travel Card Type</label>
      		<parent>TTSM</parent>
    	</documentType>
		<documentType>
			<name>CCIE</name>
			<label>Credit Card Imported Expense Clearing Document</label>
			<parent>TTSM</parent>
		</documentType>
		<documentType>
	      <name>TPDB</name>
	      <label>Per Diem Meals and Incidentals Breakdown</label>
	      <parent>TTSM</parent>
	    </documentType>
		<documentType>
      <name>TTP</name>
      <label>TEM Profile</label>
      <parent>TTCM</parent>
		<routePaths>
			<routePath>
				<start name="AdHoc" nextNode="ProfileIsTaxManagerRequired"/>
	     		<split name="ProfileIsTaxManagerRequired" nextNode="TravelRequiresTravelerApproval">
		         	<branch name="True">
		            	<role name="Tax" nextNode="JoinRequiresTaxManagerReview"/>
		         	</branch>
		         	<branch name="False">
		            	<simple name="NoOpTaxManager" nextNode="JoinRequiresTaxManagerReview"/>
		         	</branch>
		         	<join name="JoinRequiresTaxManagerReview"/>
	     		</split>
	     		<split name="TravelRequiresTravelerApproval" nextNode="ProfileReviewRequired" >
		         	<branch name="True">
		            	<role name="Traveler" nextNode="JoinRequiresTravelerReview"/>
		         	</branch>
		         	<branch name="False">
		            	<simple name="NoOpTraveler" nextNode="JoinRequiresTravelerReview"/>
		         	</branch>
		         	<join name="JoinRequiresTravelerReview"/>
	     		</split>
	     		<split name="ProfileReviewRequired" >
		         	<branch name="True">
		            	<role name="Profile" nextNode="JoinProfileReviewRequired"/>
		         	</branch>
		         	<branch name="False">
		            	<simple name="NoOpProfile" nextNode="JoinProfileReviewRequired"/>
		         	</branch>
		         	<join name="JoinProfileReviewRequired"/>
	     		</split>
			</routePath>
		</routePaths>
		<routeNodes>
			<start name="AdHoc" />
			<split name="ProfileIsTaxManagerRequired">
			    <type>org.kuali.kfs.sys.document.workflow.SimpleBooleanSplitNode</type>
			</split>
			<simple name="NoOpTaxManager">
			    <type>org.kuali.rice.kew.engine.node.NoOpNode</type>
			</simple>
			<join name="JoinRequiresTaxManagerReview" />
			<role name="Tax">
		        <qualifierResolverClass>
		            org.kuali.rice.krad.workflow.attribute.DataDictionaryQualifierResolver
		        </qualifierResolverClass>
		        <activationType>P</activationType>
			</role>
			<split name="TravelRequiresTravelerApproval">
			    <type>org.kuali.kfs.sys.document.workflow.SimpleBooleanSplitNode</type>
			</split>
			<simple name="NoOpTraveler">
			    <type>org.kuali.rice.kew.engine.node.NoOpNode</type>
			</simple>
			<join name="JoinRequiresTravelerReview" />
			<role name="Traveler">
				<qualifierResolverClass>
					org.kuali.rice.krad.workflow.attribute.DataDictionaryQualifierResolver
				</qualifierResolverClass>
				<activationType>P</activationType>
			</role>
			
			<split name="ProfileReviewRequired">
			    <type>org.kuali.kfs.sys.document.workflow.SimpleBooleanSplitNode</type>
			</split>
			<simple name="NoOpProfile">
			    <type>org.kuali.rice.kew.engine.node.NoOpNode</type>
			</simple>
			<join name="JoinProfileReviewRequired" />
			<role name="Profile">
				<qualifierResolverClass>
					org.kuali.rice.krad.workflow.attribute.DataDictionaryQualifierResolver
				</qualifierResolverClass>
				<activationType>P</activationType>
			</role>
		</routeNodes>
    </documentType>
    	<documentType>
	      <name>TT</name>
	      <parent>KFST</parent>
	      <label>TEMTransactionalDocument</label>
	      <active>true</active>
	      <routingVersion>2</routingVersion>
    	</documentType>
    	<documentType>
	      <name>TRV</name>
	      <parent>TT</parent>
	      <label>TravelTransactionalDocument</label>
	      <attributes>
				<attribute>
					<name>TemFinancialSystemSearchableAttribute</name>
				</attribute>
				<attribute>
					<name>TravelDocumentSearchCustomizer</name>
				</attribute>
		  </attributes>
	      <active>true</active>
	      <security>
                <securityAttribute name="TemSecurityAttribute"/>
          </security>
	      <routingVersion>2</routingVersion>
	      <authorizer>org.kuali.kfs.module.tem.document.authorization.TravelWorkflowDocumentAuthorizer</authorizer>
	      <policies>
                <policy>
                    <name>DEFAULT_APPROVE</name>
                    <value>false</value>
                </policy>
                <policy>
                    <name>DOCUMENT_STATUS_POLICY</name>
                    <stringValue>app</stringValue>
                </policy>
          </policies>
    	</documentType>
		<documentType>
			<name>TA</name>
			<parent>TRV</parent>
			<docHandler>${kfs.url}/temTravelAuthorization.do?methodToCall=docHandler
			</docHandler>
			<label>Travel Authorization</label>
			<active>
				true
            </active>
			<routingVersion>
				2
            </routingVersion>
            <policies>
            	<policy>
                	<name>INITIATOR_MUST_ROUTE</name>
                	<value>false</value>
            	</policy>
            </policies>
			<validApplicationStatuses>
				<status>In Process</status>
				<status>Awaiting Traveler Review</status>
				<status>Awaiting Fiscal Officer Review</status>
				<status>Awaiting Organization Review</status>
				<status>Awaiting Division Review</status>
                <status>Awaiting Special Request Review</status>
				<status>Awaiting International Travel Review</status>
				<status>Awaiting Risk Management Review</status>
				<status>Awaiting Sub-Fund Review</status>
				<status>Awaiting Award Review</status>
				<status>Awaiting Budget Review</status>
                <status>Awaiting Separation Of Duties Review</status>
                <status>Awaiting Disbursement Method Review</status>
				<status>Awaiting Travel Manager Review</status>
				<status>Reimbursement On Hold</status>
				<status>Cancelled</status>
				<status>Closed</status>
                <status>Disapproved - Traveler</status>
				<status>Disapproved - Fiscal Officer</status>
                <status>Disapproved - Organization</status>
				<status>Disapproved - Division</status>
				<status>Disapproved - Special Request</status>
                <status>Disapproved - International Travel</status>
				<status>Disapproved - Risk Management</status>
				<status>Disapproved - Sub-Fund</status>
				<status>Disapproved - Award</status>
				<status>Disapproved - Budget</status>
                <status>Disapproved - Separation Of Duties</status>
                <status>Disapproved - Disbursement Method</status>
				<status>Disapproved - Travel</status>
				<status>Open For Reimbursement</status>
				<status>Pending Amendment</status>
				<status>Change in Process</status>
				<status>Retired Version</status>
			</validApplicationStatuses>
			<routePaths>
				<routePath>
					<start name="AdHoc" nextNode="TravelRequiresTravelerApproval" nextAppDocStatus="Awaiting Traveler Review" />
					<split name="TravelRequiresTravelerApproval" nextNode="Account" nextAppDocStatus="Awaiting Traveler Review">
                        <branch name="True">
                            <role name="Traveler" nextNode="JoinTravelRequiresTravelerApproval" nextAppDocStatus="Awaiting Fiscal Officer Review" />
                        </branch>
                        <branch name="False">
                            <simple name="NoOpTravelRequiresTravelerApproval" nextNode="JoinTravelRequiresTravelerApproval" nextAppDocStatus="Awaiting Fiscal Officer Review" />
                        </branch>
                        <join name="JoinTravelRequiresTravelerApproval"/>
                    </split>
                    <role name="Account" nextNode="AccountingOrganizationHierarchy" nextAppDocStatus="Awaiting Organization Review" />
					<role name="AccountingOrganizationHierarchy" nextNode="TravelRequiresDivisionApproval" />
				    <split name="TravelRequiresDivisionApproval" nextNode="TravelHasSpecialRequest" nextAppDocStatus="Awaiting Division Review">
				        <branch name="True">
                            <role name="Division" nextNode="JoinTravelRequiresDivisionApproval" />
                        </branch>
                        <branch name="False">
                            <simple name="NoOpTravelRequiresDivisionApproval" nextNode="JoinTravelRequiresDivisionApproval" />
                        </branch>
                        <join name="JoinTravelRequiresDivisionApproval"/>
				    </split>
					<split name="TravelHasSpecialRequest" nextNode="TravelNeedsRiskManagement" nextAppDocStatus="Awaiting Special Request Review">
						<branch name="True">
							<role name="SpecialRequest" nextNode="JoinTravelHasSpecialRequest" nextAppDocStatus="Awaiting Risk Management Review"/>
						</branch>
						<branch name="False">
							<simple name="NoOpTravelHasSpecialRequest" nextNode="JoinTravelHasSpecialRequest" nextAppDocStatus="Awaiting Risk Management Review"/>
						</branch>
						<join name="JoinTravelHasSpecialRequest"/>
					</split>
                    <split name="TravelNeedsRiskManagement" nextNode="TravelIsInternational" nextAppDocStatus="Awaiting Risk Management Review">
                        <branch name="True">
                            <role name="RiskManagement" nextNode="JoinTravelNeedsRiskManagement" nextAppDocStatus="Awaiting International Travel Review" />
                        </branch>
                        <branch name="False">
                            <simple name="NoOpTravelNeedsRiskManagement" nextNode="JoinTravelNeedsRiskManagement" nextAppDocStatus="Awaiting International Travel Review" />
                        </branch>
                        <join name="JoinTravelNeedsRiskManagement"/>
                    </split>
                    <split name="TravelIsInternational" nextNode="SubFund" nextAppDocStatus="Awaiting International Travel Review">
                        <branch name="True">
                            <role name="InternationalTravel" nextNode="JoinTravelIsInternational" nextAppDocStatus="Awaiting Sub-Fund Review"/>
                        </branch>
                        <branch name="False">
                            <simple name="NoOpTravelIsInternational" nextNode="JoinTravelIsInternational" nextAppDocStatus="Awaiting Sub-Fund Review"/>
                        </branch>
                        <join name="JoinTravelIsInternational"/>
                    </split>
					<role name="SubFund" nextNode="Award" nextAppDocStatus="Awaiting Award Review" />
					<role name="Award" nextNode="RequiresBudgetReview" nextAppDocStatus="Awaiting Budget Review"/>
					<split name="RequiresBudgetReview" nextNode="RequiresSeparationOfDuties" nextAppDocStatus="Awaiting Budget Review">
						<branch name="True">
							<role name="Budget" nextNode="JoinRequiresBudgetReview" nextAppDocStatus="Awaiting Separation Of Duties Review" />
						</branch>
						<branch name="False">
							<simple name="NoOpRequiresBudgetReview" nextNode="JoinRequiresBudgetReview" nextAppDocStatus="Awaiting Separation Of Duties Review" />
						</branch>
						<join name="JoinRequiresBudgetReview"/>
					</split>
	     			<split name="RequiresSeparationOfDuties" nextNode="TravelAdvanceRequested" nextAppDocStatus="Awaiting Separation Of Duties Review">
			         	<branch name="True">
			            	<role name="SeparationOfDuties" nextNode="JoinRequiresSeparationOfDuties" nextAppDocStatus="Awaiting Travel Manager Review" />
			         	</branch>
			         	<branch name="False">
			            	<simple name="NoOpRequiresSeparationOfDuties" nextNode="JoinRequiresSeparationOfDuties" nextAppDocStatus="Awaiting Travel Manager Review" />
			         	</branch>	
			         	<join name="JoinRequiresSeparationOfDuties" />	         		
	     			</split>
					<split name="TravelAdvanceRequested" nextAppDocStatus="Awaiting Travel Manager Review">
                        <branch name="True">
                        	<role name="Travel" nextNode="PaymentMethod" nextAppDocStatus="Awaiting Disbursement Method Review" />
                        	<role name="PaymentMethod" nextNode="JoinTravelAdvanceRequested" nextAppDocStatus="Open For Reimbursement" />
                        </branch>
                        <branch name="False">
                            <simple name="NoOpTravelAdvanceRequested" nextNode="JoinTravelAdvanceRequested" nextAppDocStatus="Open For Reimbursement" />
                        </branch>
                        <join name="JoinTravelAdvanceRequested"/>
                    </split>
				</routePath>
			</routePaths>
			<routeNodes>
				<start name="AdHoc" />
				<join name="JoinTravelRequiresTravelerApproval" />
                <simple name="NoOpTravelRequiresTravelerApproval">
                    <type>org.kuali.rice.kew.engine.node.NoOpNode</type>
                </simple>
                <split name="TravelRequiresTravelerApproval">
                    <type>org.kuali.kfs.sys.document.workflow.SimpleBooleanSplitNode</type>
                </split>
				<role name="Traveler">
					<qualifierResolverClass>org.kuali.rice.krad.workflow.attribute.DataDictionaryQualifierResolver</qualifierResolverClass>
					<activationType>P</activationType>
				</role>
				<role name="Account">
					<qualifierResolverClass>
						org.kuali.rice.krad.workflow.attribute.DataDictionaryQualifierResolver
					</qualifierResolverClass>
					<activationType>
						P
                    </activationType>
				</role>
				<role name="AccountingOrganizationHierarchy">
					<qualifierResolverClass>
						org.kuali.rice.krad.workflow.attribute.DataDictionaryQualifierResolver
					</qualifierResolverClass>
					<activationType>
						P
                    </activationType>
				</role>
				<join name="JoinTravelRequiresDivisionApproval" />
                <simple name="NoOpTravelRequiresDivisionApproval">
                    <type>org.kuali.rice.kew.engine.node.NoOpNode</type>
                </simple>
                <split name="TravelRequiresDivisionApproval">
                    <type>org.kuali.kfs.sys.document.workflow.SimpleBooleanSplitNode
                    </type>
                </split>
                <role name="Division">
                    <qualifierResolverClass>
                        org.kuali.rice.krad.workflow.attribute.DataDictionaryQualifierResolver
                    </qualifierResolverClass>
                    <activationType>P</activationType>
                </role>
				<join name="JoinTravelHasSpecialRequest" />
				<simple name="NoOpTravelHasSpecialRequest">
					<type>org.kuali.rice.kew.engine.node.NoOpNode</type>
				</simple>
				<split name="TravelHasSpecialRequest">
					<type>org.kuali.kfs.sys.document.workflow.SimpleBooleanSplitNode
					</type>
				</split>
				<role name="SpecialRequest">
                    <qualifierResolverClass>
                        org.kuali.rice.krad.workflow.attribute.DataDictionaryQualifierResolver
                    </qualifierResolverClass>
                    <activationType>P</activationType>
                </role>
                
                
				<split name="TravelIsInternational">
                    <type>org.kuali.kfs.sys.document.workflow.SimpleBooleanSplitNode
                    </type>
                </split>
                <simple name="NoOpTravelIsInternational">
                    <type>org.kuali.rice.kew.engine.node.NoOpNode</type>
                </simple>
                <join name="JoinTravelIsInternational" />
				<role name="InternationalTravel">
                    <qualifierResolverClass>
                        org.kuali.rice.krad.workflow.attribute.DataDictionaryQualifierResolver
                    </qualifierResolverClass>
                    <activationType>P</activationType>
                </role>
                
                
                <split name="TravelNeedsRiskManagement">
                    <type>org.kuali.kfs.sys.document.workflow.SimpleBooleanSplitNode
                    </type>
                </split>
                <simple name="NoOpTravelNeedsRiskManagement">
                    <type>org.kuali.rice.kew.engine.node.NoOpNode</type>
                </simple>
                <join name="JoinTravelNeedsRiskManagement" />
                <role name="RiskManagement">
                    <qualifierResolverClass>
                        org.kuali.rice.krad.workflow.attribute.DataDictionaryQualifierResolver
                    </qualifierResolverClass>
                    <activationType>P</activationType>
                </role>
				<role name="SubFund">
					<qualifierResolverClass>
						org.kuali.rice.krad.workflow.attribute.DataDictionaryQualifierResolver
					</qualifierResolverClass>
					<activationType>
						P
          			</activationType>
				</role>
				<role name="Award">
					<qualifierResolverClass>
						org.kuali.rice.krad.workflow.attribute.DataDictionaryQualifierResolver
					</qualifierResolverClass>
					<activationType>
						P
          			</activationType>
				</role>
				
				<role name="Budget">
					<qualifierResolverClass>org.kuali.rice.krad.workflow.attribute.DataDictionaryQualifierResolver</qualifierResolverClass>
					<activationType>P</activationType>
				</role>
				<split name="RequiresBudgetReview">
					<type>org.kuali.kfs.sys.document.workflow.SimpleBooleanSplitNode</type>
				</split>
                <simple name="NoOpRequiresBudgetReview">
                    <type>org.kuali.rice.kew.engine.node.NoOpNode</type>
                </simple>
                <join name="JoinRequiresBudgetReview" />
                
				<split name="TravelAdvanceRequested">
                    <type>org.kuali.kfs.sys.document.workflow.SimpleBooleanSplitNode
                    </type>
                </split>
                <simple name="NoOpTravelAdvanceRequested">
                    <type>org.kuali.rice.kew.engine.node.NoOpNode</type>
                </simple>
                <join name="JoinTravelAdvanceRequested" />
                <role name="PaymentMethod">
                    <qualifierResolverClass>
                        org.kuali.rice.krad.workflow.attribute.DataDictionaryQualifierResolver
                    </qualifierResolverClass>
                    <activationType>P</activationType>
                </role>
                <role name="Travel">
                    <qualifierResolverClass>
                        org.kuali.rice.krad.workflow.attribute.DataDictionaryQualifierResolver
                    </qualifierResolverClass>
                    <activationType>P</activationType>
                </role>
                
                <join name="JoinRequiresSeparationOfDuties" />
				<simple name="NoOpRequiresSeparationOfDuties">
					<type>org.kuali.rice.kew.engine.node.NoOpNode</type>
				</simple>
				<split name="RequiresSeparationOfDuties">
					<type>org.kuali.kfs.sys.document.workflow.SimpleBooleanSplitNode</type>
				</split>
                <role name="SeparationOfDuties">
                    <qualifierResolverClass>org.kuali.rice.krad.workflow.attribute.DataDictionaryQualifierResolver</qualifierResolverClass>
                    <activationType>P</activationType>
                </role>
                
			</routeNodes>
		</documentType>
		<documentType>
			<name>TAA</name>
			<parent>TA</parent>
			<docHandler>${kfs.url}/temTravelAuthorization.do?methodToCall=docHandler</docHandler>
			<label>Travel Authorization Amendment</label>
		</documentType>
		<documentType>
	      <name>TAC</name>
	      <parent>TA</parent>
	      <docHandler>${kfs.url}/temTravelAuthorization.do?methodToCall=docHandler</docHandler>
	      <label>Travel Authorization Close</label>
	      <policies>
                <policy>
                    <name>DEFAULT_APPROVE</name>
                    <value>true</value>
                </policy>
                <policy>
                    <name>DOCUMENT_STATUS_POLICY</name>
                    <stringValue>app</stringValue>
                </policy>
          </policies>
	      <routePaths>
	        <routePath>
	          <start name="AdHoc"/>
	        </routePath>
	      </routePaths>
	      <routeNodes>
	        <start name="AdHoc"/>
	      </routeNodes>
	    </documentType>
		<documentType>
            <name>TR</name>
            <parent>TRV</parent>
            <docHandler>${kfs.url}/temTravelReimbursement.do?methodToCall=docHandler
            </docHandler>
            <label>Travel Reimbursement</label>
            <active>
                true
            </active>
            <routingVersion>
                2
            </routingVersion>
            <validApplicationStatuses>
                <status>In Process</status>
                <status>Awaiting Traveler Review</status>
                <status>Awaiting Special Request Review</status>
                <status>Awaiting Fiscal Officer Review</status>
                <status>Awaiting Organization Review</status>
                <status>Awaiting Travel Accounting Review</status>
                <status>Awaiting Division Review</status>
                <status>Awaiting International Travel Review</status>
                <status>Awaiting Sub-Fund Review</status>
                <status>Awaiting Award Review</status>
                <status>Awaiting Budget Review</status>
                <status>Awaiting Tax Manager Review</status>
                <status>Awaiting Separation Of Duties Review</status>
                <status>Awaiting Disbursement Method Review</status>
                <status>Awaiting Travel Manager Review</status>
                <status>Department Approved</status>
                <status>Disapproved - Traveler</status>
                <status>Disapproved - Special Request</status>
                <status>Disapproved - Fiscal Officer</status>
                <status>Disapproved - Travel Accounting</status>
                <status>Disapproved - Division</status>
                <status>Disapproved - International Travel</status>
                <status>Disapproved - Sub-Fund</status>
                <status>Disapproved - Award</status>
                <status>Disapproved - Budget</status>
                <status>Disapproved - Tax Manager</status>
                <status>Disapproved - Separation Of Duties</status>
                <status>Disapproved - Disbursement Method</status>
                <status>Disapproved - Travel</status>
                <status>Cancelled</status>
            </validApplicationStatuses>
            <routePaths>
                <routePath>
                    <start name="AdHoc" nextNode="TravelRequiresTravelerApproval" nextAppDocStatus="Awaiting Traveler Review"/>
                    <split name="TravelRequiresTravelerApproval" nextNode="TravelHasSpecialRequest" nextAppDocStatus="Awaiting Traveler Review">
                        <branch name="True">
                            <role name="Traveler" nextNode="JoinTravelRequiresTravelerApproval" nextAppDocStatus="Awaiting Special Request Review" />
                        </branch>
                        <branch name="False">
                            <simple name="NoOpTravelRequiresTravelerApproval" nextNode="JoinTravelRequiresTravelerApproval" nextAppDocStatus="Awaiting Special Request Review" />
                        </branch>
                        <join name="JoinTravelRequiresTravelerApproval"/>
                    </split>
                    <split name="TravelHasSpecialRequest" nextNode="Account" nextAppDocStatus="Awaiting Special Request Review">
						<branch name="True">
							<role name="SpecialRequest" nextNode="JoinTravelHasSpecialRequest" nextAppDocStatus="Awaiting Fiscal Officer Review" />
						</branch>
						<branch name="False">
							<simple name="NoOpTravelHasSpecialRequest" nextNode="JoinTravelHasSpecialRequest" nextAppDocStatus="Awaiting Fiscal Officer Review" />
						</branch>
						<join name="JoinTravelHasSpecialRequest" />
					</split>
					<role name="Account" nextNode="AccountingOrganizationHierarchy" nextAppDocStatus="Awaiting Organization Review" />
					<role name="AccountingOrganizationHierarchy" nextNode="ReimbursementOverage" nextAppDocStatus="Awaiting Travel Accounting Review" />
					<role name="ReimbursementOverage" nextNode="TravelRequiresDivisionApproval" nextAppDocStatus="Awaiting Division Review"/>
                    <split name="TravelRequiresDivisionApproval" nextNode="TravelIsInternational" nextAppDocStatus="Awaiting Division Review">
                        <branch name="True">
                            <role name="Division" nextNode="JoinTravelRequiresDivisionApproval" nextAppDocStatus="Awaiting International Travel Review" />
                        </branch>
                        <branch name="False">
                            <simple name="NoOpTravelRequiresDivisionApproval" nextNode="JoinTravelRequiresDivisionApproval" nextAppDocStatus="Awaiting International Travel Review" />
                        </branch>
                        <join name="JoinTravelRequiresDivisionApproval"/>
                    </split>
                    <split name="TravelIsInternational" nextNode="RequiresSubFund" nextAppDocStatus="Awaiting International Travel Review">
						<branch name="True">
							<role name="InternationalTravel" nextNode="JoinTravelIsInternational" nextAppDocStatus="Awaiting Sub-Fund Review" />
						</branch>
						<branch name="False">
							<simple name="NoOpTravelIsInternational" nextNode="JoinTravelIsInternational" nextAppDocStatus="Awaiting Sub-Fund Review" />
						</branch>
						<join name="JoinTravelIsInternational" />
					</split>
                    <split name="RequiresSubFund" nextNode="RequiresAward" nextAppDocStatus="Awaiting Sub-Fund Review">
						<branch name="True">
							<role name="SubFund" nextNode="JoinRequiresSubFund" nextAppDocStatus="Awaiting Award Review" />
						</branch>
						<branch name="False">
							<simple name="NoOpSubFund" nextNode="JoinRequiresSubFund" nextAppDocStatus="Awaiting Award Review" />
						</branch>
						<join name="JoinRequiresSubFund" />
					</split>
					<split name="RequiresAward" nextNode="RequiresBudgetReview" nextAppDocStatus="Awaiting Award Review">
						<branch name="True">
							<role name="Award" nextNode="JoinRequiresAward" nextAppDocStatus="Awaiting Budget Review" />
						</branch>
						<branch name="False">
							<simple name="NoOpAward" nextNode="JoinRequiresAward" nextAppDocStatus="Awaiting Budget Review" />
						</branch>
						<join name="JoinRequiresAward" />
					</split>
					<split name="RequiresBudgetReview" nextNode="RequiresSeparationOfDuties" nextAppDocStatus="Awaiting Budget Review">
						<branch name="True">
							<role name="Budget" nextNode="JoinRequiresBudgetReview" nextAppDocStatus="Awaiting Separation Of Duties Review" />
						</branch>
						<branch name="False">
							<simple name="NoOpRequiresBudgetReview" nextNode="JoinRequiresBudgetReview" nextAppDocStatus="Awaiting Separation Of Duties Review" />
						</branch>
						<join name="JoinRequiresBudgetReview"/>
					</split>
	     			<split name="RequiresSeparationOfDuties" nextNode="Travel" nextAppDocStatus="Awaiting Separation Of Duties Review">
			         	<branch name="True">
			            	<role name="SeparationOfDuties" nextNode="JoinRequiresSeparationOfDuties" nextAppDocStatus="Awaiting Travel Manager Review" />
			         	</branch>
			         	<branch name="False">
			            	<simple name="NoOpRequiresSeparationOfDuties" nextNode="JoinRequiresSeparationOfDuties" nextAppDocStatus="Awaiting Travel Manager Review" />
			         	</branch>	
			         	<join name="JoinRequiresSeparationOfDuties" />	         		
	     			</split>
					<role name="Travel" nextNode="TaxManagerApproval" nextAppDocStatus="Awaiting Tax Manager Review" />
					<split name="TaxManagerApproval" nextNode="PaymentMethod" nextAppDocStatus="Awaiting Tax Manager Review">
			         	<branch name="True">
			            	<role name="Tax" nextNode="JoinTaxManager" nextAppDocStatus="Awaiting Disbursement Method Review" />
			         	</branch>
			         	<branch name="False">
			            	<simple name="NoOpTaxManager" nextNode="JoinTaxManager" nextAppDocStatus="Awaiting Disbursement Method Review" />
			         	</branch>	
			         	<join name="JoinTaxManager" />	         		
	     			</split>
	     			<role name="PaymentMethod" nextAppDocStatus="Department Approved" />
                </routePath>
            </routePaths>
            <routeNodes>
                <start name="AdHoc" />
                <join name="JoinTravelRequiresTravelerApproval" />
                <simple name="NoOpTravelRequiresTravelerApproval">
                    <type>org.kuali.rice.kew.engine.node.NoOpNode</type>
                </simple>
                <split name="TravelRequiresTravelerApproval">
                    <type>org.kuali.kfs.sys.document.workflow.SimpleBooleanSplitNode</type>
                </split>
				<role name="Traveler">
					<qualifierResolverClass>org.kuali.rice.krad.workflow.attribute.DataDictionaryQualifierResolver</qualifierResolverClass>
					<activationType>P</activationType>
				</role>
                <role name="Account">
                    <qualifierResolverClass>org.kuali.rice.krad.workflow.attribute.DataDictionaryQualifierResolver</qualifierResolverClass>
                    <activationType>P</activationType>
                </role>
                
                <role name="AccountingOrganizationHierarchy">
                    <qualifierResolverClass>org.kuali.rice.krad.workflow.attribute.DataDictionaryQualifierResolver</qualifierResolverClass>
                    <activationType>P</activationType>
                </role>
                
                <role name="ReimbursementOverage">
                    <qualifierResolverClass>org.kuali.rice.krad.workflow.attribute.DataDictionaryQualifierResolver</qualifierResolverClass>
                    <activationType>P</activationType>
                </role>
                
                <join name="JoinTravelRequiresDivisionApproval" />
				<simple name="NoOpTravelRequiresDivisionApproval">
					<type>org.kuali.rice.kew.engine.node.NoOpNode</type>
				</simple>
				<split name="TravelRequiresDivisionApproval">
					<type>org.kuali.kfs.sys.document.workflow.SimpleBooleanSplitNode</type>
				</split>
                <role name="Division">
                    <qualifierResolverClass>org.kuali.rice.krad.workflow.attribute.DataDictionaryQualifierResolver</qualifierResolverClass>
                    <activationType>P</activationType>
                </role>
                
                <join name="JoinTravelHasSpecialRequest" />
				<simple name="NoOpTravelHasSpecialRequest">
					<type>org.kuali.rice.kew.engine.node.NoOpNode</type>
				</simple>
				<split name="TravelHasSpecialRequest">
					<type>org.kuali.kfs.sys.document.workflow.SimpleBooleanSplitNode</type>
				</split>
                <role name="SpecialRequest">
                    <qualifierResolverClass>org.kuali.rice.krad.workflow.attribute.DataDictionaryQualifierResolver</qualifierResolverClass>
                    <activationType>P</activationType>
                </role>
                
                <join name="JoinTravelIsInternational" />
				<simple name="NoOpTravelIsInternational">
					<type>org.kuali.rice.kew.engine.node.NoOpNode</type>
				</simple>
				<split name="TravelIsInternational">
					<type>org.kuali.kfs.sys.document.workflow.SimpleBooleanSplitNode</type>
				</split>
                <role name="InternationalTravel">
                    <qualifierResolverClass>org.kuali.rice.krad.workflow.attribute.DataDictionaryQualifierResolver</qualifierResolverClass>
                    <activationType>P</activationType>
                </role>
                
                <join name="JoinRequiresSubFund" />
				<simple name="NoOpSubFund">
					<type>org.kuali.rice.kew.engine.node.NoOpNode</type>
				</simple>
				<split name="RequiresSubFund">
					<type>org.kuali.kfs.sys.document.workflow.SimpleBooleanSplitNode</type>
				</split>
                <role name="SubFund">
                    <qualifierResolverClass>org.kuali.rice.krad.workflow.attribute.DataDictionaryQualifierResolver</qualifierResolverClass>
                    <activationType>P</activationType>
                </role>
                
                <join name="JoinRequiresAward" />
				<simple name="NoOpAward">
					<type>org.kuali.rice.kew.engine.node.NoOpNode</type>
				</simple>
				<split name="RequiresAward">
					<type>org.kuali.kfs.sys.document.workflow.SimpleBooleanSplitNode</type>
				</split>
                <role name="Award">
                    <qualifierResolverClass>org.kuali.rice.krad.workflow.attribute.DataDictionaryQualifierResolver</qualifierResolverClass>
                    <activationType>P</activationType>
                </role>
                
                <role name="Budget">
					<qualifierResolverClass>org.kuali.rice.krad.workflow.attribute.DataDictionaryQualifierResolver</qualifierResolverClass>
					<activationType>P</activationType>
				</role>
				<split name="RequiresBudgetReview">
					<type>org.kuali.kfs.sys.document.workflow.SimpleBooleanSplitNode</type>
				</split>
                <simple name="NoOpRequiresBudgetReview">
                    <type>org.kuali.rice.kew.engine.node.NoOpNode</type>
                </simple>
                <join name="JoinRequiresBudgetReview" />
                
                <join name="JoinTaxManager" />
				<simple name="NoOpTaxManager">
					<type>org.kuali.rice.kew.engine.node.NoOpNode</type>
				</simple>
				<split name="TaxManagerApproval">
					<type>org.kuali.kfs.sys.document.workflow.SimpleBooleanSplitNode</type>
				</split>
                <role name="Tax">
                    <qualifierResolverClass>org.kuali.rice.krad.workflow.attribute.DataDictionaryQualifierResolver</qualifierResolverClass>
                    <activationType>P</activationType>
                </role>
                
                <join name="JoinRequiresSeparationOfDuties" />
				<simple name="NoOpRequiresSeparationOfDuties">
					<type>org.kuali.rice.kew.engine.node.NoOpNode</type>
				</simple>
				<split name="RequiresSeparationOfDuties">
					<type>org.kuali.kfs.sys.document.workflow.SimpleBooleanSplitNode</type>
				</split>
                <role name="SeparationOfDuties">
                    <qualifierResolverClass>org.kuali.rice.krad.workflow.attribute.DataDictionaryQualifierResolver</qualifierResolverClass>
                    <activationType>P</activationType>
                </role>
                <role name="PaymentMethod">
                    <qualifierResolverClass>org.kuali.rice.krad.workflow.attribute.DataDictionaryQualifierResolver</qualifierResolverClass>
                    <activationType>P</activationType>
                </role>
	     			
                <role name="Travel">
                    <qualifierResolverClass>org.kuali.rice.krad.workflow.attribute.DataDictionaryQualifierResolver</qualifierResolverClass>
                    <activationType>P</activationType>
                </role>
            </routeNodes>
        </documentType>
		<documentType>
			<name>TMCP</name>
			<parent>TT</parent>
			<docHandler>${kfs.url}/temCorrectionDocument.do?methodToCall=docHandler</docHandler>
			<label>TEM Correction Process Document</label>
		</documentType>
		<documentType>
			<name>TTA</name>
			<parent>TT</parent>
			<docHandler>${kfs.url}/temTravelArranger.do?methodToCall=docHandler</docHandler>
			<label>Travel Arranger</label>
			<routePaths>
				<routePath>
					<start name="AdHoc" nextNode="TravelRequiresTravelerApproval" />
					<split name="TravelRequiresTravelerApproval">
						<branch name="True">
							<role name="Traveler" nextNode="JoinTravelRequiresTravelerApproval" />
						</branch>
						<branch name="False">
							<simple name="NoOpTravelRequiresTravelerApproval"
								nextNode="JoinTravelRequiresTravelerApproval" />
						</branch>
						<join name="JoinTravelRequiresTravelerApproval" />
					</split>
				</routePath>
			</routePaths>
			<routeNodes>
				<start name="AdHoc" />
				<join name="JoinTravelRequiresTravelerApproval" />
				<simple name="NoOpTravelRequiresTravelerApproval">
					<type>org.kuali.rice.kew.engine.node.NoOpNode</type>
				</simple>
				<split name="TravelRequiresTravelerApproval">
					<type>org.kuali.kfs.sys.document.workflow.SimpleBooleanSplitNode
					</type>
				</split>
				<role name="Traveler">
					<qualifierResolverClass>
						org.kuali.rice.krad.workflow.attribute.DataDictionaryQualifierResolver
					</qualifierResolverClass>
					<activationType>
						P
					</activationType>
				</role>
			</routeNodes>
		</documentType>
		<documentType>
            <name>RELO</name>
            <parent>TT</parent>
            <docHandler>${kfs.url}/temTravelRelocation.do?methodToCall=docHandler
            </docHandler>
            <label>Moving and Relocation Reimbursement</label>
            <attributes>
				<attribute>
					<name>TemFinancialSystemSearchableAttribute</name>
				</attribute>
				<attribute>
					<name>TravelDocumentSearchCustomizer</name>
				</attribute>
			</attributes>
            <active>
                true
            </active>
            <security>
                <securityAttribute name="TemSecurityAttribute"/>
            </security>
            <routingVersion>
                2
            </routingVersion>
            <authorizer>org.kuali.kfs.module.tem.document.authorization.TravelWorkflowDocumentAuthorizer</authorizer>
            <validApplicationStatuses>
                <status>Awaiting Traveler Review</status>
                <status>Awaiting Fiscal Officer Review</status>
                <status>Awaiting Organization Review</status>
                <status>Awaiting Special Request Review</status>
                <status>Awaiting Executive Review</status>
                <status>Awaiting Sub-Fund Review</status>
                <status>Awaiting Award Review</status>
                <status>Awaiting Budget Review</status>
                <status>Awaiting Tax Manager Review</status>
                <status>Awaiting Separation Of Duties Review</status>
                <status>Awaiting Disbursement Method Review</status>
                <status>Awaiting Moving and Relocation Manager Review</status>
                <status>Moving And Relocation Manager Approved</status>
                <status>Disapproved - Traveler</status>
                <status>Disapproved - Fiscal Officer</status>
                <status>Disapproved - Organization</status>
                <status>Disapproved - Special Request</status>
                <status>Disapproved - Executive</status>
                <status>Disapproved - Sub-Fund</status>
                <status>Disapproved - Award</status>
                <status>Disapproved - Budget</status>
                <status>Disapproved - Tax Manager</status>
                <status>Disapproved - Separation Of Duties</status>
                <status>Disapproved - Disbursement Method</status>
                <status>Disapproved - Moving and Relocation Manager</status>
                <status>Cancelled</status>
                <status>In Process</status>
            </validApplicationStatuses>
            <policies>
                <policy>
                    <name>DEFAULT_APPROVE</name>
                    <value>true</value>
                </policy>
                <policy>
                    <name>DOCUMENT_STATUS_POLICY</name>
                    <stringValue>app</stringValue>
                </policy>
            </policies>
            <routePaths>
                <routePath>
                    <start name="AdHoc" nextNode="TravelRequiresTravelerApproval" nextAppDocStatus="Awaiting Traveler Review" />
					<split name="TravelRequiresTravelerApproval" nextNode="Account" nextAppDocStatus="Awaiting Traveler Review">
                        <branch name="True">
                            <role name="Traveler" nextNode="JoinTravelRequiresTravelerApproval" nextAppDocStatus="Awaiting Fiscal Officer Review" />
                        </branch>
                        <branch name="False">
                            <simple name="NoOpTravelRequiresTravelerApproval" nextNode="JoinTravelRequiresTravelerApproval" nextAppDocStatus="Awaiting Fiscal Officer Review" />
                        </branch>
                        <join name="JoinTravelRequiresTravelerApproval"/>
                    </split>
                    <role name="Account" nextNode="AccountingOrganizationHierarchy" nextAppDocStatus="Awaiting Organization Review" />
                    <role name="AccountingOrganizationHierarchy" nextNode="TravelHasSpecialRequest" nextAppDocStatus="Awaiting Organization Review" />
				    <split name="TravelHasSpecialRequest" nextNode="ExecutiveApproval" nextAppDocStatus="Awaiting Special Request Review">
                        <branch name="True">
                            <role name="SpecialRequest" nextNode="JoinTravelHasSpecialRequest" nextAppDocStatus="Awaiting Executive Review" />
                        </branch>
                        <branch name="False">
                            <simple name="NoOpTravelHasSpecialRequest" nextNode="JoinTravelHasSpecialRequest" nextAppDocStatus="Awaiting Executive Review" />
                        </branch>
                        <join name="JoinTravelHasSpecialRequest" />
                    </split>
					<role name="ExecutiveApproval" nextNode="SubFund" nextAppDocStatus="Awaiting Sub-Fund Review" />				
                    
                    <role name="SubFund" nextNode="Award" nextAppDocStatus="Awaiting Award Review" />
                    <role name="Award" nextNode="RequiresBudgetReview" nextAppDocStatus="Awaiting Budget Review" />
                    <split name="RequiresBudgetReview" nextNode="RequiresSeparationOfDuties" nextAppDocStatus="Awaiting Budget Review">
						<branch name="True">
							<role name="Budget" nextNode="JoinRequiresBudgetReview" nextAppDocStatus="Awaiting Separation Of Duties Review" />
						</branch>
						<branch name="False">
							<simple name="NoOpRequiresBudgetReview" nextNode="JoinRequiresBudgetReview" nextAppDocStatus="Awaiting Separation Of Duties Review" />
						</branch>
						<join name="JoinRequiresBudgetReview"/>
					</split>
                    <split name="RequiresSeparationOfDuties" nextNode="MovingAndRelocationManager" nextAppDocStatus="Awaiting Separation Of Duties Review">
                        <branch name="True">
                            <role name="SeparationOfDuties" nextNode="JoinRequiresSeparationOfDuties" nextAppDocStatus="Awaiting Moving and Relocation Manager Review" />
                        </branch>
                        <branch name="False">
                            <simple name="NoOpRequiresSeparationOfDuties" nextNode="JoinRequiresSeparationOfDuties" nextAppDocStatus="Awaiting Moving and Relocation Manager Review" />
                        </branch>   
                        <join name="JoinRequiresSeparationOfDuties" />                  
                    </split>
                    <role name="MovingAndRelocationManager" nextNode="TaxManagerApproval" nextAppDocStatus="Awaiting Tax Manager Review" />
                    <split name="TaxManagerApproval" nextNode="PaymentMethod" nextAppDocStatus="Awaiting Tax Manager Review">
			         	<branch name="True">
			            	<role name="Tax" nextNode="JoinTaxManagerApproval" nextAppDocStatus="Awaiting Disbursement Method Review" />
			         	</branch>
			         	<branch name="False">
			            	<simple name="NoOpTaxManagerApproval" nextNode="JoinTaxManagerApproval" nextAppDocStatus="Awaiting Disbursement Method Review" />
			         	</branch>
                        <join name="JoinTaxManagerApproval"/>		         		
	     			</split>
	     			<role name="PaymentMethod" nextAppDocStatus="Moving And Relocation Manager Approved" />
                </routePath>
            </routePaths> 
            
            <routeNodes>
            	<start name="AdHoc" />
                <join name="JoinTravelRequiresTravelerApproval" />
                <simple name="NoOpTravelRequiresTravelerApproval">
                    <type>org.kuali.rice.kew.engine.node.NoOpNode</type>
                </simple>
                <split name="TravelRequiresTravelerApproval">
                    <type>org.kuali.kfs.sys.document.workflow.SimpleBooleanSplitNode</type>
                </split>
                <role name="Traveler">
                    <qualifierResolverClass>org.kuali.rice.krad.workflow.attribute.DataDictionaryQualifierResolver</qualifierResolverClass>
                    <activationType>P</activationType>
                </role>
				<role name="Account">
					<qualifierResolverClass>
						org.kuali.rice.krad.workflow.attribute.DataDictionaryQualifierResolver
					</qualifierResolverClass>
					<activationType>
						P
                    </activationType>
				</role>
				<role name="AccountingOrganizationHierarchy">
					<qualifierResolverClass>
						org.kuali.rice.krad.workflow.attribute.DataDictionaryQualifierResolver
					</qualifierResolverClass>
					<activationType>
						P
                    </activationType>
				</role>
                
                <join name="JoinTravelHasSpecialRequest" />
                <simple name="NoOpTravelHasSpecialRequest">
                    <type>org.kuali.rice.kew.engine.node.NoOpNode</type>
                </simple>
                <split name="TravelHasSpecialRequest">
                    <type>org.kuali.kfs.sys.document.workflow.SimpleBooleanSplitNode</type>
                </split>
                <role name="SpecialRequest">
                    <qualifierResolverClass>org.kuali.rice.krad.workflow.attribute.DataDictionaryQualifierResolver</qualifierResolverClass>
                    <activationType>P</activationType>
                </role>
				 
                <role name="ExecutiveApproval">
                    <qualifierResolverClass>org.kuali.rice.krad.workflow.attribute.DataDictionaryQualifierResolver</qualifierResolverClass>
                    <activationType>P</activationType>
               </role>
				
				<role name="SubFund">
                    <qualifierResolverClass>
                        org.kuali.rice.krad.workflow.attribute.DataDictionaryQualifierResolver
                    </qualifierResolverClass>
                    <activationType>
                        P
                    </activationType>
                </role>
                <role name="Award">
                    <qualifierResolverClass>
                        org.kuali.rice.krad.workflow.attribute.DataDictionaryQualifierResolver
                    </qualifierResolverClass>
                    <activationType>
                        P
                    </activationType>
                </role>
                
                <role name="Budget">
					<qualifierResolverClass>org.kuali.rice.krad.workflow.attribute.DataDictionaryQualifierResolver</qualifierResolverClass>
					<activationType>P</activationType>
				</role>
				<split name="RequiresBudgetReview">
					<type>org.kuali.kfs.sys.document.workflow.SimpleBooleanSplitNode</type>
				</split>
                <simple name="NoOpRequiresBudgetReview">
                    <type>org.kuali.rice.kew.engine.node.NoOpNode</type>
                </simple>
                <join name="JoinRequiresBudgetReview" />
                
                <join name="JoinTaxManagerApproval" />
                <split name="TaxManagerApproval">
				    <type>org.kuali.kfs.sys.document.workflow.SimpleBooleanSplitNode</type>
				</split>
				<simple name="NoOpTaxManagerApproval">
				    <type>org.kuali.rice.kew.engine.node.NoOpNode</type>
				</simple>
				
				<role name="Tax">
			        <qualifierResolverClass>
			            org.kuali.rice.krad.workflow.attribute.DataDictionaryQualifierResolver
			        </qualifierResolverClass>
			        <activationType>P</activationType>
				</role> 
				
                <join name="JoinRequiresSeparationOfDuties" />
                <simple name="NoOpRequiresSeparationOfDuties">
                    <type>org.kuali.rice.kew.engine.node.NoOpNode</type>
                </simple>
                <split name="RequiresSeparationOfDuties">
                    <type>org.kuali.kfs.sys.document.workflow.SimpleBooleanSplitNode</type>
                </split>
                <role name="SeparationOfDuties">
                    <qualifierResolverClass>org.kuali.rice.krad.workflow.attribute.DataDictionaryQualifierResolver</qualifierResolverClass>
                    <activationType>P</activationType>
                </role>
                
                <role name="PaymentMethod">
                    <qualifierResolverClass>
                        org.kuali.rice.krad.workflow.attribute.DataDictionaryQualifierResolver
                    </qualifierResolverClass>
                    <activationType>
                        P
                    </activationType>
                </role>    
                
                <role name="MovingAndRelocationManager">
                    <qualifierResolverClass>
                        org.kuali.rice.krad.workflow.attribute.DataDictionaryQualifierResolver
                    </qualifierResolverClass>
                    <activationType>
                        P
                    </activationType>
                </role>        
            </routeNodes>        
        </documentType>
		<documentType>
      <name>TXRF</name>
      <parent>TT</parent>
      <description />
      <label>Taxable Ramification</label>
      <docHandler>${kfs.url}/temTaxableRamification.do?methodToCall=docHandler</docHandler>
      <active>true</active>
      <routingVersion>2</routingVersion>
      <routePaths>
        <routePath>
          <start name="AdHoc" nextNode="Traveler"/>
          <role name="Traveler" nextNode="RequireAccountNotification"/>
		  <split name="RequireAccountNotification" >
            <branch name="True">
              <role name="AccountNotification" nextNode="JoinRequireAccountNotification"  />
            </branch>
            <branch name="False">
              <simple name="NoOpRequireAccountNotification" nextNode="JoinRequireAccountNotification" />
            </branch>
            <join name="JoinRequireAccountNotification"/>
          </split>
        </routePath>
      </routePaths>
      <routeNodes>
        <start name="AdHoc" />
        <role name="Traveler">
          <qualifierResolverClass>org.kuali.rice.krad.workflow.attribute.DataDictionaryQualifierResolver</qualifierResolverClass>
          <activationType>P</activationType>
        </role>
		<split name="RequireAccountNotification">
          <type>
            org.kuali.kfs.sys.document.workflow.SimpleBooleanSplitNode
          </type>
        </split>
		 <role name="AccountNotification">
          <qualifierResolverClass>
            org.kuali.rice.krad.workflow.attribute.DataDictionaryQualifierResolver
          </qualifierResolverClass>
          <activationType>P</activationType>
        </role>
		 <join name="JoinRequireAccountNotification"/>
        <simple name="NoOpRequireAccountNotification">
          <type>
            org.kuali.rice.kew.engine.node.NoOpNode
          </type>
        </simple>
      </routeNodes>
    </documentType>
		<documentType>
            <name>ENT</name>
            <parent>TT</parent>
            <docHandler>${kfs.url}/temTravelEntertainment.do?methodToCall=docHandler
            </docHandler>
            <label>Entertainment Reimbursement</label>
            <attributes>
				<attribute>
					<name>TemFinancialSystemSearchableAttribute</name>
				</attribute>
				<attribute>
					<name>TravelDocumentSearchCustomizer</name>
				</attribute>
			</attributes>
            <active>
                true
            </active>
            <security>
                <securityAttribute name="TemSecurityAttribute"/>
            </security>
            <routingVersion>
                2
            </routingVersion>
            <authorizer>org.kuali.kfs.module.tem.document.authorization.TravelWorkflowDocumentAuthorizer</authorizer>
            <validApplicationStatuses>
                <status>In Process</status>
                <status>Awaiting Traveler Review</status>
                <status>Awaiting Fiscal Officer Review</status>
                <status>Awaiting Organization Review</status>
                <status>Awaiting Special Request Review</status>
                <status>Awaiting Sub-Fund Review</status>
                <status>Awaiting Award Review</status>
                <status>Awaiting Budget Review</status>
                <status>Awaiting Tax Manager Review</status>
                <status>Awaiting Separation Of Duties Review</status>
                <status>Awaiting Disbursement Payment Review</status>
                <status>Awaiting Entertainment Manager Review</status>
                <status>Department Approved</status>
                <status>Disapproved - Traveler</status>
                <status>Disapproved - Fiscal Officer</status>
                <status>Disapproved - Organization</status>
                <status>Disapproved - Special Request</status>
                <status>Disapproved - Sub-Fund</status>
                <status>Disapproved - Award</status>
                <status>Disapproved - Budget</status>
                <status>Disapproved - Tax Manager</status>
                <status>Disapproved - Separation Of Duties</status>
                <status>Disapproved - Disbursement Method</status>
                <status>Disapproved - Entertainment Manager</status>
                <status>Entertainment Manager Approved</status>
                <status>Cancelled</status>
            </validApplicationStatuses>
            <policies>
                <policy>
                    <name>DEFAULT_APPROVE</name>
                    <value>true</value>
                </policy>
                <policy>
                    <name>DOCUMENT_STATUS_POLICY</name>
                    <stringValue>app</stringValue>
                </policy>
            </policies>
            <routePaths>
                <routePath>
                	<start name="AdHoc" nextNode="TravelRequiresTravelerApproval" nextAppDocStatus="Awaiting Traveler Review"/>
                    <split name="TravelRequiresTravelerApproval" nextNode="Account" nextAppDocStatus="Awaiting Traveler Review">
                        <branch name="True">
                            <role name="Traveler" nextNode="JoinTravelRequiresTravelerApproval" nextAppDocStatus="Awaiting Fiscal Officer Review" />
                        </branch>
                        <branch name="False">
                            <simple name="NoOpTravelRequiresTravelerApproval" nextNode="JoinTravelRequiresTravelerApproval" nextAppDocStatus="Awaiting Fiscal Officer Review" />
                        </branch>
                        <join name="JoinTravelRequiresTravelerApproval"/>
                    </split>
                    <role name="Account" nextNode="AccountingOrganizationHierarchy" nextAppDocStatus="Awaiting Organization Review" />
                    <role name="AccountingOrganizationHierarchy" nextNode="TravelHasSpecialRequest" nextAppDocStatus="Awaiting Special Request Review" />
                 	<split name="TravelHasSpecialRequest" nextNode="SubFund" nextAppDocStatus="Awaiting Special Request Review">
						<branch name="True">
							<role name="SpecialRequest" nextNode="JoinTravelHasSpecialRequest" nextAppDocStatus="Awaiting Sub-Fund Review"/>
						</branch>
						<branch name="False">
							<simple name="NoOpTravelHasSpecialRequest" nextNode="JoinTravelHasSpecialRequest" nextAppDocStatus="Awaiting Sub-Fund Review"/>
						</branch>
						<join name="JoinTravelHasSpecialRequest"/>
					</split>
           	        <role name="SubFund" nextNode="Award" nextAppDocStatus="Awaiting Award Review" />
            	    <role name="Award" nextNode="RequiresBudgetReview" nextAppDocStatus="Awaiting Budget Review" />
            	    <split name="RequiresBudgetReview" nextNode="RequiresSeparationOfDuties" nextAppDocStatus="Awaiting Budget Review">
						<branch name="True">
							<role name="Budget" nextNode="JoinRequiresBudgetReview" nextAppDocStatus="Awaiting Separation Of Duties Review" />
						</branch>
						<branch name="False">
							<simple name="NoOpRequiresBudgetReview" nextNode="JoinRequiresBudgetReview" nextAppDocStatus="Awaiting Separation Of Duties Review" />
						</branch>
						<join name="JoinRequiresBudgetReview"/>
					</split>
                    <split name="RequiresSeparationOfDuties" nextNode="EntertainmentManager" nextAppDocStatus="Awaiting Separation Of Duties Review">
                        <branch name="True">
                            <role name="SeparationOfDuties" nextNode="JoinRequiresSeparationOfDuties" nextAppDocStatus="Awaiting Entertainment Manager Review" />
                        </branch>
                        <branch name="False">
                            <simple name="NoOpRequiresSeparationOfDuties" nextNode="JoinRequiresSeparationOfDuties" nextAppDocStatus="Awaiting Entertainment Manager Review" />
                        </branch>   
                        <join name="JoinRequiresSeparationOfDuties" />                  
                    </split>
					<role name="EntertainmentManager" nextNode="TaxManager" nextAppDocStatus="Awaiting Tax Manager Review"/>
					<split name="TaxManager" nextNode="PaymentMethod" nextAppDocStatus="Awaiting Tax Manager Review">
					   <branch name="True">
					      <role name="Tax" nextNode="JoinTaxManager" nextAppDocStatus="Awaiting Disbursement Payment Review"/>
					   </branch>
					   <branch name="False">
						  <simple name="NoOpTaxManager" nextNode="JoinTaxManager" nextAppDocStatus="Awaiting Disbursement Payment Review" />
					   </branch>
					   <join name="JoinTaxManager"/>
					</split>
					<role name="PaymentMethod" nextAppDocStatus="Entertainment Manager Approved"/>
                </routePath>
            </routePaths>
            <routeNodes>
          
                <start name="AdHoc" />
                <join name="JoinTravelRequiresTravelerApproval" />
                <simple name="NoOpTravelRequiresTravelerApproval">
                    <type>org.kuali.rice.kew.engine.node.NoOpNode</type>
                </simple>
                <split name="TravelRequiresTravelerApproval">
                    <type>org.kuali.kfs.sys.document.workflow.SimpleBooleanSplitNode</type>
                </split>
                <role name="Traveler">
                    <qualifierResolverClass>org.kuali.rice.krad.workflow.attribute.DataDictionaryQualifierResolver</qualifierResolverClass>
                    <activationType>P</activationType>
                </role>
				<role name="Account">
					<qualifierResolverClass>
						org.kuali.rice.krad.workflow.attribute.DataDictionaryQualifierResolver
					</qualifierResolverClass>
					<activationType>P</activationType>
				</role>
				<role name="AccountingOrganizationHierarchy">
					<qualifierResolverClass>
						org.kuali.rice.krad.workflow.attribute.DataDictionaryQualifierResolver
					</qualifierResolverClass>
					<activationType>P</activationType>
				</role>
					<join name="JoinTravelHasSpecialRequest" />
				<simple name="NoOpTravelHasSpecialRequest">
					<type>org.kuali.rice.kew.engine.node.NoOpNode</type>
				</simple>
				<split name="TravelHasSpecialRequest">
					<type>org.kuali.kfs.sys.document.workflow.SimpleBooleanSplitNode
					</type>
				</split>
				<role name="SpecialRequest">
                    <qualifierResolverClass>
                        org.kuali.rice.krad.workflow.attribute.DataDictionaryQualifierResolver
                    </qualifierResolverClass>
                    <activationType>P</activationType>
                </role>
                <role name="SubFund">
					<qualifierResolverClass>
						org.kuali.rice.krad.workflow.attribute.DataDictionaryQualifierResolver
					</qualifierResolverClass>
					<activationType>P</activationType>
				</role>
				<role name="Award">
					<qualifierResolverClass>
						org.kuali.rice.krad.workflow.attribute.DataDictionaryQualifierResolver
					</qualifierResolverClass>
					<activationType>P</activationType>
				</role>
				
				<role name="Budget">
					<qualifierResolverClass>org.kuali.rice.krad.workflow.attribute.DataDictionaryQualifierResolver</qualifierResolverClass>
					<activationType>P</activationType>
				</role>
				<split name="RequiresBudgetReview">
					<type>org.kuali.kfs.sys.document.workflow.SimpleBooleanSplitNode</type>
				</split>
                <simple name="NoOpRequiresBudgetReview">
                    <type>org.kuali.rice.kew.engine.node.NoOpNode</type>
                </simple>
                <join name="JoinRequiresBudgetReview" />
				
				<join name="JoinTaxManager" />
                <simple name="NoOpTaxManager">
                    <type>org.kuali.rice.kew.engine.node.NoOpNode</type>
                </simple>
                <split name="TaxManager">
                    <type>org.kuali.kfs.sys.document.workflow.SimpleBooleanSplitNode</type>
                </split>
                <role name="Tax">
					<qualifierResolverClass>
						org.kuali.rice.krad.workflow.attribute.DataDictionaryQualifierResolver
					</qualifierResolverClass>
					<activationType>P</activationType>
				</role>
            
                <join name="JoinRequiresSeparationOfDuties" />
                <simple name="NoOpRequiresSeparationOfDuties">
                    <type>org.kuali.rice.kew.engine.node.NoOpNode</type>
                </simple>
                <split name="RequiresSeparationOfDuties">
                    <type>org.kuali.kfs.sys.document.workflow.SimpleBooleanSplitNode</type>
                </split>
                <role name="SeparationOfDuties">
                    <qualifierResolverClass>org.kuali.rice.krad.workflow.attribute.DataDictionaryQualifierResolver</qualifierResolverClass>
                    <activationType>P</activationType>
                </role>
                
                <role name="PaymentMethod">
                    <qualifierResolverClass>
                        org.kuali.rice.krad.workflow.attribute.DataDictionaryQualifierResolver
                    </qualifierResolverClass>
                    <activationType>P</activationType>
                </role>
            
				<role name="EntertainmentManager">
                    <qualifierResolverClass>
                        org.kuali.rice.krad.workflow.attribute.DataDictionaryQualifierResolver
                    </qualifierResolverClass>
                    <activationType>P</activationType>
                </role>
            </routeNodes>
        </documentType>
		<documentType>
			<name>CTAP</name>
			<parent>TT</parent>
			<label>CTS Card Application</label>
			<docHandler>${kfs.url}/temCTSCardApplication.do?methodToCall=docHandler</docHandler>
			<active>true</active>
			<routingVersion>2</routingVersion>
			<authorizer>org.kuali.kfs.module.tem.document.authorization.TravelWorkflowDocumentAuthorizer</authorizer>
			<validApplicationStatuses>
				<status>Application</status>
				<status>Account Review</status>
				<status>Travel Office Review</status>
				<status>Pending Bank Application</status>
				<status>Applied To Bank</status>
				<status>Approved By Bank</status>
				<status>Declined</status>
			</validApplicationStatuses>
			<policies>
				<policy>
					<name>DOCUMENT_STATUS_POLICY</name>
					<stringValue>app</stringValue>
				</policy>
			</policies>
			<routePaths>
				<routePath>
					<start name="AdHoc" nextNode="Account" nextAppDocStatus="Account Review" />
					<role name="Account" nextNode="Travel" nextAppDocStatus="Travel Office Review" />
					<role name="Travel" nextAppDocStatus="Approved By Bank" />
				</routePath>
			</routePaths>
			<routeNodes>
				<start name="AdHoc" />
				<role name="Account">
					<qualifierResolverClass>
						org.kuali.rice.krad.workflow.attribute.DataDictionaryQualifierResolver
					</qualifierResolverClass>
					<activationType>
						P
                    </activationType>
				</role>
				<role name="Travel">
					<qualifierResolverClass>
						org.kuali.rice.krad.workflow.attribute.DataDictionaryQualifierResolver
					</qualifierResolverClass>
					<activationType>
						P
                    </activationType>
				</role>
			</routeNodes>
		</documentType>
		<documentType>
			<name>CCAP</name>
			<parent>TT</parent>
			<label>Corporate Card Application</label>
			<docHandler>${kfs.url}/temCorporateCardApplication.do?methodToCall=docHandler</docHandler>
			<active>true</active>
			<routingVersion>2</routingVersion>
			<authorizer>org.kuali.kfs.module.tem.document.authorization.TravelWorkflowDocumentAuthorizer</authorizer>
			<validApplicationStatuses>
				<status>Application</status>
				<status>Fiscal Officer Review</status>
				<status>Pending Bank Application</status>
				<status>Applied To Bank</status>
				<status>Approved By Bank</status>
				<status>Approved</status>
				<status>Declined</status>
			</validApplicationStatuses>
			<policies>
				<policy>
					<name>DOCUMENT_STATUS_POLICY</name>
					<stringValue>app</stringValue>
				</policy>
			</policies>
			<routePaths>
				<routePath>
					<start name="AdHoc" nextNode="Account" nextAppDocStatus="Fiscal Officer Review" />
					<role name="Account" nextNode="Travel" nextAppDocStatus="Pending Bank Application" />
					<role name="Travel" nextAppDocStatus="Approved" />
				</routePath>
			</routePaths>
			<routeNodes>
				<start name="AdHoc" />
				<role name="Account">
					<qualifierResolverClass>
						org.kuali.rice.krad.workflow.attribute.DataDictionaryQualifierResolver
					</qualifierResolverClass>
					<activationType>
						P
                    </activationType>
				</role>
				<role name="Travel">
					<qualifierResolverClass>
						org.kuali.rice.krad.workflow.attribute.DataDictionaryQualifierResolver
					</qualifierResolverClass>
					<activationType>
						P
                    </activationType>
				</role>
			</routeNodes>
		</documentType>
		<documentType>
			<name>
				TACA
			</name>
			<parent>
				FSLO
			</parent>
			<label>
				Travel Authorization – Check/ACH
			</label>
			<active>
				true
			</active>
			<routingVersion>
				2
			</routingVersion>
			<routePaths />
		</documentType>
		<documentType>
			<name>
				TAWF
			</name>
			<parent>
				FSLO
			</parent>
			<label>
				Travel Authorization – WT/FD
			</label>
			<active>
				true
			</active>
			<routingVersion>
				2
			</routingVersion>
			<routePaths />
		</documentType>
		<documentType>
			<name>
				TRCA
			</name>
			<parent>
				FSLO
			</parent>
			<label>
				Travel Reimbursement – Check/ACH
			</label>
			<active>
				true
			</active>
			<routingVersion>
				2
			</routingVersion>
			<routePaths />
		</documentType>
		<documentType>
			<name>
				TRWF
			</name>
			<parent>
				FSLO
			</parent>
			<label>
				Travel Reimbursement – WT/FD
			</label>
			<active>
				true
			</active>
			<routingVersion>
				2
			</routingVersion>
			<routePaths />
		</documentType>
		<documentType>
			<name>
				ENCA
			</name>
			<parent>
				FSLO
			</parent>
			<label>
				Entertainment – Check/ACH
			</label>
			<active>
				true
			</active>
			<routingVersion>
				2
			</routingVersion>
			<routePaths />
		</documentType>
		<documentType>
			<name>
				ENWF
			</name>
			<parent>
				FSLO
			</parent>
			<label>
				Entertainment – WT/FD
			</label>
			<active>
				true
			</active>
			<routingVersion>
				2
			</routingVersion>
			<routePaths />
		</documentType>
		<documentType>
			<name>
				RECA
			</name>
			<parent>
				FSLO
			</parent>
			<label>
				Moving and Relocation – Check/ACH
			</label>
			<active>
				true
			</active>
			<routingVersion>
				2
			</routingVersion>
			<routePaths />
		</documentType>
		<documentType>
			<name>
				REWF
			</name>
			<parent>
				FSLO
			</parent>
			<label>
				Moving and Relocation – WT/FD
			</label>
			<active>
				true
			</active>
			<routingVersion>
				2
			</routingVersion>
			<routePaths />
		</documentType>
		<documentType>
	      <name>
	        TRTA
	      </name>
	      <parent>
	        FSLO
	      </parent>
	      <label>
	        Travel Reimbursement Travel Advances
	      </label>
	      <active>
	        true
	      </active>
	      <routingVersion>
	        2
	      </routingVersion>
	      <routePaths/>
	    </documentType>
	    <documentType>
	      <name>
	        RCCA
	      </name>
	      <parent>
	        FSLO
	      </parent>
	      <label>
	        TEM Reimbursable Corporate Card – Check/ACH
	      </label>
	      <active>
	        true
	      </active>
	      <routingVersion>
	        2
	      </routingVersion>
	      <routePaths/>
	    </documentType>
	</documentTypes>
</data>