<?xml version="1.0" encoding="UTF-8"?>
<!--
    Copyright 2012 The Kuali Foundation

    Licensed under the Educational Community License, Version 2.0 (the "License");
    you may not use this file except in compliance with the License.
    You may obtain a copy of the License at

    http://www.opensource.org/licenses/ecl2.php

    Unless required by applicable law or agreed to in writing, software
    distributed under the License is distributed on an "AS IS" BASIS,
    WITHOUT WARRANTIES OR CONDITIONS OF ANY KIND, either express or implied.
    See the License for the specific language governing permissions and
    limitations under the License.
-->
<data xmlns="ns:workflow" xmlns:xsi="http://www.w3.org/2001/XMLSchema-instance"
	xsi:schemaLocation="ns:workflow resource:WorkflowData">
<documentTypes xmlns="ns:workflow/DocumentType"
		xsi:schemaLocation="ns:workflow/DocumentType resource:DocumentType">
		
<!-- Need to re-ingest the top-level document to reset the rule attributes -->
    <documentType>
      <name>KFS</name>
      <parent>KualiDocument</parent>
      <label>FinancialSystemDocument</label>
      <serviceNamespace>KFS</serviceNamespace>
      <docHandler>${kfs.url}/kr/maintenance.do?methodToCall=docHandler</docHandler>
      <postProcessorName>org.kuali.kfs.sys.document.workflow.PostProcessor</postProcessorName>
      <active>true</active>
      <attributes>
        <attribute>
          <name>FinancialSystemSearchableAttribute</name>
        </attribute>
        <attribute>
          <name>KFSDocumentSearchCustomizer</name>
        </attribute>
      </attributes>
      <routingVersion>2</routingVersion>
    </documentType>

	<!-- KFSCNTRB56_UPDATE_CFDM_PARENT_DOC_TYPE -->
    <documentType>
      <name>
        CFDM
      </name>
      <parent>
        COSM
      </parent>
      <label>
        Catalog of Federal Domestic Assistance
      </label>
      <helpDefinitionURL>
        default.htm?turl=WordDocuments%2Fcatalogoffederaldomesticassistance.htm
      </helpDefinitionURL>
      <active>
        true
      </active>
      <routingVersion>
        2
      </routingVersion>
    </documentType>

	<documentType>
		<name>PCDM</name>
		<parent>FPSM</parent>
		<label>Procurement Card Default</label>
		<helpDefinitionURL>default.htm?turl=WordDocuments%2Fcreditcardtype.htm</helpDefinitionURL>
		<active>true</active>
		<routingVersion>2</routingVersion>
	</documentType>
	
	<!-- KFSMI-7058 -->
	<documentType>
		<name>APDT</name>
		<parent>CMSM</parent>
		<label>Asset Payment Document Type</label>
		<active>true</active>
		<routingVersion>2</routingVersion>
	</documentType>
	
	<!-- KFSMI-6813 -->		
	<documentType>
		<name>BC</name>
		<helpDefinitionURL>default.htm?turl=WordDocuments%2Fbudgetdonstructionselection.htm</helpDefinitionURL>
		<parent>BCT</parent>
		<label>Budget Construction Document</label>
		<docHandler>${kfs.url}/budgetBudgetConstruction.do?methodToCall=docHandler</docHandler>
		<postProcessorName>none</postProcessorName>
		<active>true</active>
		<routingVersion>2</routingVersion>
		<routePaths />
	</documentType>
			
    <documentType>
      <name>
        BNRC
      </name>
      <parent>
        LDSM
      </parent>
      <label>
        Labor Benefit Rate Category
      </label>
      <helpDefinitionURL>
        default.htm?turl=WordDocuments%2FlaborBenefitRateCategory.htm
      </helpDefinitionURL>
      <active>
        true
      </active>
      <routingVersion>
        2
      </routingVersion>
    </documentType>    
		
		
	<!-- KFSMI-4606 -->
		<documentType overwriteMode="true">
			<name>ECD</name>
			<parent>EC</parent>
			<label>Effort Certification</label>
			<docHandler>${kfs.url}/effortEffortCertification.do?methodToCall=docHandler
			</docHandler>
			<docSearchHelpURL>${kfs.externalizable.help.url}/default.htm?turl=WordDocuments%2Feffortcertificationsearch.htm</docSearchHelpURL>
			<helpDefinitionURL></helpDefinitionURL>
			<active>true</active>
			<routingVersion>2</routingVersion>
			<routePaths>
				<routePath>
					<start name="AdHoc" nextNode="ProjectManagement" />
					<requests name="ProjectManagement" nextNode="Account" />
					<requests name="Account" nextNode="AccountingOrganizationHierarchy" />
					<requests name="AccountingOrganizationHierarchy" nextNode="DoAwardSplit" />

					<!-- FSKD-632 iu-custom: added routeNode -->
					<split name="DoAwardSplit" nextNode="RequiresWorkstudyReview">
						<branch name="True">
							<role name="Award" nextNode="AwardJoin" />
						</branch>
						<branch name="False">
							<simple name="AwardDoNothing" nextNode="AwardJoin" />
						</branch>
						<join name="AwardJoin" />
					</split>
					<split name="RequiresWorkstudyReview" nextNode="DoRecreateSplit">
						<branch name="True">
							<requests name="Workstudy" nextNode="JoinRequiresWorkstudyReview" />
						</branch>
						<branch name="False">
							<simple name="RequiresWorkstudyNoOp" nextNode="JoinRequiresWorkstudyReview" />
						</branch>
						<join name="JoinRequiresWorkstudyReview" />
					</split>

					<split name="DoRecreateSplit">
						<branch name="True">
							<requests name="Management" nextNode="RecreateJoin" />
						</branch>
						<branch name="False">
							<simple name="RecreateDoNothing" nextNode="RecreateJoin" />
						</branch>
						<join name="RecreateJoin" />
					</split>
				</routePath>
			</routePaths>
			<routeNodes>
				<start name="AdHoc" />
				<role name="ProjectManagement">
					<qualifierResolverClass>org.kuali.rice.krad.workflow.attribute.DataDictionaryQualifierResolver
					</qualifierResolverClass>
					<activationType>P</activationType>
				</role>
				<role name="Account">
					<qualifierResolverClass>org.kuali.rice.krad.workflow.attribute.DataDictionaryQualifierResolver
					</qualifierResolverClass>
					<activationType>P</activationType>
				</role>
				<role name="AccountingOrganizationHierarchy">
					<qualifierResolverClass>org.kuali.rice.krad.workflow.attribute.DataDictionaryQualifierResolver
					</qualifierResolverClass>
					<activationType>P</activationType>
				</role>
				<role name="Award">
					<qualifierResolverClass>org.kuali.rice.krad.workflow.attribute.DataDictionaryQualifierResolver
					</qualifierResolverClass>
					<activationType>P</activationType>
				</role>
				<role name="Management">
					<qualifierResolverClass>org.kuali.rice.krad.workflow.attribute.DataDictionaryQualifierResolver
					</qualifierResolverClass>
					<activationType>P</activationType>
				</role>
				<split name="DoAwardSplit">
					<type>org.kuali.kfs.sys.document.workflow.SimpleBooleanSplitNode
					</type>
				</split>
				<split name="DoRecreateSplit">
					<type>org.kuali.kfs.sys.document.workflow.SimpleBooleanSplitNode
					</type>
				</split>
				<simple name="AwardDoNothing">
					<type>org.kuali.rice.kew.engine.node.NoOpNode</type>
				</simple>
				<simple name="RecreateDoNothing">
					<type>org.kuali.rice.kew.engine.node.NoOpNode</type>
				</simple>

				<!-- FSKD-632 iu-custom: added routeNode -->
				<split name="RequiresWorkstudyReview">
					<type>org.kuali.kfs.sys.document.workflow.SimpleBooleanSplitNode
					</type>
				</split>
				<simple name="RequiresWorkstudyNoOp">
					<type>org.kuali.rice.kew.engine.node.NoOpNode</type>
				</simple>
				<join name="JoinRequiresWorkstudyReview" />
				<role name="Workstudy">
					<qualifierResolverClass>org.kuali.rice.krad.workflow.attribute.DataDictionaryQualifierResolver
					</qualifierResolverClass>
					<activationType>P</activationType>
				</role>

				<join name="AwardJoin" />
				<join name="RecreateJoin" />
			</routeNodes>
		</documentType>

    <documentType>
      <name>
        CRM
      </name>
      <parent>
        AR
      </parent>
      <label>
        Customer Credit Memo
      </label>
      <docHandler>
        ${kfs.url}/arCustomerCreditMemoDocument.do?methodToCall=docHandler
      </docHandler>
      <helpDefinitionURL>
        default.htm?turl=WordDocuments%2Fcustomercreditmemo.htm
      </helpDefinitionURL>
      <docSearchHelpURL>
        ${kfs.externalizable.help.url}/default.htm?turl=WordDocuments%2Fcustomercreditmemos.htm
      </docSearchHelpURL>
      <active>
        true
      </active>
      <routingVersion>
        2
      </routingVersion>
      <routePaths>
        <routePath>
          <start name="AdHoc" nextNode="Account" />
          <role name="Account" nextNode="AccountingOrganizationHierarchy"/>
		  <role name="AccountingOrganizationHierarchy"/>
        </routePath>
      </routePaths>
      <routeNodes>
        <start name="AdHoc" />
        <role name="Account">
          <qualifierResolverClass>org.kuali.rice.krad.workflow.attribute.DataDictionaryQualifierResolver</qualifierResolverClass>
          <activationType>P</activationType>
        </role>
		<role name="AccountingOrganizationHierarchy">
          <qualifierResolverClass>org.kuali.rice.krad.workflow.attribute.DataDictionaryQualifierResolver</qualifierResolverClass>
          <activationType>P</activationType>
        </role>
      </routeNodes>
    </documentType>
		
    <documentType>
      <name>PDP</name>
      <parent>FSLO</parent>
      <label>Pre-Disbursement Processing</label>
      <active>true</active>
      <routingVersion>2</routingVersion>
      <routePaths/>
    </documentType>

    <documentType>
      <name>
        DV
      </name>
      <parent>
        FP
      </parent>
      <label>
        Disbursement Voucher
      </label>
      <docHandler>
        ${kfs.url}/financialDisbursementVoucher.do?methodToCall=docHandler
      </docHandler>
      <helpDefinitionURL>
        default.htm?turl=WordDocuments%2Fdisbursementvoucher.htm
      </helpDefinitionURL>
      <docSearchHelpURL>
        ${kfs.externalizable.help.url}/default.htm?turl=WordDocuments%2Fdisbursementvouchers.htm
      </docSearchHelpURL>
      <active>
        true
      </active>
      <routingVersion>
        2
      </routingVersion>
      <routePaths>
        <routePath>
          <start name="AdHoc" nextNode="PayeeIsPurchaseOrderVendor"/>
          <split name="PayeeIsPurchaseOrderVendor" nextNode="Account">
            <branch name="True">
              <role name="Purchasing" nextNode="JoinPayeeIsPurchaseOrderVendor"/>
            </branch>
            <branch name="False">
              <simple name="NoOpPayee" nextNode="JoinPayeeIsPurchaseOrderVendor"/>
            </branch>
            <join name="JoinPayeeIsPurchaseOrderVendor"/>
          </split>
          <role name="Account" nextNode="AccountingOrganizationHierarchy"/>
          <role name="AccountingOrganizationHierarchy" nextNode="RequiresTaxReview"/>
          <split name="RequiresTaxReview" nextNode="Award">
            <branch name="True">
              <role name="Tax" nextNode="JoinRequiresTaxReview"/>
            </branch>
            <branch name="False">
              <simple name="NoOpTaxReview" nextNode="JoinRequiresTaxReview"/>
            </branch>
            <join name="JoinRequiresTaxReview"/>
          </split>
          <role name="Award" nextNode="RequiresTravelReview"/>
          <split name="RequiresTravelReview" nextNode="Campus">
            <branch name="True">
              <role name="Travel" nextNode="JoinRequiresTravelReview"/>
            </branch>
            <branch name="False">
              <simple name="NoOpTravelReview" nextNode="JoinRequiresTravelReview"/>
            </branch>
            <join name="JoinRequiresTravelReview"/>
          </split>
          <role name="Campus" nextNode="PaymentMethod"/>
          <role name="PaymentMethod" nextNode="RequiresSeparationOfDutiesReview"/>
          <split name="RequiresSeparationOfDutiesReview">
            <branch name="True">
              <role name="SeparationOfDuties" nextNode="Join"/>
            </branch>
            <branch name="False">
              <simple name="NoOp" nextNode="Join"/>
            </branch>
            <join name="Join"/>
          </split>
        </routePath>
      </routePaths>
      <routeNodes>
        <start name="AdHoc"/>
        <split name="PayeeIsPurchaseOrderVendor">
          <type>
            org.kuali.kfs.sys.document.workflow.SimpleBooleanSplitNode
          </type>
        </split>
        <role name="Purchasing">
          <qualifierResolverClass>
            org.kuali.rice.krad.workflow.attribute.DataDictionaryQualifierResolver
          </qualifierResolverClass>
          <activationType>
            P
          </activationType>
        </role>
        <join name="JoinPayeeIsPurchaseOrderVendor"/>
        <simple name="NoOpPayee">
          <type>
            org.kuali.rice.kew.engine.node.NoOpNode
          </type>
        </simple>
        <role name="Account">
          <qualifierResolverClass>
            org.kuali.rice.krad.workflow.attribute.DataDictionaryQualifierResolver
          </qualifierResolverClass>
          <activationType>
            P
          </activationType>
        </role>
        <role name="AccountingOrganizationHierarchy">
          <qualifierResolverClass>
            org.kuali.rice.krad.workflow.attribute.DataDictionaryQualifierResolver
          </qualifierResolverClass>
          <activationType>
            P
          </activationType>
        </role>
        <split name="RequiresTaxReview">
          <type>
            org.kuali.kfs.sys.document.workflow.SimpleBooleanSplitNode
          </type>
        </split>
        <role name="Tax">
          <qualifierResolverClass>
            org.kuali.rice.krad.workflow.attribute.DataDictionaryQualifierResolver
          </qualifierResolverClass>
          <activationType>
            P
          </activationType>
        </role>
        <join name="JoinRequiresTaxReview"/>
        <simple name="NoOpTaxReview">
          <type>
            org.kuali.rice.kew.engine.node.NoOpNode
          </type>
        </simple>
        <role name="Award">
          <qualifierResolverClass>
            org.kuali.rice.krad.workflow.attribute.DataDictionaryQualifierResolver
          </qualifierResolverClass>
          <activationType>
            P
          </activationType>
        </role>
        <split name="RequiresTravelReview">
          <type>
            org.kuali.kfs.sys.document.workflow.SimpleBooleanSplitNode
          </type>
        </split>
        <role name="Travel">
          <qualifierResolverClass>
            org.kuali.rice.krad.workflow.attribute.DataDictionaryQualifierResolver
          </qualifierResolverClass>
          <activationType>
            P
          </activationType>
        </role>
        <join name="JoinRequiresTravelReview"/>
        <simple name="NoOpTravelReview">
          <type>
            org.kuali.rice.kew.engine.node.NoOpNode
          </type>
        </simple>
        <role name="Campus">
          <qualifierResolverClass>
            org.kuali.rice.krad.workflow.attribute.DataDictionaryQualifierResolver
          </qualifierResolverClass>
          <activationType>
            P
          </activationType>
        </role>
        <role name="PaymentMethod">
          <qualifierResolverClass>
            org.kuali.rice.krad.workflow.attribute.DataDictionaryQualifierResolver
          </qualifierResolverClass>
          <activationType>
            P
          </activationType>
        </role>
        <split name="RequiresSeparationOfDutiesReview">
          <type>
            org.kuali.kfs.sys.document.workflow.SimpleBooleanSplitNode
          </type>
        </split>
        <role name="SeparationOfDuties">
          <qualifierResolverClass>
            org.kuali.rice.krad.workflow.attribute.DataDictionaryQualifierResolver
          </qualifierResolverClass>
        </role>
        <join name="Join"/>
        <simple name="NoOp">
          <type>
            org.kuali.rice.kew.engine.node.NoOpNode
          </type>
        </simple>
      </routeNodes>
    </documentType>

    <documentType>
      <name>
        ST
      </name>
      <parent>
        LD
      </parent>
      <label>
        Salary Expense Transfer
      </label>
      <docHandler>
        ${kfs.url}/laborSalaryExpenseTransfer.do?methodToCall=docHandler
      </docHandler>
      <helpDefinitionURL>
        default.htm?turl=WordDocuments%2Fsalaryexpensetransfer.htm
      </helpDefinitionURL>
      <active>
        true
      </active>
      <routingVersion>
        2
      </routingVersion>
      <routePaths>
        <routePath>
          <start name="AdHoc" nextNode="Account"/>
          <role name="Account" nextNode="AccountingOrganizationHierarchy"/>
          <role name="AccountingOrganizationHierarchy" nextNode="SubFund"/>
          <role name="SubFund" nextNode="Award"/>
          <requests name="Award" nextNode="RequiresWorkstudyReview"/> 
		  <split name="RequiresWorkstudyReview"> 
  			<branch name="True"> 
    			<requests name="Workstudy" nextNode="JoinRequiresWorkstudyReview"/> 
  			</branch> 
  			<branch name="False"> 
    			<simple name="RequiresWorkstudyNoOp" nextNode="JoinRequiresWorkstudyReview"/> 
  			</branch> 
  			<join name="JoinRequiresWorkstudyReview"/> 
		  </split>
        </routePath>
      </routePaths>
      <routeNodes>
        <start name="AdHoc"/>
        <role name="Account">
          <qualifierResolverClass>
            org.kuali.rice.krad.workflow.attribute.DataDictionaryQualifierResolver
          </qualifierResolverClass>
          <activationType>P</activationType>
        </role>
        <role name="AccountingOrganizationHierarchy">
          <qualifierResolverClass>
            org.kuali.rice.krad.workflow.attribute.DataDictionaryQualifierResolver
          </qualifierResolverClass>
          <activationType>P</activationType>
        </role>
        <role name="SubFund">
          <qualifierResolverClass>
            org.kuali.rice.krad.workflow.attribute.DataDictionaryQualifierResolver
          </qualifierResolverClass>
          <activationType>P</activationType>
        </role>
        <role name="Award">
          <qualifierResolverClass>
            org.kuali.rice.krad.workflow.attribute.DataDictionaryQualifierResolver
          </qualifierResolverClass>
          <activationType>P</activationType>
        </role>
        <split name="RequiresWorkstudyReview">
          <type>org.kuali.kfs.sys.document.workflow.SimpleBooleanSplitNode</type>
        </split>
        <simple name="RequiresWorkstudyNoOp">
          <type>org.kuali.rice.kew.engine.node.NoOpNode</type>
        </simple>
        <join name="JoinRequiresWorkstudyReview"/>
        <role name="Workstudy">
          <qualifierResolverClass>org.kuali.rice.krad.workflow.attribute.DataDictionaryQualifierResolver</qualifierResolverClass>
          <activationType>P</activationType>
        </role>
      </routeNodes>
    </documentType>

	<documentType>
		<name>YEARENDDEPR</name>
		<label>Year End Depreciation Assets</label>
		<parent>CMSM</parent>
   	   	<active>true</active>
    	<routingVersion>2</routingVersion>
	</documentType>

    <documentType>
      <name>BCBB</name>
      <parent>FSLO</parent>
      <label>Budget Construction Base Budget</label>
      <active>true</active>
      <routingVersion>2</routingVersion>
    </documentType>

	<!-- Updating to make the routing parallel like all other documents. -->
    <documentType>
      <name>
        LDYE
      </name>
      <parent>
        LD
      </parent>
      <label>
        LaborDistributionYearEndTransactionalDocument
      </label>
      <active>
        true
      </active>
      <routingVersion>
        2
      </routingVersion>
      <routePaths>
        <routePath>
          <start name="AdHoc" nextNode="AccountingOrganizationHierarchy"/>
          <role name="AccountingOrganizationHierarchy" nextNode="SubFund"/>
          <role name="SubFund" nextNode="Award"/>
          <role name="Award"/>
        </routePath>
      </routePaths>
      <routeNodes>
        <start name="AdHoc"/>
        <role name="AccountingOrganizationHierarchy">
          <qualifierResolverClass>
            org.kuali.rice.krad.workflow.attribute.DataDictionaryQualifierResolver
          </qualifierResolverClass>
          <activationType>P</activationType>
        </role>
        <role name="SubFund">
          <qualifierResolverClass>
            org.kuali.rice.krad.workflow.attribute.DataDictionaryQualifierResolver
          </qualifierResolverClass>
          <activationType>P</activationType>
        </role>
        <role name="Award">
          <qualifierResolverClass>
            org.kuali.rice.krad.workflow.attribute.DataDictionaryQualifierResolver
          </qualifierResolverClass>
          <activationType>P</activationType>
        </role>
      </routeNodes>
    </documentType>

	<!-- Updating to make the routing parallel like all other documents. -->
    <documentType>
      <name>
        BT
      </name>
      <parent>
        LD
      </parent>
      <label>
        Benefit Expense Transfer
      </label>
      <docHandler>
        ${kfs.url}/laborBenefitExpenseTransfer.do?methodToCall=docHandler
      </docHandler>
      <helpDefinitionURL>
        default.htm?turl=WordDocuments%2Fbenefitexpensetransfer.htm
      </helpDefinitionURL>
      <active>
        true
      </active>
      <routingVersion>
        2
      </routingVersion>
      <routePaths>
        <routePath>
          <start name="AdHoc" nextNode="Account"/>
          <role name="Account" nextNode="AccountingOrganizationHierarchy"/>
          <role name="AccountingOrganizationHierarchy" nextNode="SubFund"/>
          <role name="SubFund" nextNode="Award"/>
          <role name="Award"/>
        </routePath>
      </routePaths>
      <routeNodes>
        <start name="AdHoc"/>
        <role name="Account">
          <qualifierResolverClass>
            org.kuali.rice.krad.workflow.attribute.DataDictionaryQualifierResolver
          </qualifierResolverClass>
          <activationType>P</activationType>
        </role>
        <role name="AccountingOrganizationHierarchy">
          <qualifierResolverClass>
            org.kuali.rice.krad.workflow.attribute.DataDictionaryQualifierResolver
          </qualifierResolverClass>
          <activationType>P</activationType>
        </role>
        <role name="SubFund">
          <qualifierResolverClass>
            org.kuali.rice.krad.workflow.attribute.DataDictionaryQualifierResolver
          </qualifierResolverClass>
          <activationType>P</activationType>
        </role>
        <role name="Award">
          <qualifierResolverClass>
            org.kuali.rice.krad.workflow.attribute.DataDictionaryQualifierResolver
          </qualifierResolverClass>
          <activationType>P</activationType>
        </role>
      </routeNodes>
    </documentType>

</documentTypes>
</data>