<!--
    Copyright 2012 The Kuali Foundation

    Licensed under the Educational Community License, Version 2.0 (the "License");
    you may not use this file except in compliance with the License.
    You may obtain a copy of the License at

    http://www.opensource.org/licenses/ecl2.php

    Unless required by applicable law or agreed to in writing, software
    distributed under the License is distributed on an "AS IS" BASIS,
    WITHOUT WARRANTIES OR CONDITIONS OF ANY KIND, either express or implied.
    See the License for the specific language governing permissions and
    limitations under the License.
-->
<databaseChangeLog xmlns='http://www.liquibase.org/xml/ns/dbchangelog'
	xmlns:xsi='http://www.w3.org/2001/XMLSchema-instance'
	xsi:schemaLocation='http://www.liquibase.org/xml/ns/dbchangelog http://www.liquibase.org/xml/ns/dbchangelog/dbchangelog-2.0.xsd'>

	<changeSet author="KFS50" id="KFSCNTRB-1053">
		<comment>KFSCNTRB-1053 PO marked sensitive data needs to record in notes</comment>
		<insert tableName="KRCR_PARM_T">
			<column name="NMSPC_CD" value="KFS-PURAP" />
			<column name="CMPNT_CD" value="PurchaseOrder" />
			<column name="PARM_NM" value="SENSITIVE_DATA_NOTE_IND" />
			<column name="VAL" value="N" />
			<column name="OBJ_ID" value="53129c50-2306-4fbb-aa4e-c17dcfcde4f2" />
			<column name="VER_NBR" valueNumeric="1" />
			<column name="PARM_TYP_CD" value="CONFG" />
			<column name="PARM_DESC_TXT" value="Indicates whether a note will be automatically added to the PO when marked Sensitive Data." />
			<column name="EVAL_OPRTR_CD" value="A" />
			<column name="APPL_ID" value="KFS" />
		</insert>
	</changeSet>
</databaseChangeLog>