<?xml version="1.0" encoding="UTF-8" standalone="no"?>
<!--
    Copyright 2012 The Kuali Foundation

    Licensed under the Educational Community License, Version 2.0 (the "License");
    you may not use this file except in compliance with the License.
    You may obtain a copy of the License at

    http://www.opensource.org/licenses/ecl2.php

    Unless required by applicable law or agreed to in writing, software
    distributed under the License is distributed on an "AS IS" BASIS,
    WITHOUT WARRANTIES OR CONDITIONS OF ANY KIND, either express or implied.
    See the License for the specific language governing permissions and
    limitations under the License.
-->
<databaseChangeLog xmlns='http://www.liquibase.org/xml/ns/dbchangelog'
	xmlns:xsi='http://www.w3.org/2001/XMLSchema-instance'
	xsi:schemaLocation='http://www.liquibase.org/xml/ns/dbchangelog http://www.liquibase.org/xml/ns/dbchangelog/dbchangelog-2.0.xsd'>
	<changeSet author="KFS50" id="KFS_50_Data_CM_CPTLAST_T_oracle"
		dbms="oracle">
		<comment>KFSMI-6628 sql script to correct Total Costs in the Asset Detail Tab</comment>
		<sql><![CDATA[
			update CM_CPTLAST_T set cptlast_totcst_amt = (select
			sum(acct_charge_amt)
			from CM_AST_PAYMENT_T s where
			s.cptlast_nbr=CM_CPTLAST_T.cptlast_nbr)
			where rowid in (select t.rowid
			from CM_CPTLAST_T t where exists (select *
			from (select
			sum(s.acct_charge_amt) pmt_sum, s.cptlast_nbr ast_nbr from
			CM_AST_PAYMENT_T s, CM_CPTLAST_T t
			where s.cptlast_nbr = t.cptlast_nbr
			group by s.cptlast_nbr)
			where ast_nbr = t.cptlast_nbr
			and pmt_sum <>
			t.cptlast_totcst_amt));
		]]></sql>
	</changeSet>
	<changeSet author="KFS50" id="KFS_50_Data_CM_CPTLAST_T_MySQL"
		dbms="mysql">
		<comment>KFSMI-6628 sql script to correct Total Costs in the Asset Detail Tab</comment>
		<sql><![CDATA[
			update CM_CPTLAST_T as T5
			INNER JOIN
			(select * from CM_CPTLAST_T as T2, (select sum(s.acct_charge_amt) pmt_sum,
			s.cptlast_nbr ast_nbr
			from CM_AST_PAYMENT_T as s, CM_CPTLAST_T as t
			where s.cptlast_nbr = t.cptlast_nbr
			group by s.cptlast_nbr) as T1 where T1.ast_nbr = T2.CPTLAST_NBR and
			T1.pmt_sum<> T2.cptlast_totcst_amt) as T4 ON (T4.cptlast_nbr =
			T5.cptlast_nbr)
			set T5.cptlast_totcst_amt = (select sum(acct_charge_amt) from
			CM_AST_PAYMENT_T as s where s.cptlast_nbr=T5.cptlast_nbr)
		]]></sql>
	</changeSet>

</databaseChangeLog>