<?xml version="1.0" encoding="UTF-8" standalone="no"?>
<!--
    Copyright 2012 The Kuali Foundation

    Licensed under the Educational Community License, Version 2.0 (the "License");
    you may not use this file except in compliance with the License.
    You may obtain a copy of the License at

    http://www.opensource.org/licenses/ecl2.php

    Unless required by applicable law or agreed to in writing, software
    distributed under the License is distributed on an "AS IS" BASIS,
    WITHOUT WARRANTIES OR CONDITIONS OF ANY KIND, either express or implied.
    See the License for the specific language governing permissions and
    limitations under the License.
-->
<databaseChangeLog xmlns='http://www.liquibase.org/xml/ns/dbchangelog/1.9'
	xmlns:xsi='http://www.w3.org/2001/XMLSchema-instance'
	xsi:schemaLocation='http://www.liquibase.org/xml/ns/dbchangelog/1.9 http://www.liquibase.org/xml/ns/dbchangelog/dbchangelog-1.9.xsd'>
	<changeSet author="KFS50" id='KFSMI-8733_PurAP_status_code_and_tables_data_cleanup'>
		<comment>Run these scripts if you want to remove the statuscode columns in purap module.</comment>
		<!-- drop the column REQS_STAT_CD for requisitions and then drop the requisition statuses table -->
		<dropForeignKeyConstraint constraintName="PUR_REQS_TR2" baseTableName="PUR_REQS_T"/>
		<dropColumn tableName="PUR_REQS_T" columnName="REQS_STAT_CD"/>
		<dropTable tableName="PUR_REQS_STAT_T"/>
		<!-- drop the column PO_STAT_CD for purchase orders and then drop the purchase order statuses table -->
		<dropForeignKeyConstraint constraintName="PUR_PO_TR2" baseTableName="PUR_PO_T"/>
		<dropColumn tableName="PUR_PO_T" columnName="PO_STAT_CD"/>
		<createView viewName="PUR_PO_V" replaceIfExists="true">
select 
p.AP_PUR_DOC_LNK_ID,
p.PO_ID,
p.PO_CUR_IND,
p.FDOC_NBR,
p.OBJ_ID,
p.RECUR_PMT_TYP_CD,
p.PO_VNDR_CHC_CD,
p.PO_END_DT,
e.TOTAL_ENCUMBRANCE,
summation.TOTAL_AMOUNT
from pur_po_t p,
pur_po_itm_tot_enc_v e,
pur_po_itm_tot_amt_v summation
where p.FDOC_NBR = e.FDOC_NBR
and p.FDOC_NBR = summation.FDOC_NBR
		</createView>
		<dropTable tableName="PUR_PO_STAT_T"/>
		<!-- drop the column PMT_RQST_STAT_CD for payment requests and then drop the payment request statuses table -->
		<dropForeignKeyConstraint constraintName="AP_PMT_RQST_TR2" baseTableName="AP_PMT_RQST_T"/>
		<dropColumn tableName="AP_PMT_RQST_T" columnName="PMT_RQST_STAT_CD"/>
		<dropTable tableName="AP_PMT_RQST_STAT_T"/>
		<!-- drop the column CRDT_MEMO_STAT_CD for credit memo and then drop the credit memo statuses table -->
		<dropForeignKeyConstraint constraintName="AP_CRDT_MEMO_TR7" baseTableName="AP_CRDT_MEMO_T"/>
		<dropColumn tableName="AP_CRDT_MEMO_T" columnName="CRDT_MEMO_STAT_CD"/>
		<dropTable tableName="AP_CRDT_MEMO_STAT_T"/>
		<!-- drop the column RCVNG_LN_STAT_CD for receiving line item and then drop the receiving line item statuses table -->
		<dropForeignKeyConstraint constraintName="PUR_RCVNG_LN_TR1" baseTableName="PUR_RCVNG_LN_T"/>
		<dropColumn tableName="PUR_RCVNG_LN_T" columnName="RCVNG_LN_STAT_CD"/>
		<dropTable tableName="PUR_RCVNG_LN_STAT_T"/>
	</changeSet>
</databaseChangeLog>