<?xml version="1.0" encoding="UTF-8" standalone="no"?>
<!--
    Copyright 2012 The Kuali Foundation

    Licensed under the Educational Community License, Version 2.0 (the "License");
    you may not use this file except in compliance with the License.
    You may obtain a copy of the License at

    http://www.opensource.org/licenses/ecl2.php

    Unless required by applicable law or agreed to in writing, software
    distributed under the License is distributed on an "AS IS" BASIS,
    WITHOUT WARRANTIES OR CONDITIONS OF ANY KIND, either express or implied.
    See the License for the specific language governing permissions and
    limitations under the License.
-->
<databaseChangeLog xmlns='http://www.liquibase.org/xml/ns/dbchangelog/1.9'
	xmlns:xsi='http://www.w3.org/2001/XMLSchema-instance'
	xsi:schemaLocation='http://www.liquibase.org/xml/ns/dbchangelog/1.9 http://www.liquibase.org/xml/ns/dbchangelog/dbchangelog-1.9.xsd'>
	<changeSet author="KFS50" id='KFSMI-8733_PurAP_status_code_and_tables_data_cleanup'>
		<comment>Run these scripts if you want to just NULL the values in statuscode tables....</comment>
		<!-- NULL the values for the column REQS_STAT_CD for requisitions -->
		<update tableName="PUR_REQS_T">
			<column name="REQS_STAT_CD" value="NULL"/>
		</update>
		<!-- NULL the values for the column PO_STAT_CD for purchase orders -->
		<update tableName="PUR_PO_T">
			<column name="PO_STAT_CD" value="NULL"/>
		</update>
		<!-- NULL the values for the column PMT_RQST_STAT_CD for payment requests -->
		<update tableName="AP_PMT_RQST_T">
			<column name="PMT_RQST_STAT_CD" value="NULL"/>
		</update>
		<!-- NULL the values for the column CRDT_MEMO_STAT_CD for vendor credit memos -->
		<update tableName="AP_CRDT_MEMO_T">
			<column name="CRDT_MEMO_STAT_CD" value="NULL"/>
		</update>
		<!-- NULL the values for the column RCVNG_LN_STAT_CD for receiving line item -->
		<update tableName="PUR_RCVNG_LN_T">
			<column name="RCVNG_LN_STAT_CD" value="NULL"/>
		</update>
	</changeSet>
</databaseChangeLog>