<?xml version="1.0" encoding="UTF-8" standalone="no"?>
<!--
    Copyright 2012 The Kuali Foundation

    Licensed under the Educational Community License, Version 2.0 (the "License");
    you may not use this file except in compliance with the License.
    You may obtain a copy of the License at

    http://www.opensource.org/licenses/ecl2.php

    Unless required by applicable law or agreed to in writing, software
    distributed under the License is distributed on an "AS IS" BASIS,
    WITHOUT WARRANTIES OR CONDITIONS OF ANY KIND, either express or implied.
    See the License for the specific language governing permissions and
    limitations under the License.
-->
<databaseChangeLog xmlns='http://www.liquibase.org/xml/ns/dbchangelog'
	xmlns:xsi='http://www.w3.org/2001/XMLSchema-instance'
	xsi:schemaLocation='http://www.liquibase.org/xml/ns/dbchangelog http://www.liquibase.org/xml/ns/dbchangelog/dbchangelog-2.0.xsd'>

	<changeSet author="RICE20" id="RICE_CLIENT_UPDATES_oracle" dbms="oracle">
		<sqlFile path="rice_20_client_final_oracle.sql" />
	</changeSet>
	<changeSet author="RICE20" id="RICE_CLIENT_UPDATES_mysql" dbms="mysql">
		<sqlFile path="rice_20_client_final_mysql.sql" />
	</changeSet>

	<changeSet author="RICE21" id="RICE_CLIENT_UPDATES_mysql" dbms="mysql">
		<sql><![CDATA[
CREATE TABLE KRNS_MAINT_DOC_ATT_LST_T  (
    ATT_ID      varchar(40) NOT NULL,
	DOC_HDR_ID	varchar(14) NOT NULL,
	ATT_CNTNT 	longblob NOT NULL,
	FILE_NM   	varchar(150) NULL,
	CNTNT_TYP 	varchar(255) NULL,
	OBJ_ID    	varchar(36) NOT NULL,
	VER_NBR   	decimal(8,0) NOT NULL DEFAULT 0,
	PRIMARY KEY(ATT_ID),
	CONSTRAINT KRNS_MAINT_DOC_ATT_LST_FK1 foreign key (DOC_HDR_ID) references KRNS_MAINT_DOC_T (DOC_HDR_ID)
);

ALTER TABLE KRNS_MAINT_DOC_ATT_LST_T
	ADD CONSTRAINT KRNS_MAINT_DOC_ATT_LST_TC0
	UNIQUE (OBJ_ID);

create index KRNS_MAINT_DOC_ATT_LST_TI1 on KRNS_MAINT_DOC_ATT_LST_T (DOC_HDR_ID);

create table KRNS_MAINT_DOC_ATT_S (
  id bigint(19) not null auto_increment,
  primary key (id)
) ENGINE MyISAM;
alter table KRNS_MAINT_DOC_ATT_S auto_increment = 10000;
		]]></sql>
	</changeSet>

	<changeSet author="RICE21" id="RICE_CLIENT_UPDATES_oracle" dbms="oracle">
		<sql><![CDATA[
CREATE TABLE KRNS_MAINT_DOC_ATT_LST_T  (
    ATT_ID      VARCHAR2(40) NOT NULL,
	DOC_HDR_ID	VARCHAR2(14) NOT NULL,
	ATT_CNTNT 	blob NOT NULL,
	FILE_NM   	VARCHAR2(150) NULL,
	CNTNT_TYP 	VARCHAR2(255) NULL,
	OBJ_ID    	VARCHAR2(36) NOT NULL,
	VER_NBR   	NUMBER(8) DEFAULT 0 NOT NULL,
	PRIMARY KEY(ATT_ID),
	CONSTRAINT KRNS_MAINT_DOC_ATT_LST_FK1 foreign key (DOC_HDR_ID) references KRNS_MAINT_DOC_T (DOC_HDR_ID)
);

ALTER TABLE KRNS_MAINT_DOC_ATT_LST_T
	ADD CONSTRAINT KRNS_MAINT_DOC_ATT_LST_TC0
	UNIQUE (OBJ_ID);

CREATE INDEX KRNS_MAINT_DOC_ATT_LST_TI1 on KRNS_MAINT_DOC_ATT_LST_T (DOC_HDR_ID);

CREATE SEQUENCE KRNS_MAINT_DOC_ATT_S INCREMENT BY 1 START WITH 10000 NOMAXVALUE NOCYCLE NOCACHE ORDER;
		]]></sql>
	</changeSet>

</databaseChangeLog>