"SEC_ACRL_MTHD","SEC_ACRL_MTHD_DESC","VER_NBR","OBJ_ID"
"A","Automated Cash Management","1","8529CD484554060AE0404F8189D81C0B"
"B","Discount Bonds","1","8529CD484555060AE0404F8189D81C0B"
"D","Dividends","1","8529CD484556060AE0404F8189D81C0B"
"M","Time Deposits","1","8529CD484557060AE0404F8189D81C0B"
"N","None","1","8529CD484558060AE0404F8189D81C0B"
"T","Treasury Notes and Bonds","1","8529CD484559060AE0404F8189D81C0B"
"3","Mortgage Pass-Through 30","1","8529CD48455A060AE0404F8189D81C0B"
"6","Mortgage Pass-Through 60","1","8529CD48455B060AE0404F8189D81C0B"
