<?xml version="1.0" encoding="UTF-8" standalone="no"?>
<!--
    Copyright 2010 The Kuali Foundation

    Licensed under the Educational Community License, Version 2.0 (the "License");
    you may not use this file except in compliance with the License.
    You may obtain a copy of the License at

    http://www.opensource.org/licenses/ecl2.php

    Unless required by applicable law or agreed to in writing, software
    distributed under the License is distributed on an "AS IS" BASIS,
    WITHOUT WARRANTIES OR CONDITIONS OF ANY KIND, either express or implied.
    See the License for the specific language governing permissions and
    limitations under the License.
-->
<databaseChangeLog xmlns="http://www.liquibase.org/xml/ns/dbchangelog/1.9"
	xmlns:xsi="http://www.w3.org/2001/XMLSchema-instance"
	xsi:schemaLocation="http://www.liquibase.org/xml/ns/dbchangelog/1.9 http://www.liquibase.org/xml/ns/dbchangelog/dbchangelog-1.9.xsd">

	<changeSet author="kfs"
		id="KFS_40_ADD_RESEARCH_COLUMNS_TO_OBJECT_TABLES">
		<comment>add new columns to CA_OBJECT_CODE_T</comment>
		<addColumn tableName="CA_OBJECT_CODE_T">
			<column name="RSCH_BDGT_CTGRY_CD" type="VARCHAR2(3)" />
			<column name="RSCH_OBJ_CD_DESC" type="VARCHAR2(200)" />
			<column name="RSCH_ON_CMP_IND" type="VARCHAR2(1)" />
		</addColumn>
		<modifySql dbms="mysql">
			<replace replace="VARCHAR2" with="VARCHAR" />
			<replace replace="NUMBER" with="DECIMAL" />
		</modifySql>
	</changeSet>

	<changeSet author="kfs"
		id="KFS_40_ADD_RESEARCH_COLUMNS_TO_OBJECT_VIEW">
		<comment>add new columns to CA_OBJECT_CODE_V</comment>
		<createView viewName="CA_OBJECT_CODE_V" replaceIfExists="true">
SELECT
C.UNIV_FISCAL_YR,
FIN_COA_CD,
FIN_OBJECT_CD,
FIN_OBJ_CD_NM,
FIN_OBJ_CD_SHRT_NM,
FIN_OBJ_LEVEL_CD,
RPTS_TO_FIN_COA_CD,
RPTS_TO_FIN_OBJ_CD ,
FIN_OBJ_TYP_CD,
FIN_OBJ_SUB_TYP_CD,
HIST_FIN_OBJECT_CD,
FIN_OBJ_ACTIVE_CD,
FOBJ_BDGT_AGGR_CD,
FOBJ_MNXFR_ELIM_CD,
FIN_FED_FUNDED_CD,
NXT_YR_FIN_OBJ_CD,
RSCH_BDGT_CTGRY_CD,
RSCH_OBJ_CD_DESC,
RSCH_ON_CMP_IND
FROM CA_OBJECT_CODE_T C, SH_UNIV_DATE_T S
WHERE C.UNIV_FISCAL_YR = S.UNIV_FISCAL_YR AND UNIV_DT = TRUNC(SYSDATE)

    </createView>
		<modifySql dbms="mysql">
			<replace replace="TRUNC(SYSDATE)" with="DATE(CURRENT_DATE)" />
		</modifySql>
	</changeSet>

	<changeSet author="kfs" id="KFS_40_ADD_NEW_OBJECT_COLS_TO_GLOBAL_DOC">
		<comment>add three new attributes to CA_OBJ_CD_CHG_DOC_T</comment>
		<addColumn tableName="CA_OBJ_CD_CHG_DOC_T">
			<column name="RSCH_BDGT_CTGRY_CD" type="VARCHAR2(3)" />
			<column name="RSCH_OBJ_CD_DESC" type="VARCHAR2(200)" />
			<column name="RSCH_ON_CMP_IND" type="VARCHAR2(1)" />
		</addColumn>
		<modifySql dbms="mysql">
			<replace replace="VARCHAR2" with="VARCHAR" />
		</modifySql>
	</changeSet>
</databaseChangeLog>
