<?xml version="1.0" encoding="UTF-8" standalone="no"?>
<!--
    Copyright 2010 The Kuali Foundation

    Licensed under the Educational Community License, Version 2.0 (the "License");
    you may not use this file except in compliance with the License.
    You may obtain a copy of the License at

    http://www.opensource.org/licenses/ecl2.php

    Unless required by applicable law or agreed to in writing, software
    distributed under the License is distributed on an "AS IS" BASIS,
    WITHOUT WARRANTIES OR CONDITIONS OF ANY KIND, either express or implied.
    See the License for the specific language governing permissions and
    limitations under the License.
-->
<databaseChangeLog xmlns="http://www.liquibase.org/xml/ns/dbchangelog/1.9"
	xmlns:xsi="http://www.w3.org/2001/XMLSchema-instance"
	xsi:schemaLocation="http://www.liquibase.org/xml/ns/dbchangelog/1.9 http://www.liquibase.org/xml/ns/dbchangelog/dbchangelog-1.9.xsd">


	<changeSet author="Muddu" id="5693-1-1">
		<comment>Need to add a column for Exception Attached to FP_DV_DOC_T Table.</comment>
		<addColumn tableName="FP_DV_DOC_T">
			<column name="DV_EXCPT_IND" type="VARCHAR2(1)" defaultValue="N">
				<constraints nullable="false" />
			</column>
		</addColumn>
		<modifySql dbms="mysql">
			<replace replace="VARCHAR2" with="VARCHAR" />
		</modifySql>
	</changeSet>

	<changeSet author="Sam" id="5926-1-1">
		<comment>Add new fields to table FP_DV_NRA_TAX_T   </comment>
		<addColumn tableName="FP_DV_NRA_TAX_T">
			<column name="SPCL_W4_INC_AMT" type="NUMBER(19,2)" />
			<column name="USAID_DIEM_IND" type="VARCHAR2(1)" />
			<column name="INC_TAX_EXMPT_CD_OTHR_IND" type="VARCHAR2(1)" />
			<column name="NQI_CUST_TAX_ID" type="VARCHAR2(50)" />
		</addColumn>
		<modifySql dbms="mysql">
			<replace replace="VARCHAR2" with="VARCHAR" />
			<replace replace="NUMBER" with="DECIMAL" />
		</modifySql>
	</changeSet>

	<changeSet author="Bob" id="KFS_40_FP_VENDOR_FIELD_LENGTHS">
		<comment>KFSMI-5869  CAB doesn"t accept a vendor name &gt; 40 characters </comment>
		<modifyColumn tableName="FP_CPTL_AST_INFO_T">
			<column name="CPTLAST_MFR_NM" type="VARCHAR2(45)" />
		</modifyColumn>
		<modifySql dbms="mysql">
			<replace replace="VARCHAR2" with="VARCHAR" />
		</modifySql>
	</changeSet>
</databaseChangeLog>
