<?xml version="1.0" encoding="UTF-8" standalone="no"?>
<!--
    Copyright 2010 The Kuali Foundation

    Licensed under the Educational Community License, Version 2.0 (the "License");
    you may not use this file except in compliance with the License.
    You may obtain a copy of the License at

    http://www.opensource.org/licenses/ecl2.php

    Unless required by applicable law or agreed to in writing, software
    distributed under the License is distributed on an "AS IS" BASIS,
    WITHOUT WARRANTIES OR CONDITIONS OF ANY KIND, either express or implied.
    See the License for the specific language governing permissions and
    limitations under the License.
-->
<databaseChangeLog xmlns="http://www.liquibase.org/xml/ns/dbchangelog/1.9"
	xmlns:xsi="http://www.w3.org/2001/XMLSchema-instance"
	xsi:schemaLocation="http://www.liquibase.org/xml/ns/dbchangelog/1.9 http://www.liquibase.org/xml/ns/dbchangelog/dbchangelog-1.9.xsd">

	<changeSet author="kfs" id="KFS_40_PDP_ADD_SORT_FIELD_TO_PMT_GRP">
		<modifyColumn tableName="PDP_PMT_GRP_T">
			<column name="PMT_SORT_ORD_VAL" type="VARCHAR2(150)" />
		</modifyColumn>
		<modifySql dbms="mysql">
			<replace replace="VARCHAR2" with="VARCHAR" />
		</modifySql>
	</changeSet>

	<changeSet author="Bob" id="5975-1-1" failOnError="true">
		<comment>These changes are required to handle the changes that will be made to PayeeACHAccount.xml, PaymentGroup.xml, ProcessSummary.xml and ACHPayee.xml. </comment>
		<modifyColumn tableName="PDP_ACH_BNK_T">
			<column name="bnk_nm" type="VARCHAR2(40)" />
		</modifyColumn>
		<modifySql dbms="mysql">
			<replace replace="VARCHAR2" with="VARCHAR" />
		</modifySql>
	</changeSet>
	<changeSet author="Bob" id="5975-1-2" failOnError="true">
		<comment>These changes are required to handle the changes that will be made to PayeeACHAccount.xml, PaymentGroup.xml, ProcessSummary.xml and ACHPayee.xml. </comment>
		<modifyColumn tableName="PDP_PAYEE_ACH_ACCT_T">
			<column name="PAYEE_EMAIL_ADDR" type="VARCHAR2(200)" />
		</modifyColumn>
		<modifySql dbms="mysql">
			<replace replace="VARCHAR2" with="VARCHAR" />
		</modifySql>
	</changeSet>
	<changeSet author="Bob" id="5975-1-3" failOnError="true">
		<comment>These changes are required to handle the changes that will be made to PayeeACHAccount.xml, PaymentGroup.xml, ProcessSummary.xml and ACHPayee.xml. </comment>
		<modifyColumn tableName="PDP_PMT_GRP_T">
			<column name="ADV_EMAIL_ADDR" type="VARCHAR2(200)" />
		</modifyColumn>
		<modifySql dbms="mysql">
			<replace replace="VARCHAR2" with="VARCHAR" />
		</modifySql>
	</changeSet>

</databaseChangeLog>
