<?xml version="1.0" encoding="UTF-8" standalone="no"?>
<!--
    Copyright 2011 The Kuali Foundation

    Licensed under the Educational Community License, Version 2.0 (the "License");
    you may not use this file except in compliance with the License.
    You may obtain a copy of the License at

    http://www.opensource.org/licenses/ecl2.php

    Unless required by applicable law or agreed to in writing, software
    distributed under the License is distributed on an "AS IS" BASIS,
    WITHOUT WARRANTIES OR CONDITIONS OF ANY KIND, either express or implied.
    See the License for the specific language governing permissions and
    limitations under the License.
-->
<databaseChangeLog xmlns="http://www.liquibase.org/xml/ns/dbchangelog/1.9" xmlns:xsi="http://www.w3.org/2001/XMLSchema-instance" xsi:schemaLocation="http://www.liquibase.org/xml/ns/dbchangelog/1.9 http://www.liquibase.org/xml/ns/dbchangelog/dbchangelog-1.9.xsd">
  <changeSet author="KFS401" id="SECURITY_MODULE_REFERENCE_DATA">
    <comment>Inserting data into the Security module reference tables.</comment>
    <insert tableName="SEC_SCRTY_ATTR_T">
      <column name="ATTR_ID" valueNumeric="1" />
      <column name="OBJ_ID" valueNumeric="SYS_GUID() " />
      <column name="ATTR_NM" value="Account" />
    </insert>

    <insert tableName="SEC_SCRTY_ATTR_T">
      <column name="ATTR_ID" valueNumeric="2" />
      <column name="OBJ_ID" valueNumeric="SYS_GUID() " />
      <column name="ATTR_NM" value="Chart" />
    </insert>

    <insert tableName="SEC_SCRTY_ATTR_T">
      <column name="ATTR_ID" valueNumeric="3" />
      <column name="OBJ_ID" valueNumeric="SYS_GUID() " />
      <column name="ATTR_NM" value="Chart-Descend Hierarchy" />
    </insert>

    <insert tableName="SEC_SCRTY_ATTR_T">
      <column name="ATTR_ID" valueNumeric="4" />
      <column name="OBJ_ID" valueNumeric="SYS_GUID() " />
      <column name="ATTR_NM" value="Object" />
    </insert>

    <insert tableName="SEC_SCRTY_ATTR_T">
      <column name="ATTR_ID" valueNumeric="5" />
      <column name="OBJ_ID" valueNumeric="SYS_GUID() " />
      <column name="ATTR_NM" value="Object Level" />
    </insert>

    <insert tableName="SEC_SCRTY_ATTR_T">
      <column name="ATTR_ID" valueNumeric="6" />
      <column name="OBJ_ID" valueNumeric="SYS_GUID() " />
      <column name="ATTR_NM" value="Organization" />
    </insert>

    <insert tableName="SEC_SCRTY_ATTR_T">
      <column name="ATTR_ID" valueNumeric="7" />
      <column name="OBJ_ID" valueNumeric="SYS_GUID() " />
      <column name="ATTR_NM" value="Organization-Descend Hierarchy" />
    </insert>

    <insert tableName="SEC_SCRTY_ATTR_T">
      <column name="ATTR_ID" valueNumeric="8" />
      <column name="OBJ_ID" valueNumeric="SYS_GUID() " />
      <column name="ATTR_NM" value="Principal Investigator" />
    </insert>

    <insert tableName="SEC_SCRTY_ATTR_T">
      <column name="ATTR_ID" valueNumeric="9" />
      <column name="OBJ_ID" valueNumeric="SYS_GUID() " />
      <column name="ATTR_NM" value="Project Code" />
    </insert>

    <insert tableName="SEC_SCRTY_ATTR_T">
      <column name="ATTR_ID" valueNumeric="10" />
      <column name="OBJ_ID" valueNumeric="SYS_GUID() " />
      <column name="ATTR_NM" value="Sub Account" />
    </insert>

    <modifySql dbms="mysql">
      <replace replace="SYS_GUID()" with="uuid()" />
    </modifySql>
  </changeSet>
</databaseChangeLog>