<?xml version="1.0" encoding="UTF-8" standalone="no"?>
<databaseChangeLog xmlns='http://www.liquibase.org/xml/ns/dbchangelog'
	xmlns:xsi='http://www.w3.org/2001/XMLSchema-instance'
	xsi:schemaLocation='http://www.liquibase.org/xml/ns/dbchangelog http://www.liquibase.org/xml/ns/dbchangelog/dbchangelog-2.0.xsd'>

	<changeSet author="KFS53" id="KFSCNTRB-1777_PDP_PAYEE_ACH_ACCT_T">
		<comment>KFSMI-1777 Need to add these 2 columns to PDP_PAYEE_ACH_ACCT_T to indicate whether/when the record is auto-inactivated or manually updated.</comment>
		<addColumn tableName="PDP_PAYEE_ACH_ACCT_T">
			<column name="AUTO_INACTV_IND" type="VARCHAR(1)" />
			<column name="LST_UPDT_TS" type="DATE" />
		</addColumn>
		<modifySql dbms="mysql">
			<replace replace="DATE" with="DATETIME" />
		</modifySql>
	</changeSet>
	
</databaseChangeLog>
	