<databaseChangeLog xmlns='http://www.liquibase.org/xml/ns/dbchangelog'
	xmlns:xsi='http://www.w3.org/2001/XMLSchema-instance'
	xsi:schemaLocation='http://www.liquibase.org/xml/ns/dbchangelog http://www.liquibase.org/xml/ns/dbchangelog/dbchangelog-2.0.xsd'>
	
	<changeSet author="KFSTEM" id="KFSMI-8897">
		<comment>Update parameters to allow the Travel and Entertainment Module payment documents to have banks associated.</comment>
		<update tableName="KRCR_PARM_T">
			<column name="VAL" value="DV;PREQ;CM;CTRL;TA;TAA;TR;RELO;ENT" />
			<where>NMSPC_CD='KFS-SYS' AND CMPNT_CD = 'Bank' AND PARM_NM='BANK_CODE_DOCUMENT_TYPES' AND APPL_ID = 'KFS'</where>
		</update>
		<update tableName="KRCR_PARM_T">
			<column name="VAL" value="DV=TEST;ND=TEST;AD=TEST;CMD=TEST;PREQ=TEST;CM=TEST;CTRL=TEST;CCR=TEST;TA=TEST;TR=TEST;RELO=TEST;ENT=TEST" />
			<where>NMSPC_CD='KFS-SYS' AND CMPNT_CD = 'Bank' AND PARM_NM='DEFAULT_BANK_BY_DOCUMENT_TYPE' AND APPL_ID = 'KFS'</where>
		</update>
	</changeSet>
	<changeSet author="KFSTEM" id="KFSMI-11126">
		<insert tableName="KRCR_NMSPC_T">
			<column name="APPL_ID" value="KFS"/>
			<column name="NMSPC_CD" value="KFS-TEM"/>
			<column name="OBJ_ID" value="KFS-TEM"/>
			<column name="NM" value="Travel/Entertainment Module"/>
			<column name="ACTV_IND" value="Y"/>
		</insert>
		<insert tableName="KRCR_CMPNT_T">
			<column name="NMSPC_CD" value="KFS-TEM"/>
			<column name="CMPNT_CD" value="All"/>
			<column name="OBJ_ID" value="KFS-TEM-PARM-DTL-001"/>
			<column name="NM" value="All"/>
			<column name="ACTV_IND" value="Y"/>
		</insert>
		<insert tableName="KRCR_CMPNT_T">
			<column name="NMSPC_CD" value="KFS-TEM"/>
			<column name="CMPNT_CD" value="Batch"/>
			<column name="OBJ_ID" value="KFS-TEM-PARM-DTL-002"/>
			<column name="NM" value="Batch"/>
			<column name="ACTV_IND" value="Y"/>
		</insert>
		<insert tableName="KRCR_CMPNT_T">
			<column name="NMSPC_CD" value="KFS-TEM"/>
			<column name="CMPNT_CD" value="Document"/>
			<column name="OBJ_ID" value="KFS-TEM-PARM-DTL-003"/>
			<column name="NM" value="Document"/>
			<column name="ACTV_IND" value="Y"/>
		</insert>
		<insert tableName="KRCR_CMPNT_T">
			<column name="NMSPC_CD" value="KFS-TEM"/>
			<column name="CMPNT_CD" value="Lookup"/>
			<column name="OBJ_ID" value="KFS-TEM-PARM-DTL-004"/>
			<column name="NM" value="Lookup"/>
			<column name="ACTV_IND" value="Y"/>
		</insert>
		
		<insert tableName="KRCR_PARM_T">
			<column name="NMSPC_CD" value="KFS-TEM"/>
			<column name="CMPNT_CD" value="Document"/>
			<column name="PARM_NM" value="ALWAYS_REIMBURSABLE_CARD_TYPE"/>
			<column name="OBJ_ID" value="KFS-TEM-PARM-003"/>
			<column name="PARM_TYP_CD" value="CONFG"/>
			<column name="VAL" value="MC"/>
			<column name="PARM_DESC_TXT" value="Specifies the card types used in the Imported Tab where the expense is always reimbursable (for example, CTS card)."/>
			<column name="EVAL_OPRTR_CD" value="A"/>
			<column name="APPL_ID" value="KFS"/>
		</insert>
		<insert tableName="KRCR_PARM_T">
			<column name="NMSPC_CD" value="KFS-TEM"/>
			<column name="CMPNT_CD" value="Document"/>
			<column name="PARM_NM" value="TRAVEL_EMAIL_ADDRESS"/>
			<column name="OBJ_ID" value="KFS-TEM-PARM-004"/>
			<column name="PARM_TYP_CD" value="CONFG"/>
			<column name="VAL" value="travel@localhost"/>
			<column name="PARM_DESC_TXT" value="The campus travel email address from which the notification is sent"/>
			<column name="EVAL_OPRTR_CD" value="A"/>
			<column name="APPL_ID" value="KFS"/>
		</insert>
		<insert tableName="KRCR_PARM_T">
			<column name="NMSPC_CD" value="KFS-TEM"/>
			<column name="CMPNT_CD" value="Document"/>
			<column name="PARM_NM" value="CUMULATIVE_REIMBURSABLE_AMOUNT_WITHOUT_DIVISION_APPROVAL"/>
			<column name="OBJ_ID" value="KFS-TEM-PARM-006"/>
			<column name="PARM_TYP_CD" value="CONFG"/>
			<column name="VAL" value="10000"/>
			<column name="PARM_DESC_TXT" value="The cumulative amount for reimbursement without division approval"/>
			<column name="EVAL_OPRTR_CD" value="A"/>
			<column name="APPL_ID" value="KFS"/>
		</insert>
		<insert tableName="KRCR_PARM_T">
			<column name="NMSPC_CD" value="KFS-TEM"/>
			<column name="CMPNT_CD" value="Document"/>
			<column name="PARM_NM" value="IMPORTED_EXPENSE_DETAIL_IND"/>
			<column name="OBJ_ID" value="KFS-TEM-PARM-007"/>
			<column name="PARM_TYP_CD" value="CONFG"/>
			<column name="VAL" value="N"/>
			<column name="PARM_DESC_TXT" value="When this parameter value is &quot;Y&quot;, the Imported Expense Detail section of the Imported Expense tab is disabled."/>
			<column name="EVAL_OPRTR_CD" value="A"/>
			<column name="APPL_ID" value="KFS"/>
		</insert>
		<insert tableName="KRCR_PARM_T">
			<column name="NMSPC_CD" value="KFS-TEM"/>
			<column name="CMPNT_CD" value="Document"/>
			<column name="PARM_NM" value="EMPLOYEE_CERTIFICATION_STATEMENT"/>
			<column name="OBJ_ID" value="KFS-TEM-PARM-008"/>
			<column name="PARM_TYP_CD" value="CONFG"/>
			<column name="VAL" value="I certify the statements herein are true and just in all respects; that payment of the amounts claimed has not and will not be reimbursed to me from any other sources; that travel performed for which reimbursement is claimed was performed by me on State business and that no claims are included for expense of a personal or political nature or for any other expense not authorized by the State of Colorado Fiscal Rules; and that I actually incurred or paid the operating expenses of the motor vehicles for which reimbursement is claimed."/>
			<column name="PARM_DESC_TXT" value="The statement displayed in the Employee Certification tab of the Travel Reimbursement document when the Traveler Type is &quot;Employee&quot;"/>
			<column name="EVAL_OPRTR_CD" value="A"/>
			<column name="APPL_ID" value="KFS"/>
		</insert>
		<insert tableName="KRCR_PARM_T">
			<column name="NMSPC_CD" value="KFS-TEM"/>
			<column name="CMPNT_CD" value="Document"/>
			<column name="PARM_NM" value="EMPLOYEE_TRAVELER_TYPE_CODES"/>
			<column name="OBJ_ID" value="KFS-TEM-PARM-009"/>
			<column name="PARM_TYP_CD" value="CONFG"/>
			<column name="VAL" value="EMP"/>
			<column name="PARM_DESC_TXT" value="The traveler type code(s) that represents an employee."/>
			<column name="EVAL_OPRTR_CD" value="A"/>
			<column name="APPL_ID" value="KFS"/>
		</insert>
		<insert tableName="KRCR_PARM_T">
			<column name="NMSPC_CD" value="KFS-TEM"/>
			<column name="CMPNT_CD" value="Document"/>
			<column name="PARM_NM" value="AMOUNT_DUE_CORPORATE_CARD_TOTAL_LINE_IND"/>
			<column name="OBJ_ID" value="KFS-TEM-PARM-010"/>
			<column name="PARM_TYP_CD" value="CONFG"/>
			<column name="VAL" value="Y"/>
			<column name="PARM_DESC_TXT" value="When this parameter value is &quot;Y&quot;, Due Corporate Card Total line is displayed in the Total tab."/>
			<column name="EVAL_OPRTR_CD" value="A"/>
			<column name="APPL_ID" value="KFS"/>
		</insert>
		<insert tableName="KRCR_PARM_T">
			<column name="NMSPC_CD" value="KFS-TEM"/>
			<column name="CMPNT_CD" value="Document"/>
			<column name="PARM_NM" value="CORPORATE_CARD_PAYMENT_IND"/>
			<column name="OBJ_ID" value="KFS-TEM-PARM-011"/>
			<column name="PARM_TYP_CD" value="CONFG"/>
			<column name="VAL" value="Y"/>
			<column name="PARM_DESC_TXT" value="When this parameter value is &quot;Y&quot; and the corporate credit card transactions are included in the imported expense, a PDP payment group is created to pay the corporate credit card company when the document becomes final."/>
			<column name="EVAL_OPRTR_CD" value="A"/>
			<column name="APPL_ID" value="KFS"/>
		</insert>
		<insert tableName="KRCR_PARM_T">
			<column name="NMSPC_CD" value="KFS-TEM"/>
			<column name="CMPNT_CD" value="Document"/>
			<column name="PARM_NM" value="PER_DIEM_CATEGORIES"/>
			<column name="OBJ_ID" value="KFS-TEM-PARM-012"/>
			<column name="PARM_TYP_CD" value="CONFG"/>
			<column name="VAL" value="LODGING=Y;MILEAGE=Y;PER_DIEM=Y"/>
			<column name="PARM_DESC_TXT" value="When this parameter value associated with each category is &quot;Y&quot;, the per diem category will be displayed. Format will be LODGING=Y;MILEAGE=Y;PER_DIEM=Y.  If the flag is all &quot;N&quot;, the Trip Details Estimate Tab/Per Diem section will not be displayed."/>
			<column name="EVAL_OPRTR_CD" value="A"/>
			<column name="APPL_ID" value="KFS"/>
		</insert>
		<insert tableName="KRCR_PARM_T">
			<column name="NMSPC_CD" value="KFS-TEM"/>
			<column name="CMPNT_CD" value="Document"/>
			<column name="PARM_NM" value="INCIDENTALS_WITH_MEALS_IND"/>
			<column name="OBJ_ID" value="KFS-TEM-PARM-020"/>
			<column name="PARM_TYP_CD" value="CONFG"/>
			<column name="VAL" value="N"/>
			<column name="PARM_DESC_TXT" value="When this parameter value is &quot;Y&quot;, then the incidentals are added to the Per Diem when there is at least one meal (breakfast, lunch or dinner) claimed. If &quot;N&quot;, then the incidentals will be added regardless."/>
			<column name="EVAL_OPRTR_CD" value="A"/>
			<column name="APPL_ID" value="KFS"/>
		</insert>
		<insert tableName="KRCR_PARM_T">
			<column name="NMSPC_CD" value="KFS-TEM"/>
			<column name="CMPNT_CD" value="Document"/>
			<column name="PARM_NM" value="INTERNATIONAL_TRIP_TYPES"/>
			<column name="OBJ_ID" value="KFS-TEM-PARM-021"/>
			<column name="PARM_TYP_CD" value="CONFG"/>
			<column name="VAL" value="INT"/>
			<column name="PARM_DESC_TXT" value="The trip type code(s) representing international travel."/>
			<column name="EVAL_OPRTR_CD" value="A"/>
			<column name="APPL_ID" value="KFS"/>
		</insert>
		<insert tableName="KRCR_PARM_T">
			<column name="NMSPC_CD" value="KFS-TEM"/>
			<column name="CMPNT_CD" value="Document"/>
			<column name="PARM_NM" value="NON_EMPLOYEE_CERTIFICATION_STATEMENT"/>
			<column name="OBJ_ID" value="KFS-TEM-PARM-022"/>
			<column name="PARM_TYP_CD" value="CONFG"/>
			<column name="VAL" value="(TBD)"/>
			<column name="PARM_DESC_TXT" value="The statement displayed in the Employee Certification tab of the Travel Reimbursement document when the Traveler Type is &quot;Non-Employee&quot; as defined in parameter KFS-TEM / Document / NON_EMPLOYEE_TRAVELER_TYPES."/>
			<column name="EVAL_OPRTR_CD" value="A"/>
			<column name="APPL_ID" value="KFS"/>
		</insert>
		<insert tableName="KRCR_PARM_T">
			<column name="NMSPC_CD" value="KFS-TEM"/>
			<column name="CMPNT_CD" value="Document"/>
			<column name="PARM_NM" value="NON_EMPLOYEE_TRAVELER_TYPE_CODES"/>
			<column name="OBJ_ID" value="KFS-TEM-PARM-023"/>
			<column name="PARM_TYP_CD" value="CONFG"/>
			<column name="VAL" value="NON"/>
			<column name="PARM_DESC_TXT" value="The traveler type code(s) that represents a non-employee."/>
			<column name="EVAL_OPRTR_CD" value="A"/>
			<column name="APPL_ID" value="KFS"/>
		</insert>
		<insert tableName="KRCR_PARM_T">
			<column name="NMSPC_CD" value="KFS-TEM"/>
			<column name="CMPNT_CD" value="Document"/>
			<column name="PARM_NM" value="NUMBER_OF_DAYS_DELINQUENT"/>
			<column name="OBJ_ID" value="KFS-TEM-PARM-024"/>
			<column name="PARM_TYP_CD" value="CONFG"/>
			<column name="VAL" value="W=60;S=120"/>
			<column name="PARM_DESC_TXT" value="Parameter to determine whether a Travel Document is considered delinquent and the appropriate action for it. W=Warning; S=Stop.  With a warning the document can continue through; Stop does not allow the initiator to continue."/>
			<column name="EVAL_OPRTR_CD" value="A"/>
			<column name="APPL_ID" value="KFS"/>
		</insert>
		<insert tableName="KRCR_PARM_T">
			<column name="NMSPC_CD" value="KFS-TEM"/>
			<column name="CMPNT_CD" value="Document"/>
			<column name="PARM_NM" value="SEND_NOTIFICATION_ON_WORKFLOW_STATUS_CHANGE_IND"/>
			<column name="OBJ_ID" value="KFS-TEM-PARM-025"/>
			<column name="PARM_TYP_CD" value="CONFG"/>
			<column name="VAL" value="Y"/>
			<column name="PARM_DESC_TXT" value="When this parameter value is &quot;Y&quot;, send notifications when the travel document workflow statuses change, if the traveler has indicated notifications should be sent via their profile."/>
			<column name="EVAL_OPRTR_CD" value="A"/>
			<column name="APPL_ID" value="KFS"/>
		</insert>
		<insert tableName="KRCR_PARM_T">
			<column name="NMSPC_CD" value="KFS-TEM"/>
			<column name="CMPNT_CD" value="Document"/>
			<column name="PARM_NM" value="QUARTER_DAY_TIME_TABLE"/>
			<column name="OBJ_ID" value="KFS-TEM-PARM-026"/>
			<column name="PARM_TYP_CD" value="CONFG"/>
			<column name="VAL" value="1=6:00;2=12:00;3=18:00;4=24:00"/>
			<column name="PARM_DESC_TXT" value="Defines the quarter time table for a day. The format is quarter=ending time in the military format."/>
			<column name="EVAL_OPRTR_CD" value="A"/>
			<column name="APPL_ID" value="KFS"/>
		</insert>
		<insert tableName="KRCR_PARM_T">
			<column name="NMSPC_CD" value="KFS-TEM"/>
			<column name="CMPNT_CD" value="Document"/>
			<column name="PARM_NM" value="SEPARATION_OF_DUTIES_ROUTING_CHOICE"/>
			<column name="OBJ_ID" value="KFS-TEM-PARM-027"/>
			<column name="PARM_TYP_CD" value="CONFG"/>
			<column name="VAL" value="F"/>
			<column name="PARM_DESC_TXT" value="F-Traveler and Fiscal Officer cannot be the same;D-Traveler and Division Approver cannot be the same"/>
			<column name="EVAL_OPRTR_CD" value="A"/>
			<column name="APPL_ID" value="KFS"/>
		</insert>
		<insert tableName="KRCR_PARM_T">
			<column name="NMSPC_CD" value="KFS-TEM"/>
			<column name="CMPNT_CD" value="TravelAuthorization"/>
			<column name="PARM_NM" value="SEND_NOTIFICATION_DOCUMENT_TYPES"/>
			<column name="OBJ_ID" value="KFS-TEM-PARM-028"/>
			<column name="PARM_TYP_CD" value="CONFG"/>
			<column name="VAL" value="TA"/>
			<column name="PARM_DESC_TXT" value="The Travel Authorization document type codes for which email notifications will be sent when the Travel Authorization changes route statuses."/>
			<column name="EVAL_OPRTR_CD" value="A"/>
			<column name="APPL_ID" value="KFS"/>
		</insert>
		<insert tableName="KRCR_PARM_T">
			<column name="NMSPC_CD" value="KFS-TEM"/>
			<column name="CMPNT_CD" value="Document"/>
			<column name="PARM_NM" value="TRAVEL_COVERSHEET_INSTRUCTIONS"/>
			<column name="OBJ_ID" value="KFS-TEM-PARM-029"/>
			<column name="PARM_TYP_CD" value="CONFG"/>
			<column name="VAL" value="Attach receipts to the coversheet and mail to the Travel Office."/>
			<column name="PARM_DESC_TXT" value="Instructions that will print on the Coversheet."/>
			<column name="EVAL_OPRTR_CD" value="A"/>
			<column name="APPL_ID" value="KFS"/>
		</insert>
		<insert tableName="KRCR_PARM_T">
			<column name="NMSPC_CD" value="KFS-TEM"/>
			<column name="CMPNT_CD" value="Document"/>
			<column name="PARM_NM" value="DOCUMENTATION_LOCATION_CODE"/>
			<column name="OBJ_ID" value="KFS-TEM-PARM-030"/>
			<column name="PARM_TYP_CD" value="CONFG"/>
			<column name="VAL" value="T"/>
			<column name="PARM_DESC_TXT" value="The documentation location code used by payments on the Travel Authorization, Travel Authorization Amendment, Travel Reimbursement, Entertainment, and Moving &amp; Relocation documents.  If a document specific parameter with the same name is created (for example, KFS-TEM / TravelAuthorization / DOCUMENTATION_LOCATION_CODE), the documentation location code for Travel Authorization documents will default to that instead."/>
			<column name="EVAL_OPRTR_CD" value="A"/>
			<column name="APPL_ID" value="KFS"/>
		</insert>
		<insert tableName="KRCR_PARM_T">
			<column name="NMSPC_CD" value="KFS-TEM"/>
			<column name="CMPNT_CD" value="TravelAuthorization"/>
			<column name="PARM_NM" value="CHANGE_NOTIFICATION_SUBJECT"/>
			<column name="OBJ_ID" value="KFS-TEM-PARM-032"/>
			<column name="PARM_TYP_CD" value="CONFG"/>
			<column name="VAL" value="Travel Authorization Status Change"/>
			<column name="PARM_DESC_TXT" value="The email notification subject when a Travel Authorization (TA) document status changed"/>
			<column name="EVAL_OPRTR_CD" value="A"/>
			<column name="APPL_ID" value="KFS"/>
		</insert>
		<insert tableName="KRCR_PARM_T">
			<column name="NMSPC_CD" value="KFS-TEM"/>
			<column name="CMPNT_CD" value="TravelAuthorization"/>
			<column name="PARM_NM" value="FINAL_NOTIFICATION_SUBJECT"/>
			<column name="OBJ_ID" value="KFS-TEM-PARM-033"/>
			<column name="PARM_TYP_CD" value="CONFG"/>
			<column name="VAL" value="Travel Authorization Final"/>
			<column name="PARM_DESC_TXT" value="The email notification subject when a Travel Authorization (TA) document status final"/>
			<column name="EVAL_OPRTR_CD" value="A"/>
			<column name="APPL_ID" value="KFS"/>
		</insert>
		<insert tableName="KRCR_PARM_T">
			<column name="NMSPC_CD" value="KFS-TEM"/>
			<column name="CMPNT_CD" value="Document"/>
			<column name="PARM_NM" value="CHANGE_NOTIFICATION_SUBJECT"/>
			<column name="OBJ_ID" value="KFS-TEM-PARM-034"/>
			<column name="PARM_TYP_CD" value="CONFG"/>
			<column name="VAL" value="Expense Report Status Change"/>
			<column name="PARM_DESC_TXT" value="The email notification subject when Travel Entertainment (TR), Entertainment (ENT), Relocation (RELO) documents statuses have changed."/>
			<column name="EVAL_OPRTR_CD" value="A"/>
			<column name="APPL_ID" value="KFS"/>
		</insert>
		<insert tableName="KRCR_PARM_T">
			<column name="NMSPC_CD" value="KFS-TEM"/>
			<column name="CMPNT_CD" value="Document"/>
			<column name="PARM_NM" value="FINAL_NOTIFICATION_SUBJECT"/>
			<column name="OBJ_ID" value="KFS-TEM-PARM-035"/>
			<column name="PARM_TYP_CD" value="CONFG"/>
			<column name="VAL" value="Expense Report Final"/>
			<column name="PARM_DESC_TXT" value="The email notification subject when Travel Entertainment (TR), Entertainment (ENT), Relocation (RELO) document statuses are final"/>
			<column name="EVAL_OPRTR_CD" value="A"/>
			<column name="APPL_ID" value="KFS"/>
		</insert>
		<insert tableName="KRCR_PARM_T">
			<column name="NMSPC_CD" value="KFS-TEM"/>
			<column name="CMPNT_CD" value="Document"/>
			<column name="PARM_NM" value="SEND_NOTIFICATION_DOCUMENT_TYPES"/>
			<column name="OBJ_ID" value="KFS-TEM-PARM-036"/>
			<column name="PARM_TYP_CD" value="CONFG"/>
			<column name="VAL" value="TR;ENT;RELO"/>
			<column name="PARM_DESC_TXT" value="the  non-travel authorization document type codes qualified for on change notification."/>
			<column name="EVAL_OPRTR_CD" value="A"/>
			<column name="APPL_ID" value="KFS"/>
		</insert>
		<insert tableName="KRCR_PARM_T">
			<column name="NMSPC_CD" value="KFS-TEM"/>
			<column name="CMPNT_CD" value="Document"/>
			<column name="PARM_NM" value="UPLOAD_PARSER_INSTRUCTIONS_URL"/>
			<column name="OBJ_ID" value="KFS-TEM-PARM-037"/>
			<column name="PARM_TYP_CD" value="CONFG"/>
			<column name="VAL" value="default.htm?turl=WordDocuments%2Fdataimporttemplates.htm"/>
			<column name="PARM_DESC_TXT" value="Travel import instructions URL."/>
			<column name="EVAL_OPRTR_CD" value="A"/>
			<column name="APPL_ID" value="KFS"/>
		</insert>
		<insert tableName="KRCR_PARM_T">
			<column name="NMSPC_CD" value="KFS-TEM"/>
			<column name="CMPNT_CD" value="Document"/>
			<column name="PARM_NM" value="VENDOR_PAYMENT_REASON_CODE"/>
			<column name="OBJ_ID" value="KFS-TEM-PARM-038"/>
			<column name="PARM_TYP_CD" value="CONFG"/>
			<column name="VAL" value="V"/>
			<column name="PARM_DESC_TXT" value="Payment Reason Code used to populate the Disbursement Voucher when making travel vendor payments."/>
			<column name="EVAL_OPRTR_CD" value="A"/>
			<column name="APPL_ID" value="KFS"/>
		</insert>
		<insert tableName="KRCR_PARM_T">
			<column name="NMSPC_CD" value="KFS-TEM"/>
			<column name="CMPNT_CD" value="TravelAuthorization"/>
			<column name="PARM_NM" value="OVERRIDE_PRIMARY_DESTINATION_IND"/>
			<column name="OBJ_ID" value="KFS-TEM-PARM-039"/>
			<column name="PARM_TYP_CD" value="CONFG"/>
			<column name="VAL" value="Y"/>
			<column name="PARM_DESC_TXT" value="When this parameter value is &quot;Y&quot;, the user may override the primary destination returned from the table, or, enter the value as a free form text."/>
			<column name="EVAL_OPRTR_CD" value="A"/>
			<column name="APPL_ID" value="KFS"/>
		</insert>
		<insert tableName="KRCR_PARM_T">
			<column name="NMSPC_CD" value="KFS-TEM"/>
			<column name="CMPNT_CD" value="TravelAuthorization"/>
			<column name="PARM_NM" value="CASH_ADVANCE_CREDIT_CARD_TYPES"/>
			<column name="OBJ_ID" value="KFS-TEM-PARM-040"/>
			<column name="PARM_TYP_CD" value="CONFG"/>
			<column name="VAL" value="VISA;AMEX;MC"/>
			<column name="PARM_DESC_TXT" value="Card types that are allowed for advances."/>
			<column name="EVAL_OPRTR_CD" value="A"/>
			<column name="APPL_ID" value="KFS"/>
		</insert>
		<insert tableName="KRCR_PARM_T">
			<column name="NMSPC_CD" value="KFS-TEM"/>
			<column name="CMPNT_CD" value="TravelAuthorization"/>
			<column name="PARM_NM" value="GENERATE_INVOICE_INV_FOR_TRAVL_ADVANCE_IND"/>
			<column name="OBJ_ID" value="KFS-TEM-PARM-042"/>
			<column name="PARM_TYP_CD" value="CONFG"/>
			<column name="VAL" value="Y"/>
			<column name="PARM_DESC_TXT" value="When this parameter value is &quot;Y&quot;, the TA document creates INV documents to establish receivables and customers are created."/>
			<column name="EVAL_OPRTR_CD" value="A"/>
			<column name="APPL_ID" value="KFS"/>
		</insert>
		<insert tableName="KRCR_PARM_T">
			<column name="NMSPC_CD" value="KFS-TEM"/>
			<column name="CMPNT_CD" value="TravelAuthorization"/>
			<column name="PARM_NM" value="CASH_ADVANCE_WARNING_IND"/>
			<column name="OBJ_ID" value="KFS-TEM-PARM-043"/>
			<column name="PARM_TYP_CD" value="CONFG"/>
			<column name="VAL" value="Y"/>
			<column name="PARM_DESC_TXT" value="Determines whether to show a warning on cash advances."/>
			<column name="EVAL_OPRTR_CD" value="A"/>
			<column name="APPL_ID" value="KFS"/>
		</insert>
		<insert tableName="KRCR_PARM_T">
			<column name="NMSPC_CD" value="KFS-TEM"/>
			<column name="CMPNT_CD" value="TravelAuthorization"/>
			<column name="PARM_NM" value="DISPLAY_EMERGENCY_CONTACT_IND"/>
			<column name="OBJ_ID" value="KFS-TEM-PARM-044"/>
			<column name="PARM_TYP_CD" value="CONFG"/>
			<column name="VAL" value="Y"/>
			<column name="PARM_DESC_TXT" value="Indicates whether or not emergency contact information should be displayed on the Travel Authorization."/>
			<column name="EVAL_OPRTR_CD" value="A"/>
			<column name="APPL_ID" value="KFS"/>
		</insert>
		<insert tableName="KRCR_PARM_T">
			<column name="NMSPC_CD" value="KFS-TEM"/>
			<column name="CMPNT_CD" value="TravelAuthorization"/>
			<column name="PARM_NM" value="DISPLAY_PER_DIEM_URL_IND"/>
			<column name="OBJ_ID" value="KFS-TEM-PARM-046"/>
			<column name="PARM_TYP_CD" value="CONFG"/>
			<column name="VAL" value="Y"/>
			<column name="PARM_DESC_TXT" value="When this parameter value is &quot;Y&quot;, per diem sites from the DV Per Diem Table will be displayed when entering the primary destination."/>
			<column name="EVAL_OPRTR_CD" value="A"/>
			<column name="APPL_ID" value="KFS"/>
		</insert>
		<insert tableName="KRCR_PARM_T">
			<column name="NMSPC_CD" value="KFS-TEM"/>
			<column name="CMPNT_CD" value="TravelAuthorization"/>
			<column name="PARM_NM" value="PER_DIEM_AMOUNT_EDITABLE_IND"/>
			<column name="OBJ_ID" value="KFS-TEM-PARM-047"/>
			<column name="PARM_TYP_CD" value="CONFG"/>
			<column name="VAL" value="Y"/>
			<column name="PARM_DESC_TXT" value="When this parameter value is &quot;Y&quot;, the per diem amount field is editable and the initiator may lower the per diem amount.  Otherwise, per diems will not be editable and will be display as one amount in Meals And Incidentals."/>
			<column name="EVAL_OPRTR_CD" value="A"/>
			<column name="APPL_ID" value="KFS"/>
		</insert>
		<insert tableName="KRCR_PARM_T">
			<column name="NMSPC_CD" value="KFS-TEM"/>
			<column name="CMPNT_CD" value="TravelAuthorization"/>
			<column name="PARM_NM" value="VENDOR_PAYMENT_ALLOWED_BEFORE_FINAL_APPROVAL_IND"/>
			<column name="OBJ_ID" value="KFS-TEM-PARM-049"/>
			<column name="PARM_TYP_CD" value="CONFG"/>
			<column name="VAL" value="N"/>
			<column name="PARM_DESC_TXT" value="When this parameter value is &quot;Y&quot;, the Vendor Payment link becomes available in the TA custom search prior to TA approval."/>
			<column name="EVAL_OPRTR_CD" value="A"/>
			<column name="APPL_ID" value="KFS"/>
		</insert>
		<insert tableName="KRCR_PARM_T">
			<column name="NMSPC_CD" value="KFS-TEM"/>
			<column name="CMPNT_CD" value="TravelAuthorization"/>
			<column name="PARM_NM" value="FIRST_AND_LAST_DAY_PER_DIEM_PERCENTAGE"/>
			<column name="OBJ_ID" value="KFS-TEM-PARM-050"/>
			<column name="PARM_TYP_CD" value="CONFG"/>
			<column name="VAL" value="75"/>
			<column name="PARM_DESC_TXT" value="Percentage of Per Diem allowed on the first and last day of travel."/>
			<column name="EVAL_OPRTR_CD" value="A"/>
			<column name="APPL_ID" value="KFS"/>
		</insert>
		<insert tableName="KRCR_PARM_T">
			<column name="NMSPC_CD" value="KFS-TEM"/>
			<column name="CMPNT_CD" value="TravelAuthorization"/>
			<column name="PARM_NM" value="HOLD_NEW_FISCAL_YEAR_ENCUMBRANCES_IND"/>
			<column name="OBJ_ID" value="KFS-TEM-PARM-051"/>
			<column name="PARM_TYP_CD" value="CONFG"/>
			<column name="VAL" value="Y"/>
			<column name="PARM_DESC_TXT" value="When this parameter value is &quot;Y&quot;, the new fiscal year encumbrances will be held and will be released by the &quot;temReleaseHeldEncumbranceJob&quot; job."/>
			<column name="EVAL_OPRTR_CD" value="A"/>
			<column name="APPL_ID" value="KFS"/>
		</insert>
		<insert tableName="KRCR_PARM_T">
			<column name="NMSPC_CD" value="KFS-TEM"/>
			<column name="CMPNT_CD" value="TravelAuthorization"/>
			<column name="PARM_NM" value="MULTIPLE_CASH_ADVANCES_ALLOWED_IND"/>
			<column name="OBJ_ID" value="KFS-TEM-PARM-052"/>
			<column name="PARM_TYP_CD" value="CONFG"/>
			<column name="VAL" value="Y"/>
			<column name="PARM_DESC_TXT" value="When this parameter value is &quot;Y&quot;, multiple cash advances will be allowed for Travel Authorization Amendment (TAA) documents."/>
			<column name="EVAL_OPRTR_CD" value="A"/>
			<column name="APPL_ID" value="KFS"/>
		</insert>
		<insert tableName="KRCR_PARM_T">
			<column name="NMSPC_CD" value="KFS-TEM"/>
			<column name="CMPNT_CD" value="TravelAuthorization"/>
			<column name="PARM_NM" value="DUE_DATE_DAYS"/>
			<column name="OBJ_ID" value="KFS-TEM-PARM-053"/>
			<column name="PARM_TYP_CD" value="CONFG"/>
			<column name="VAL" value="60"/>
			<column name="PARM_DESC_TXT" value="The number of days to add to current date to derive the AR receivable due date when an Invoice is created."/>
			<column name="EVAL_OPRTR_CD" value="A"/>
			<column name="APPL_ID" value="KFS"/>
		</insert>
		<insert tableName="KRCR_PARM_T">
			<column name="NMSPC_CD" value="KFS-TEM"/>
			<column name="CMPNT_CD" value="TravelAuthorization"/>
			<column name="PARM_NM" value="CUSTOMER_TYPE_CODE"/>
			<column name="OBJ_ID" value="KFS-TEM-PARM-054"/>
			<column name="PARM_TYP_CD" value="CONFG"/>
			<column name="VAL" value="11"/>
			<column name="PARM_DESC_TXT" value="Customer Type Code used when creating a customer."/>
			<column name="EVAL_OPRTR_CD" value="A"/>
			<column name="APPL_ID" value="KFS"/>
		</insert>
		<insert tableName="KRCR_PARM_T">
			<column name="NMSPC_CD" value="KFS-TEM"/>
			<column name="CMPNT_CD" value="TravelAuthorization"/>
			<column name="PARM_NM" value="TRAVEL_ADVANCES_POLICY_URL"/>
			<column name="OBJ_ID" value="KFS-TEM-PARM-055"/>
			<column name="PARM_TYP_CD" value="CONFG"/>
			<column name="VAL" value="http://localhost:8080"/>
			<column name="PARM_DESC_TXT" value="Link to the travel advance policy"/>
			<column name="EVAL_OPRTR_CD" value="A"/>
			<column name="APPL_ID" value="KFS"/>
		</insert>
		<insert tableName="KRCR_PARM_T">
			<column name="NMSPC_CD" value="KFS-TEM"/>
			<column name="CMPNT_CD" value="TravelAuthorization"/>
			<column name="PARM_NM" value="TRAVEL_ADVANCE_BILLING_CHART"/>
			<column name="OBJ_ID" value="KFS-TEM-PARM-056"/>
			<column name="PARM_TYP_CD" value="CONFG"/>
			<column name="VAL" value="UA"/>
			<column name="PARM_DESC_TXT" value="Billing Chart used when creating an invoice to record travel advances."/>
			<column name="EVAL_OPRTR_CD" value="A"/>
			<column name="APPL_ID" value="KFS"/>
		</insert>
		<insert tableName="KRCR_PARM_T">
			<column name="NMSPC_CD" value="KFS-TEM"/>
			<column name="CMPNT_CD" value="TravelAuthorization"/>
			<column name="PARM_NM" value="TRAVEL_ADVANCE_BILLING_ORGANIZATION"/>
			<column name="OBJ_ID" value="KFS-TEM-PARM-057"/>
			<column name="PARM_TYP_CD" value="CONFG"/>
			<column name="VAL" value="VPIT"/>
			<column name="PARM_DESC_TXT" value="Billing Organization used when creating an invoice to record travel advances."/>
			<column name="EVAL_OPRTR_CD" value="A"/>
			<column name="APPL_ID" value="KFS"/>
		</insert>
		<insert tableName="KRCR_PARM_T">
			<column name="NMSPC_CD" value="KFS-TEM"/>
			<column name="CMPNT_CD" value="TravelAuthorization"/>
			<column name="PARM_NM" value="TRAVEL_ADVANCE_INVOICE_ITEM_CODE"/>
			<column name="OBJ_ID" value="KFS-TEM-PARM-059"/>
			<column name="PARM_TYP_CD" value="CONFG"/>
			<column name="VAL" value="TRAVEL"/>
			<column name="PARM_DESC_TXT" value="Invoice Item Code used when creating an invoice to record the travel advance."/>
			<column name="EVAL_OPRTR_CD" value="A"/>
			<column name="APPL_ID" value="KFS"/>
		</insert>
		<insert tableName="KRCR_PARM_T">
			<column name="NMSPC_CD" value="KFS-TEM"/>
			<column name="CMPNT_CD" value="TravelAuthorization"/>
			<column name="PARM_NM" value="TRAVEL_ADVANCE_ACCOUNT"/>
			<column name="OBJ_ID" value="KFS-TEM-PARM-060"/>
			<column name="PARM_TYP_CD" value="CONFG"/>
			<column name="VAL" value="9323001"/>
			<column name="PARM_DESC_TXT" value="Account Number from which the travel advance payment should be paid."/>
			<column name="EVAL_OPRTR_CD" value="A"/>
			<column name="APPL_ID" value="KFS"/>
		</insert>
		<insert tableName="KRCR_PARM_T">
			<column name="NMSPC_CD" value="KFS-TEM"/>
			<column name="CMPNT_CD" value="TravelAuthorization"/>
			<column name="PARM_NM" value="TRAVEL_ADVANCE_CHART"/>
			<column name="OBJ_ID" value="KFS-TEM-PARM-061"/>
			<column name="PARM_TYP_CD" value="CONFG"/>
			<column name="VAL" value="UA"/>
			<column name="PARM_DESC_TXT" value="Chart of Account Code from which the travel advance payment should be paid."/>
			<column name="EVAL_OPRTR_CD" value="A"/>
			<column name="APPL_ID" value="KFS"/>
		</insert>
		<insert tableName="KRCR_PARM_T">
			<column name="NMSPC_CD" value="KFS-TEM"/>
			<column name="CMPNT_CD" value="TravelAuthorization"/>
			<column name="PARM_NM" value="TRAVEL_ADVANCE_OBJECT_CODE"/>
			<column name="OBJ_ID" value="KFS-TEM-PARM-062"/>
			<column name="PARM_TYP_CD" value="CONFG"/>
			<column name="VAL" value="9056"/>
			<column name="PARM_DESC_TXT" value="Object Code from which the travel advance payment should be paid."/>
			<column name="EVAL_OPRTR_CD" value="A"/>
			<column name="APPL_ID" value="KFS"/>
		</insert>
		<insert tableName="KRCR_PARM_T">
			<column name="NMSPC_CD" value="KFS-TEM"/>
			<column name="CMPNT_CD" value="TravelReimbursement"/>
			<column name="PARM_NM" value="DISPLAY_ADVANCES_IN_REIMBURSEMENT_TOTAL_IND"/>
			<column name="OBJ_ID" value="KFS-TEM-PARM-070"/>
			<column name="PARM_TYP_CD" value="CONFG"/>
			<column name="VAL" value="Y"/>
			<column name="PARM_DESC_TXT" value="When this parameter is &quot;Y&quot;, display the &quot;Less Advances for this Trip&quot; in the Travel Expense Total section."/>
			<column name="EVAL_OPRTR_CD" value="A"/>
			<column name="APPL_ID" value="KFS"/>
		</insert>
		<insert tableName="KRCR_PARM_T">
			<column name="NMSPC_CD" value="KFS-TEM"/>
			<column name="CMPNT_CD" value="TravelReimbursement"/>
			<column name="PARM_NM" value="DISPLAY_ENCUMBRANCE_IND"/>
			<column name="OBJ_ID" value="KFS-TEM-PARM-071"/>
			<column name="PARM_TYP_CD" value="CONFG"/>
			<column name="VAL" value="Y"/>
			<column name="PARM_DESC_TXT" value="When this parameter is &quot;Y&quot;, display the Encumbrance Total field."/>
			<column name="EVAL_OPRTR_CD" value="A"/>
			<column name="APPL_ID" value="KFS"/>
		</insert>
		<insert tableName="KRCR_PARM_T">
			<column name="NMSPC_CD" value="KFS-TEM"/>
			<column name="CMPNT_CD" value="TravelReimbursement"/>
			<column name="PARM_NM" value="DISPLAY_ACCOUNTING_DISTRIBUTION_TAB_IND"/>
			<column name="OBJ_ID" value="KFS-TEM-PARM-072"/>
			<column name="PARM_TYP_CD" value="CONFG"/>
			<column name="VAL" value="Y"/>
			<column name="PARM_DESC_TXT" value="When this parameter is &quot;Y&quot;, display the accounting distribution tab (summary of expense by object code). When the parameter is &quot;N&quot;, only the normal Accounting Lines are displayed."/>
			<column name="EVAL_OPRTR_CD" value="A"/>
			<column name="APPL_ID" value="KFS"/>
		</insert>
		<insert tableName="KRCR_PARM_T">
			<column name="NMSPC_CD" value="KFS-TEM"/>
			<column name="CMPNT_CD" value="TravelReimbursement"/>
			<column name="PARM_NM" value="AUTOMATIC_APPROVALS_IND"/>
			<column name="OBJ_ID" value="KFS-TEM-PARM-074"/>
			<column name="PARM_TYP_CD" value="CONFG"/>
			<column name="VAL" value="Y"/>
			<column name="PARM_DESC_TXT" value="When this parameter value is &quot;Y&quot;, the low risk travel reimbursements are approved with Fiscal Officer and Organization approvals."/>
			<column name="EVAL_OPRTR_CD" value="A"/>
			<column name="APPL_ID" value="KFS"/>
		</insert>
		<insert tableName="KRCR_PARM_T">
			<column name="NMSPC_CD" value="KFS-TEM"/>
			<column name="CMPNT_CD" value="TravelReimbursement"/>
			<column name="PARM_NM" value="PER_DIEM_AMOUNT_EDITABLE_IND"/>
			<column name="OBJ_ID" value="KFS-TEM-PARM-075"/>
			<column name="PARM_TYP_CD" value="CONFG"/>
			<column name="VAL" value="Y"/>
			<column name="PARM_DESC_TXT" value="When this parameter value is &quot;Y&quot;, the per diem amount fields are editable and the initiator may lower the per diem amount.  Otherwise, per diems will be displayed as selectable checkboxes."/>
			<column name="EVAL_OPRTR_CD" value="A"/>
			<column name="APPL_ID" value="KFS"/>
		</insert>
		<insert tableName="KRCR_PARM_T">
			<column name="NMSPC_CD" value="KFS-TEM"/>
			<column name="CMPNT_CD" value="TravelReimbursement"/>
			<column name="PARM_NM" value="VENDOR_PAYMENT_ALLOWED_BEFORE_FINAL_APPROVAL_IND"/>
			<column name="OBJ_ID" value="KFS-TEM-PARM-076"/>
			<column name="PARM_TYP_CD" value="CONFG"/>
			<column name="VAL" value="Y"/>
			<column name="PARM_DESC_TXT" value="When this parameter value is &quot;Y&quot;, the Third Party Vendor payment button displays before the Travel Reimbursement is fully approved."/>
			<column name="EVAL_OPRTR_CD" value="A"/>
			<column name="APPL_ID" value="KFS"/>
		</insert>
		<insert tableName="KRCR_PARM_T">
			<column name="NMSPC_CD" value="KFS-TEM"/>
			<column name="CMPNT_CD" value="TravelReimbursement"/>
			<column name="PARM_NM" value="LODGING_OBJECT_CODE"/>
			<column name="OBJ_ID" value="KFS-TEM-PARM-079"/>
			<column name="PARM_TYP_CD" value="CONFG"/>
			<column name="VAL" value="EMP=IN=6000;EMP=OUT=6100;EMP=INT=6200;NON=IN=4089;NON=OUT=4089;NON=INT=4089"/>
			<column name="PARM_DESC_TXT" value="The object code assigned to reimburse lodging.  In the format Traveler Type Code=Trip Type Code=Object Code (EMP=IN=6100)."/>
			<column name="EVAL_OPRTR_CD" value="A"/>
			<column name="APPL_ID" value="KFS"/>
		</insert>
		<insert tableName="KRCR_PARM_T">
			<column name="NMSPC_CD" value="KFS-TEM"/>
			<column name="CMPNT_CD" value="TravelReimbursement"/>
			<column name="PARM_NM" value="LODGING_TYPE_CODES"/>
			<column name="OBJ_ID" value="KFS-TEM-PARM-080"/>
			<column name="PARM_TYP_CD" value="CONFG"/>
			<column name="VAL" value="L"/>
			<column name="PARM_DESC_TXT" value="Lodging Expense Type Codes, used in determining how to report lodging expenses when generating reports."/>
			<column name="EVAL_OPRTR_CD" value="A"/>
			<column name="APPL_ID" value="KFS"/>
		</insert>
		<insert tableName="KRCR_PARM_T">
			<column name="NMSPC_CD" value="KFS-TEM"/>
			<column name="CMPNT_CD" value="TravelReimbursement"/>
			<column name="PARM_NM" value="PER_DIEM_OBJECT_CODE"/>
			<column name="OBJ_ID" value="KFS-TEM-PARM-081"/>
			<column name="PARM_TYP_CD" value="CONFG"/>
			<column name="VAL" value="EMP=IN=6000;EMP=OUT=6100;EMP=INT=6200;NON=IN=6000;NON=OUT=6100;NON=INT=6200"/>
			<column name="PARM_DESC_TXT" value="The object code assigned to reimburse per diem. In the format Traveler Type Code=Trip Type Code=Object Code (EMP=IN=6100)."/>
			<column name="EVAL_OPRTR_CD" value="A"/>
			<column name="APPL_ID" value="KFS"/>
		</insert>
		<insert tableName="KRCR_PARM_T">
			<column name="NMSPC_CD" value="KFS-TEM"/>
			<column name="CMPNT_CD" value="TravelReimbursement"/>
			<column name="PARM_NM" value="REIMBURSEMENT_PERCENT_OVER_ENCUMBRANCE_AMOUNT"/>
			<column name="OBJ_ID" value="KFS-TEM-PARM-083"/>
			<column name="PARM_TYP_CD" value="CONFG"/>
			<column name="VAL" value="15"/>
			<column name="PARM_DESC_TXT" value="The reimbursement percentage over encumbrance amount which triggers additional routing."/>
			<column name="EVAL_OPRTR_CD" value="A"/>
			<column name="APPL_ID" value="KFS"/>
		</insert>
		<insert tableName="KRCR_PARM_T">
			<column name="NMSPC_CD" value="KFS-TEM"/>
			<column name="CMPNT_CD" value="TravelReimbursement"/>
			<column name="PARM_NM" value="DISPLAY_TRAVEL_AUTHORIZATION_ESTIMATE_IN_SUMMARY_REPORT_IND"/>
			<column name="OBJ_ID" value="KFS-TEM-PARM-084"/>
			<column name="PARM_TYP_CD" value="CONFG"/>
			<column name="VAL" value="N"/>
			<column name="PARM_DESC_TXT" value="When this parameter value is &quot;Y&quot;, the Travel Authorization (TA) estimate amount will be displayed in the Travel Reimbursement (TR) Expense Summary Report for comparison purposes."/>
			<column name="EVAL_OPRTR_CD" value="A"/>
			<column name="APPL_ID" value="KFS"/>
		</insert>
		<insert tableName="KRCR_PARM_T">
			<column name="NMSPC_CD" value="KFS-TEM"/>
			<column name="CMPNT_CD" value="TravelReimbursement"/>
			<column name="PARM_NM" value="BARCODE_STYLE"/>
			<column name="OBJ_ID" value="KFS-TEM-PARM-085"/>
			<column name="PARM_TYP_CD" value="CONFG"/>
			<column name="VAL" value="39"/>
			<column name="PARM_DESC_TXT" value="Specifies barcode style. Choices are 39 (Code39) and 128 (Code128)."/>
			<column name="EVAL_OPRTR_CD" value="A"/>
			<column name="APPL_ID" value="KFS"/>
		</insert>
		<insert tableName="KRCR_PARM_T">
			<column name="NMSPC_CD" value="KFS-TEM"/>
			<column name="CMPNT_CD" value="TravelReimbursement"/>
			<column name="PARM_NM" value="FAX_NUMBER"/>
			<column name="OBJ_ID" value="KFS-TEM-PARM-086"/>
			<column name="PARM_TYP_CD" value="CONFG"/>
			<column name="VAL" value="(800) 555-1212"/>
			<column name="PARM_DESC_TXT" value="The fax number printed on the Fax Coversheet and all of the barcode forms."/>
			<column name="EVAL_OPRTR_CD" value="A"/>
			<column name="APPL_ID" value="KFS"/>
		</insert>
		<insert tableName="KRCR_PARM_T">
			<column name="NMSPC_CD" value="KFS-TEM"/>
			<column name="CMPNT_CD" value="TravelReimbursement"/>
			<column name="PARM_NM" value="TRANSPORTATION_TYPE_CODES"/>
			<column name="OBJ_ID" value="KFS-TEM-PARM-087"/>
			<column name="PARM_TYP_CD" value="CONFG"/>
			<column name="VAL" value="A;R;T"/>
			<column name="PARM_DESC_TXT" value="Expense Type Codes used for Transportation. This is used when generating reports to determine how to report transporation expenses."/>
			<column name="EVAL_OPRTR_CD" value="A"/>
			<column name="APPL_ID" value="KFS"/>
		</insert>
		<insert tableName="KRCR_PARM_T">
			<column name="NMSPC_CD" value="KFS-TEM"/>
			<column name="CMPNT_CD" value="TravelReimbursement"/>
			<column name="PARM_NM" value="OBJECT_LEVELS"/>
			<column name="OBJ_ID" value="KFS-TEM-PARM-091"/>
			<column name="PARM_TYP_CD" value="VALID"/>
			<column name="VAL" value="TRAV"/>
			<column name="PARM_DESC_TXT" value="When the DISPLAY_ACCOUNTING_DISTRIBUTION_TAB_IND parameter equals &quot;N&quot; then the object codes are validated against this list of valid object levels."/>
			<column name="EVAL_OPRTR_CD" value="A"/>
			<column name="APPL_ID" value="KFS"/>
		</insert>
		<insert tableName="KRCR_PARM_T">
			<column name="NMSPC_CD" value="KFS-TEM"/>
			<column name="CMPNT_CD" value="TravelRelocation"/>
			<column name="PARM_NM" value="DISPLAY_ACCOUNTING_DISTRIBUTION_TAB_IND"/>
			<column name="OBJ_ID" value="KFS-TEM-PARM-093"/>
			<column name="PARM_TYP_CD" value="CONFG"/>
			<column name="VAL" value="Y"/>
			<column name="PARM_DESC_TXT" value="When this parameter value is &quot;Y&quot;, display the accounting distribution tab (summary of expense by object code). When the parameter is &quot;N&quot;, only the normal Accounting Lines are displayed."/>
			<column name="EVAL_OPRTR_CD" value="A"/>
			<column name="APPL_ID" value="KFS"/>
		</insert>
		<insert tableName="KRCR_PARM_T">
			<column name="NMSPC_CD" value="KFS-TEM"/>
			<column name="CMPNT_CD" value="TravelEntertainment"/>
			<column name="PARM_NM" value="DISPLAY_ACCOUNTING_DISTRIBUTION_TAB_IND"/>
			<column name="OBJ_ID" value="KFS-TEM-PARM-098"/>
			<column name="PARM_TYP_CD" value="CONFG"/>
			<column name="VAL" value="Y"/>
			<column name="PARM_DESC_TXT" value="When this parameter value is &quot;Y&quot;, display the accounting distribution tab (summary of expense by object code). When the parameter is &quot;N&quot;, only the normal Accounting Lines are displayed."/>
			<column name="EVAL_OPRTR_CD" value="A"/>
			<column name="APPL_ID" value="KFS"/>
		</insert>
		<insert tableName="KRCR_PARM_T">
			<column name="NMSPC_CD" value="KFS-TEM"/>
			<column name="CMPNT_CD" value="TemProfile"/>
			<column name="PARM_NM" value="VALID_TRAVELER_TYPE_BY_CUSTOMER_TYPE"/>
			<column name="OBJ_ID" value="KFS-TEM-PARM-102"/>
			<column name="PARM_TYP_CD" value="CONFG"/>
			<column name="VAL" value="11=NON"/>
			<column name="PARM_DESC_TXT" value="Mapping between the AR Customer Type and the TEM Traveler Type. The format is AR Customer Type=Traveler Type."/>
			<column name="EVAL_OPRTR_CD" value="A"/>
			<column name="APPL_ID" value="KFS"/>
		</insert>
		<insert tableName="KRCR_PARM_T">
			<column name="NMSPC_CD" value="KFS-TEM"/>
			<column name="CMPNT_CD" value="TemProfile"/>
			<column name="PARM_NM" value="VALID_KIM_TYPE_AFFILIATION_BY_TRAVER_TYPE"/>
			<column name="OBJ_ID" value="KFS-TEM-PARM-103"/>
			<column name="PARM_TYP_CD" value="CONFG"/>
			<column name="VAL" value="STAFF=EMP;STDNT=NON;FCLTY=EMP;AFLT=NON"/>
			<column name="PARM_DESC_TXT" value="Mapping between the KIM Affiliation Type and the TEM Traveler Type. The format is KIM Affiliation Type=Traveler Type."/>
			<column name="EVAL_OPRTR_CD" value="A"/>
			<column name="APPL_ID" value="KFS"/>
		</insert>
		<insert tableName="KRCR_PARM_T">
			<column name="NMSPC_CD" value="KFS-TEM"/>
			<column name="CMPNT_CD" value="PerDiemLoadStep"/>
			<column name="PARM_NM" value="CONUS_MEAL_BREAKDOWN"/>
			<column name="OBJ_ID" value="KFS-TEM-PARM-104"/>
			<column name="PARM_TYP_CD" value="CONFG"/>
			<column name="VAL" value="B=15;L=25;D=40"/>
			<column name="PARM_DESC_TXT" value="Breaks down the MIE total into breakfast, lunch, and dinner in the event that the matching MEI total is not found in the CONUS MEAL_BREAKDOWN table."/>
			<column name="EVAL_OPRTR_CD" value="A"/>
			<column name="APPL_ID" value="KFS"/>
		</insert>
		<insert tableName="KRCR_PARM_T">
			<column name="NMSPC_CD" value="KFS-TEM"/>
			<column name="CMPNT_CD" value="PerDiemLoadStep"/>
			<column name="PARM_NM" value="INSTITUTION_STATE"/>
			<column name="OBJ_ID" value="KFS-TEM-PARM-105"/>
			<column name="PARM_TYP_CD" value="CONFG"/>
			<column name="VAL" value="IN"/>
			<column name="PARM_DESC_TXT" value="This parameter populates the specified state with IN in the Per Diem table."/>
			<column name="EVAL_OPRTR_CD" value="A"/>
			<column name="APPL_ID" value="KFS"/>
		</insert>
		<insert tableName="KRCR_PARM_T">
			<column name="NMSPC_CD" value="KFS-TEM"/>
			<column name="CMPNT_CD" value="PerDiemLoadStep"/>
			<column name="PARM_NM" value="INTERNATIONAL_TRIP_TYPE_CODE"/>
			<column name="OBJ_ID" value="KFS-TEM-PARM-106"/>
			<column name="PARM_TYP_CD" value="CONFG"/>
			<column name="VAL" value="INT"/>
			<column name="PARM_DESC_TXT" value="The trip type code for international travel."/>
			<column name="EVAL_OPRTR_CD" value="A"/>
			<column name="APPL_ID" value="KFS"/>
		</insert>
		<insert tableName="KRCR_PARM_T">
			<column name="NMSPC_CD" value="KFS-TEM"/>
			<column name="CMPNT_CD" value="PerDiemLoadStep"/>
			<column name="PARM_NM" value="IN_STATE_TRIP_TYPE_CODE"/>
			<column name="OBJ_ID" value="KFS-TEM-PARM-107"/>
			<column name="PARM_TYP_CD" value="CONFG"/>
			<column name="VAL" value="IN"/>
			<column name="PARM_DESC_TXT" value="The trip type code for in-state travel."/>
			<column name="EVAL_OPRTR_CD" value="A"/>
			<column name="APPL_ID" value="KFS"/>
		</insert>
		<insert tableName="KRCR_PARM_T">
			<column name="NMSPC_CD" value="KFS-TEM"/>
			<column name="CMPNT_CD" value="PerDiemLoadStep"/>
			<column name="PARM_NM" value="OCONUS_MEAL_BREAKDOWN"/>
			<column name="OBJ_ID" value="KFS-TEM-PARM-108"/>
			<column name="PARM_TYP_CD" value="CONFG"/>
			<column name="VAL" value="B=15;L=25;D=40"/>
			<column name="PARM_DESC_TXT" value="Breaks down the local meals into breakfast, lunch dinner, and incidentals for Outside the Continental United States."/>
			<column name="EVAL_OPRTR_CD" value="A"/>
			<column name="APPL_ID" value="KFS"/>
		</insert>
		<insert tableName="KRCR_PARM_T">
			<column name="NMSPC_CD" value="KFS-TEM"/>
			<column name="CMPNT_CD" value="PerDiemLoadStep"/>
			<column name="PARM_NM" value="OUT_OF_STATE_TRIP_TYPE_CODE"/>
			<column name="OBJ_ID" value="KFS-TEM-PARM-109"/>
			<column name="PARM_TYP_CD" value="CONFG"/>
			<column name="VAL" value="OUT"/>
			<column name="PARM_DESC_TXT" value="The trip type code for out-state travel."/>
			<column name="EVAL_OPRTR_CD" value="A"/>
			<column name="APPL_ID" value="KFS"/>
		</insert>
		<insert tableName="KRCR_PARM_T">
			<column name="NMSPC_CD" value="KFS-TEM"/>
			<column name="CMPNT_CD" value="PerDiemLoadStep"/>
			<column name="PARM_NM" value="REJECT_FILE_IND"/>
			<column name="OBJ_ID" value="KFS-TEM-PARM-111"/>
			<column name="PARM_TYP_CD" value="CONFG"/>
			<column name="VAL" value="Y"/>
			<column name="PARM_DESC_TXT" value="When this parameter is &quot;Y&quot;, reject the entire per diem file if an error occurs."/>
			<column name="EVAL_OPRTR_CD" value="A"/>
			<column name="APPL_ID" value="KFS"/>
		</insert>
		<insert tableName="KRCR_PARM_T">
			<column name="NMSPC_CD" value="KFS-TEM"/>
			<column name="CMPNT_CD" value="TemProfileExportStep"/>
			<column name="PARM_NM" value="EXPORT_FILE_FORMAT"/>
			<column name="OBJ_ID" value="KFS-TEM-PARM-112"/>
			<column name="PARM_TYP_CD" value="CONFG"/>
			<column name="VAL" value="csv"/>
			<column name="PARM_DESC_TXT" value="The format of the profile data exported from TEM. The valid VALUES are csv or xml."/>
			<column name="EVAL_OPRTR_CD" value="A"/>
			<column name="APPL_ID" value="KFS"/>
		</insert>
		<insert tableName="KRCR_PARM_T">
			<column name="NMSPC_CD" value="KFS-TEM"/>
			<column name="CMPNT_CD" value="AgencyDataImportStep"/>
			<column name="PARM_NM" value="ACCOUNTING_LINE_VALIDATION"/>
			<column name="OBJ_ID" value="KFS-TEM-PARM-113"/>
			<column name="PARM_TYP_CD" value="CONFG"/>
			<column name="VAL" value="Account;Sub-Account"/>
			<column name="PARM_DESC_TXT" value="Defines the fields within the accounting line for matching between the TA encumbrance accounting line and downloaded agency data. List the accounting line elements that will be used for matching. Valid VALUES are: Account, Sub-Account."/>
			<column name="EVAL_OPRTR_CD" value="A"/>
			<column name="APPL_ID" value="KFS"/>
		</insert>
		<insert tableName="KRCR_PARM_T">
			<column name="NMSPC_CD" value="KFS-TEM"/>
			<column name="CMPNT_CD" value="All"/>
			<column name="PARM_NM" value="TRAVEL_CREDIT_CARD_CLEARING_ACCOUNT"/>
			<column name="OBJ_ID" value="KFS-TEM-PARM-114"/>
			<column name="PARM_TYP_CD" value="CONFG"/>
			<column name="VAL" value="9323001"/>
			<column name="PARM_DESC_TXT" value="AP clearing account where the Travel Credit Card payment will be made."/>
			<column name="EVAL_OPRTR_CD" value="A"/>
			<column name="APPL_ID" value="KFS"/>
		</insert>
		<insert tableName="KRCR_PARM_T">
			<column name="NMSPC_CD" value="KFS-TEM"/>
			<column name="CMPNT_CD" value="All"/>
			<column name="PARM_NM" value="TRAVEL_CREDIT_CARD_CLEARING_CHART"/>
			<column name="OBJ_ID" value="KFS-TEM-PARM-115"/>
			<column name="PARM_TYP_CD" value="CONFG"/>
			<column name="VAL" value="UA"/>
			<column name="PARM_DESC_TXT" value="AP clearing chart code where the Travel Credit Card payment will be made."/>
			<column name="EVAL_OPRTR_CD" value="A"/>
			<column name="APPL_ID" value="KFS"/>
		</insert>
		<insert tableName="KRCR_PARM_T">
			<column name="NMSPC_CD" value="KFS-TEM"/>
			<column name="CMPNT_CD" value="All"/>
			<column name="PARM_NM" value="TRAVEL_CREDIT_CARD_CLEARING_OBJECT_CODE"/>
			<column name="OBJ_ID" value="KFS-TEM-PARM-116"/>
			<column name="PARM_TYP_CD" value="CONFG"/>
			<column name="VAL" value="6000"/>
			<column name="PARM_DESC_TXT" value="AP clearing object code where the Travel Credit Card payment will be made."/>
			<column name="EVAL_OPRTR_CD" value="A"/>
			<column name="APPL_ID" value="KFS"/>
		</insert>
		<insert tableName="KRCR_PARM_T">
			<column name="NMSPC_CD" value="KFS-TEM"/>
			<column name="CMPNT_CD" value="All"/>
			<column name="PARM_NM" value="TRAVEL_CREDIT_CARD_AIRFARE_OBJECT_CODE"/>
			<column name="OBJ_ID" value="KFS-TEM-PARM-118"/>
			<column name="PARM_TYP_CD" value="CONFG"/>
			<column name="VAL" value="6000"/>
			<column name="PARM_DESC_TXT" value="Object Code to distribute airline charges from travel credit cards when the Trip ID is not known."/>
			<column name="EVAL_OPRTR_CD" value="A"/>
			<column name="APPL_ID" value="KFS"/>
		</insert>
		<insert tableName="KRCR_PARM_T">
			<column name="NMSPC_CD" value="KFS-TEM"/>
			<column name="CMPNT_CD" value="All"/>
			<column name="PARM_NM" value="TRAVEL_CREDIT_CARD_LODGING_OBJECT_CODE"/>
			<column name="OBJ_ID" value="KFS-TEM-PARM-119"/>
			<column name="PARM_TYP_CD" value="CONFG"/>
			<column name="VAL" value="6100"/>
			<column name="PARM_DESC_TXT" value="Object Code to distribute lodging from travel credit cards when the Trip ID is not known."/>
			<column name="EVAL_OPRTR_CD" value="A"/>
			<column name="APPL_ID" value="KFS"/>
		</insert>
		<insert tableName="KRCR_PARM_T">
			<column name="NMSPC_CD" value="KFS-TEM"/>
			<column name="CMPNT_CD" value="All"/>
			<column name="PARM_NM" value="TRAVEL_CREDIT_CARD_RENTAL_CAR_OBJECT_CODE"/>
			<column name="OBJ_ID" value="KFS-TEM-PARM-120"/>
			<column name="PARM_TYP_CD" value="CONFG"/>
			<column name="VAL" value="6180"/>
			<column name="PARM_DESC_TXT" value="Object Code to distribute rental car charges from travel credit cards when the Trip ID is not known."/>
			<column name="EVAL_OPRTR_CD" value="A"/>
			<column name="APPL_ID" value="KFS"/>
		</insert>
		<insert tableName="KRCR_PARM_T">
			<column name="NMSPC_CD" value="KFS-TEM"/>
			<column name="CMPNT_CD" value="TaxableRamificationNotificationStep"/>
			<column name="PARM_NM" value="SEND_FYI_TO_FISCAL_OFFICER_IND"/>
			<column name="OBJ_ID" value="KFS-TEM-PARM-121"/>
			<column name="PARM_TYP_CD" value="CONFG"/>
			<column name="VAL" value="N"/>
			<column name="PARM_DESC_TXT" value="When this parameter value is &quot;Y&quot;, the FYI for the Tax Ramification Notification document is sent to the fiscal officer."/>
			<column name="EVAL_OPRTR_CD" value="A"/>
			<column name="APPL_ID" value="KFS"/>
		</insert>
		<insert tableName="KRCR_PARM_T">
			<column name="NMSPC_CD" value="KFS-TEM"/>
			<column name="CMPNT_CD" value="TaxableRamificationNotificationStep"/>
			<column name="PARM_NM" value="NOTIFICATION_DAYS"/>
			<column name="OBJ_ID" value="KFS-TEM-PARM-122"/>
			<column name="PARM_TYP_CD" value="CONFG"/>
			<column name="VAL" value="120"/>
			<column name="PARM_DESC_TXT" value="The number of days after the cash advances are due to send the tax ramification notification to the travelers."/>
			<column name="EVAL_OPRTR_CD" value="A"/>
			<column name="APPL_ID" value="KFS"/>
		</insert>
		<insert tableName="KRCR_PARM_T">
			<column name="NMSPC_CD" value="KFS-TEM"/>
			<column name="CMPNT_CD" value="TaxableRamificationNotificationStep"/>
			<column name="PARM_NM" value="NOTIFICATION_SUBJECT"/>
			<column name="OBJ_ID" value="KFS-TEM-PARM-123"/>
			<column name="PARM_TYP_CD" value="CONFG"/>
			<column name="VAL" value="Taxable Ramification Notice for"/>
			<column name="PARM_DESC_TXT" value="The email notification subject."/>
			<column name="EVAL_OPRTR_CD" value="A"/>
			<column name="APPL_ID" value="KFS"/>
		</insert>
		<insert tableName="KRCR_PARM_T">
			<column name="NMSPC_CD" value="KFS-TEM"/>
			<column name="CMPNT_CD" value="TaxableRamificationNotificationStep"/>
			<column name="PARM_NM" value="NOTIFICATION_TEXT"/>
			<column name="OBJ_ID" value="KFS-TEM-PARM-124"/>
			<column name="PARM_TYP_CD" value="CONFG"/>
			<column name="VAL" value="The following advance is now past due and you have exceeded the IRS time frame allowable to submit payment/receipts after travel.  Since your advance is more than overdue, you are in the process of being considered for payroll deduction.  IF YOU HAVE ALREADY SUBMITTED YOUR VOUCHER, PLEASE NOTIFY US.  If you traveled for Study Abroad, notify them regarding the status of your voucher. For all others, please confirm with your department's administrator that your voucher/payment was submitted to Voucher Processing.  If you feel we should have received your voucher/payment, please contact our office to confirm receipt.  PLEASE RESPOND VIA EMAIL. Your immediate attention to this matter is appreciated."/>
			<column name="PARM_DESC_TXT" value="The text which should be sent to the travelers who have outstanding advances over a specified period."/>
			<column name="EVAL_OPRTR_CD" value="A"/>
			<column name="APPL_ID" value="KFS"/>
		</insert>
		<insert tableName="KRCR_PARM_T">
			<column name="NMSPC_CD" value="KFS-TEM"/>
			<column name="CMPNT_CD" value="TaxableRamificationNotificationStep"/>
			<column name="PARM_NM" value="FROM_EMAIL_ADDRESS"/>
			<column name="OBJ_ID" value="KFS-TEM-PARM-125"/>
			<column name="PARM_TYP_CD" value="CONFG"/>
			<column name="VAL" value=" knoreceipt-l@indiana.edu"/>
			<column name="PARM_DESC_TXT" value="The email address from which the notification is sent."/>
			<column name="EVAL_OPRTR_CD" value="A"/>
			<column name="APPL_ID" value="KFS"/>
		</insert>
		<insert tableName="KRCR_PARM_T">
			<column name="NMSPC_CD" value="KFS-TEM"/>
			<column name="CMPNT_CD" value="TravelImportedExpenseNotificationStep"/>
			<column name="PARM_NM" value="NOTIFICATION_SUBJECT"/>
			<column name="OBJ_ID" value="KFS-TEM-PARM-126"/>
			<column name="PARM_TYP_CD" value="CONFG"/>
			<column name="VAL" value="Newly Imported Expenses"/>
			<column name="PARM_DESC_TXT" value="The email notification subject."/>
			<column name="EVAL_OPRTR_CD" value="A"/>
			<column name="APPL_ID" value="KFS"/>
		</insert>
		<insert tableName="KRCR_PARM_T">
			<column name="NMSPC_CD" value="KFS-TEM"/>
			<column name="CMPNT_CD" value="TravelImportedExpenseNotificationStep"/>
			<column name="PARM_NM" value="NOTIFICATION_TEXT_BY_TRP"/>
			<column name="OBJ_ID" value="KFS-TEM-PARM-127"/>
			<column name="PARM_TYP_CD" value="CONFG"/>
			<column name="VAL" value="You have newly imported expenses that have been reconciled to your TEM documents."/>
			<column name="PARM_DESC_TXT" value="The text which should be sent to the travelers who have newly imported expenses that have been reconciled."/>
			<column name="EVAL_OPRTR_CD" value="A"/>
			<column name="APPL_ID" value="KFS"/>
		</insert>
		<insert tableName="KRCR_PARM_T">
			<column name="NMSPC_CD" value="KFS-TEM"/>
			<column name="CMPNT_CD" value="All"/>
			<column name="PARM_NM" value="FROM_EMAIL_ADDRESS"/>
			<column name="OBJ_ID" value="KFS-TEM-PARM-128"/>
			<column name="PARM_TYP_CD" value="CONFG"/>
			<column name="VAL" value="knoreceipt-l@indiana.edu"/>
			<column name="PARM_DESC_TXT" value="The email address from which the notification is sent from."/>
			<column name="EVAL_OPRTR_CD" value="A"/>
			<column name="APPL_ID" value="KFS"/>
		</insert>
		<insert tableName="KRCR_PARM_T">
			<column name="NMSPC_CD" value="KFS-AR"/>
			<column name="CMPNT_CD" value="CustomerAgingReportNotificationStep"/>
			<column name="PARM_NM" value="NOTIFICATION_SELECTION"/>
			<column name="OBJ_ID" value="KFS-TEM-PARM-130"/>
			<column name="PARM_TYP_CD" value="CONFG"/>
			<column name="VAL" value="CHART=BL;ORG=VPIT,PSY"/>
			<column name="PARM_DESC_TXT" value="AR customer email notification selection criteria. Syntax is Selection Criteria=Value. Available selection criteria are: CHART, ORG and ACCOUNT."/>
			<column name="EVAL_OPRTR_CD" value="A"/>
			<column name="APPL_ID" value="KFS"/>
		</insert>
		<insert tableName="KRCR_PARM_T">
			<column name="NMSPC_CD" value="KFS-AR"/>
			<column name="CMPNT_CD" value="CustomerAgingReportNotificationStep"/>
			<column name="PARM_NM" value="NOTIFICATION_SELECTION_TYPE"/>
			<column name="OBJ_ID" value="KFS-TEM-PARM-131"/>
			<column name="PARM_TYP_CD" value="CONFG"/>
			<column name="VAL" value="PROCESSING_ORG"/>
			<column name="PARM_DESC_TXT" value="The notification selection option. Its valid value can be PROCESSING_ORG, BILLING_ORG or ACCOUNT."/>
			<column name="EVAL_OPRTR_CD" value="A"/>
			<column name="APPL_ID" value="KFS"/>
		</insert>
		<insert tableName="KRCR_PARM_T">
			<column name="NMSPC_CD" value="KFS-AR"/>
			<column name="CMPNT_CD" value="CustomerAgingReportNotificationStep"/>
			<column name="PARM_NM" value="NOTIFICATION_SUBJECT"/>
			<column name="OBJ_ID" value="KFS-TEM-PARM-132"/>
			<column name="PARM_TYP_CD" value="CONFG"/>
			<column name="VAL" value="Customer Aging Report for"/>
			<column name="PARM_DESC_TXT" value="The email notification subject."/>
			<column name="EVAL_OPRTR_CD" value="A"/>
			<column name="APPL_ID" value="KFS"/>
		</insert>
		<insert tableName="KRCR_PARM_T">
			<column name="NMSPC_CD" value="KFS-AR"/>
			<column name="CMPNT_CD" value="CustomerAgingReportNotificationStep"/>
			<column name="PARM_NM" value="NOTIFICATION_TEXT"/>
			<column name="OBJ_ID" value="KFS-TEM-PARM-133"/>
			<column name="PARM_TYP_CD" value="CONFG"/>
			<column name="VAL" value="The following advance is now past due and you have exceeded the IRS time frame allowable to submit payment/receipts after travel.  Since your advance is more than overdue, you are in the process of being considered for payroll deduction.  IF YOU HAVE ALREADY SUBMITTED YOUR VOUCHER, PLEASE NOTIFY US.  If you traveled for Study Abroad, notify them regarding the status of your voucher. For all others, please confirm with your department's administrator that your voucher/payment was submitted to Voucher Processing.  If you feel we should have received your voucher/payment, please contact our office to confirm receipt.  PLEASE RESPOND VIA EMAIL. Your immediate attention to this matter is appreciated."/>
			<column name="PARM_DESC_TXT" value="The email body."/>
			<column name="EVAL_OPRTR_CD" value="A"/>
			<column name="APPL_ID" value="KFS"/>
		</insert>
		<insert tableName="KRCR_PARM_T">
			<column name="NMSPC_CD" value="KFS-AR"/>
			<column name="CMPNT_CD" value="CustomerAgingReportNotificationStep"/>
			<column name="PARM_NM" value="FROM_EMAIL_ADDRESS"/>
			<column name="OBJ_ID" value="KFS-TEM-PARM-134"/>
			<column name="PARM_TYP_CD" value="CONFG"/>
			<column name="VAL" value="knoreceipt-l@indiana.edu"/>
			<column name="PARM_DESC_TXT" value="The email address from which the notification is sent."/>
			<column name="EVAL_OPRTR_CD" value="A"/>
			<column name="APPL_ID" value="KFS"/>
		</insert>
		<insert tableName="KRCR_PARM_T">
			<column name="NMSPC_CD" value="KFS-AR"/>
			<column name="CMPNT_CD" value="CustomerAgingReportNotificationStep"/>
			<column name="PARM_NM" value="NOTIFICATION_DAYS"/>
			<column name="OBJ_ID" value="KFS-TEM-PARM-135"/>
			<column name="PARM_TYP_CD" value="CONFG"/>
			<column name="VAL" value="30"/>
			<column name="PARM_DESC_TXT" value="The timing of when the aging email notification should be sent. The value should 30, 60, 90 or AGE. When the AGE is entered, it assumes the value of the CUSTOMER_INVOICE_AGE parameter."/>
			<column name="EVAL_OPRTR_CD" value="A"/>
			<column name="APPL_ID" value="KFS"/>
		</insert>
		<insert tableName="KRCR_PARM_T">
			<column name="NMSPC_CD" value="KFS-FP"/>
			<column name="CMPNT_CD" value="DisbursementVoucher"/>
			<column name="PARM_NM" value="PAYEE_TYPE_NAME"/>
			<column name="OBJ_ID" value="KFS-TEM-PARM-141"/>
			<column name="PARM_TYP_CD" value="CONFG"/>
			<column name="VAL" value="Customer"/>
			<column name="PARM_DESC_TXT" value="Label used for payees with type code C within the Disbursement Voucher."/>
			<column name="EVAL_OPRTR_CD" value="A"/>
			<column name="APPL_ID" value="KFS"/>
		</insert>
		<insert tableName="KRCR_PARM_T">
			<column name="NMSPC_CD" value="KFS-TEM"/>
			<column name="CMPNT_CD" value="TravelAuthorization"/>
			<column name="PARM_NM" value="DISPLAY_ACCOUNTING_DISTRIBUTION_TAB_IND"/>
			<column name="OBJ_ID" value="KFS-TEM-PARM-142"/>
			<column name="PARM_TYP_CD" value="CONFG"/>
			<column name="VAL" value="Y"/>
			<column name="PARM_DESC_TXT" value="When this parameter value is &quot;Y&quot;, display the accounting distribution tab (summary of expense by object code). When the parameter is &quot;N&quot;, only the normal Accounting Lines are displayed."/>
			<column name="EVAL_OPRTR_CD" value="A"/>
			<column name="APPL_ID" value="KFS"/>
		</insert>
		<insert tableName="KRCR_PARM_T">
			<column name="NMSPC_CD" value="KFS-TEM"/>
			<column name="CMPNT_CD" value="Document"/>
			<column name="PARM_NM" value="VALIDATE_DAILY_PER_DIEM_AND_INCIDENTALS_IND"/>
			<column name="OBJ_ID" value="KFS-TEM-PARM-143"/>
			<column name="PARM_TYP_CD" value="CONFG"/>
			<column name="VAL" value="Y"/>
			<column name="PARM_DESC_TXT" value="When this parameter value is &quot;Y&quot;, validate per diem against daily total versus each individual meal and incidental."/>
			<column name="EVAL_OPRTR_CD" value="A"/>
			<column name="APPL_ID" value="KFS"/>
		</insert>
		<insert tableName="KRCR_PARM_T">
			<column name="NMSPC_CD" value="KFS-TEM"/>
			<column name="CMPNT_CD" value="Document"/>
			<column name="PARM_NM" value="INCLUDE_ARRANGER_EXPENSE_IN_IMPORTED_EXPENSE_IND"/>
			<column name="OBJ_ID" value="KFS-TEM-PARM-144"/>
			<column name="PARM_TYP_CD" value="CONFG"/>
			<column name="VAL" value="Y"/>
			<column name="PARM_DESC_TXT" value="Allow the user (arranger) to select their own imported expense for the traveler."/>
			<column name="EVAL_OPRTR_CD" value="A"/>
			<column name="APPL_ID" value="KFS"/>
		</insert>
		<insert tableName="KRCR_PARM_T">
			<column name="NMSPC_CD" value="KFS-TEM"/>
			<column name="CMPNT_CD" value="TemCorporateCardApplication"/>
			<column name="PARM_NM" value="GENERATE_CREDIT_CARD_NUMBER_IND"/>
			<column name="OBJ_ID" value="KFS-TEM-PARM-145"/>
			<column name="PARM_TYP_CD" value="CONFG"/>
			<column name="VAL" value="Y"/>
			<column name="PARM_DESC_TXT" value="When this parameter value is &quot;Y&quot;, a pseudo card number is generated."/>
			<column name="EVAL_OPRTR_CD" value="A"/>
			<column name="APPL_ID" value="KFS"/>
		</insert>
		<insert tableName="KRCR_PARM_T">
			<column name="NMSPC_CD" value="KFS-TEM"/>
			<column name="CMPNT_CD" value="TemCorporateCardApplication"/>
			<column name="PARM_NM" value="CORPORATE_CARD_CODE"/>
			<column name="OBJ_ID" value="KFS-TEM-PARM-146"/>
			<column name="PARM_TYP_CD" value="CONFG"/>
			<column name="VAL" value="USBC"/>
			<column name="PARM_DESC_TXT" value="Credit card code for corporate cards created from a Corporate Card Application (CCAP) document."/>
			<column name="EVAL_OPRTR_CD" value="A"/>
			<column name="APPL_ID" value="KFS"/>
		</insert>
		<insert tableName="KRCR_PARM_T">
			<column name="NMSPC_CD" value="KFS-TEM"/>
			<column name="CMPNT_CD" value="TemCTSCardApplication"/>
			<column name="PARM_NM" value="CENTRAL_TRAVEL_SYSTEM_CARD_CODE"/>
			<column name="OBJ_ID" value="KFS-TEM-PARM-147"/>
			<column name="PARM_TYP_CD" value="CONFG"/>
			<column name="VAL" value="CTSC"/>
			<column name="PARM_DESC_TXT" value="Code for CTS cards created from a CTS Card Application (CTAP) document."/>
			<column name="EVAL_OPRTR_CD" value="A"/>
			<column name="APPL_ID" value="KFS"/>
		</insert>
		<insert tableName="KRCR_PARM_T">
			<column name="NMSPC_CD" value="KFS-TEM"/>
			<column name="CMPNT_CD" value="TravelAuthorization"/>
			<column name="PARM_NM" value="DISPLAY_IMPORTED_EXPENSE_IND"/>
			<column name="OBJ_ID" value="KFS-TEM-PARM-150"/>
			<column name="PARM_TYP_CD" value="CONFG"/>
			<column name="VAL" value="Y"/>
			<column name="PARM_DESC_TXT" value="When this parameter value is &quot;Y&quot;, the Travel Authorization document will display the related sections for Import Expenses."/>
			<column name="EVAL_OPRTR_CD" value="A"/>
			<column name="APPL_ID" value="KFS"/>
		</insert>
		<insert tableName="KRCR_PARM_T">
			<column name="NMSPC_CD" value="KFS-TEM"/>
			<column name="CMPNT_CD" value="TravelReimbursement"/>
			<column name="PARM_NM" value="PRETRIP_REIMBURSEMENT_IND"/>
			<column name="OBJ_ID" value="KFS-TEM-PARM-151"/>
			<column name="PARM_TYP_CD" value="CONFG"/>
			<column name="VAL" value="Y"/>
			<column name="PARM_DESC_TXT" value="When this parameter value is &quot;Y&quot;, the trip date validation is disabled."/>
			<column name="EVAL_OPRTR_CD" value="A"/>
			<column name="APPL_ID" value="KFS"/>
		</insert>
		<insert tableName="KRCR_PARM_T">
			<column name="NMSPC_CD" value="KFS-TEM"/>
			<column name="CMPNT_CD" value="Document"/>
			<column name="PARM_NM" value="IMMEDIATE_EXTRACT_NOTIFICATION_FROM_EMAIL_ADDRESS"/>
			<column name="OBJ_ID" value="KFS-TEM-PARM-152"/>
			<column name="PARM_TYP_CD" value="CONFG"/>
			<column name="VAL" value="knoreceipt-l@indiana.edu"/>
			<column name="PARM_DESC_TXT" value="Email address which sends out the notification that a Travel or Entertainment document was prepared for immediate extraction."/>
			<column name="EVAL_OPRTR_CD" value="A"/>
			<column name="APPL_ID" value="KFS"/>
		</insert>
		<insert tableName="KRCR_PARM_T">
			<column name="NMSPC_CD" value="KFS-TEM"/>
			<column name="CMPNT_CD" value="Document"/>
			<column name="PARM_NM" value="IMMEDIATE_EXTRACT_NOTIFICATION_TO_EMAIL_ADDRESS"/>
			<column name="OBJ_ID" value="KFS-TEM-PARM-153"/>
			<column name="PARM_TYP_CD" value="CONFG"/>
			<column name="VAL" value="knoreceipt-l@indiana.edu"/>
			<column name="PARM_DESC_TXT" value="Email addresses which receive notification that a Travel or Entertainment document was prepared for immediate extraction."/>
			<column name="EVAL_OPRTR_CD" value="A"/>
			<column name="APPL_ID" value="KFS"/>
		</insert>
		<insert tableName="KRCR_PARM_T">
			<column name="NMSPC_CD" value="KFS-TEM"/>
			<column name="CMPNT_CD" value="Document"/>
			<column name="PARM_NM" value="INCLUDE_TRAVELER_TYPE_IN_TRIP_ID_IND"/>
			<column name="OBJ_ID" value="KFS-TEM-PARM-155"/>
			<column name="PARM_TYP_CD" value="CONFG"/>
			<column name="VAL" value="N"/>
			<column name="PARM_DESC_TXT" value="If true, the traveler type (&quot;EMP&quot; for Employee, &quot;NON&quot; for Non-Employee) will be included as part of generated trip ids."/>
			<column name="EVAL_OPRTR_CD" value="A"/>
			<column name="APPL_ID" value="KFS"/>
		</insert>
		<insert tableName="KRCR_PARM_T">
			<column name="NMSPC_CD" value="KFS-TEM"/>
			<column name="CMPNT_CD" value="PerDiemLoadStep"/>
			<column name="PARM_NM" value="BYPASS_STATE_OR_COUNTRY_CODES"/>
			<column name="OBJ_ID" value="KFS-TEM-PARM-156"/>
			<column name="PARM_TYP_CD" value="CONFG"/>
			<column name="VAL" value="RC;RES"/>
			<column name="PARM_DESC_TXT" value="List of per diem codes (state_alpha for CONUS records, country_code for OCONUS records) which will be skipped during the load process."/>
			<column name="EVAL_OPRTR_CD" value="D"/>
			<column name="APPL_ID" value="KFS"/>
		</insert>
		<insert tableName="KRCR_PARM_T">
			<column name="NMSPC_CD" value="KFS-TEM"/>
			<column name="CMPNT_CD" value="Document"/>
			<column name="PARM_NM" value="PRE_DISBURSEMENT_EXTRACT_ORGANIZATION"/>
			<column name="OBJ_ID" value="KFS-TEM-PARM-157"/>
			<column name="PARM_TYP_CD" value="CONFG"/>
			<column name="VAL" value="KUAL"/>
			<column name="PARM_DESC_TXT" value="Allowed organization code for loading Travel Document payments to process checks."/>
			<column name="EVAL_OPRTR_CD" value="A"/>
			<column name="APPL_ID" value="KFS"/>
		</insert>
		<insert tableName="KRCR_PARM_T">
			<column name="NMSPC_CD" value="KFS-TEM"/>
			<column name="CMPNT_CD" value="Document"/>
			<column name="PARM_NM" value="PRE_DISBURSEMENT_EXTRACT_SUB_UNIT"/>
			<column name="OBJ_ID" value="KFS-TEM-PARM-158"/>
			<column name="PARM_TYP_CD" value="CONFG"/>
			<column name="VAL" value="TEM"/>
			<column name="PARM_DESC_TXT" value="PDP sub-unit code for loading Travel Document payments."/>
			<column name="EVAL_OPRTR_CD" value="A"/>
			<column name="APPL_ID" value="KFS"/>
		</insert>
		<insert tableName="KRCR_PARM_T">
			<column name="NMSPC_CD" value="KFS-TEM"/>
			<column name="CMPNT_CD" value="Document"/>
			<column name="PARM_NM" value="FOREIGN_CURRENCY_URL"/>
			<column name="OBJ_ID" value="KFS-TEM-PARM-159"/>
			<column name="PARM_TYP_CD" value="CONFG"/>
			<column name="VAL" value="https://www.kuali.org"/>
			<column name="PARM_DESC_TXT" value="URL directing users to the site your institution wishes them to use for calculating currency conversions."/>
			<column name="EVAL_OPRTR_CD" value="A"/>
			<column name="APPL_ID" value="KFS"/>
		</insert>
		<insert tableName="KRCR_PARM_T">
			<column name="NMSPC_CD" value="KFS-TEM"/>
			<column name="CMPNT_CD" value="Document"/>
			<column name="PARM_NM" value="PER_DIEM_MILEAGE_RATE_EXPENSE_TYPE_CODE"/>
			<column name="OBJ_ID" value="KFS-TEM-PARM-160"/>
			<column name="PARM_TYP_CD" value="CONFG"/>
			<column name="VAL" value="MP"/>
			<column name="PARM_DESC_TXT" value="The expense type code which will be the default for per diem expenses."/>
			<column name="EVAL_OPRTR_CD" value="A"/>
			<column name="APPL_ID" value="KFS"/>
		</insert>
		<insert tableName="KRCR_PARM_T">
			<column name="NMSPC_CD" value="KFS-TEM"/>
			<column name="CMPNT_CD" value="Document"/>
			<column name="PARM_NM" value="INTERNATIONAL_TRIP_REQUIRES_ACCOMMODATION_IND"/>
			<column name="OBJ_ID" value="KFS-TEM-PARM-161"/>
			<column name="PARM_TYP_CD" value="CONFG"/>
			<column name="VAL" value="Y"/>
			<column name="PARM_DESC_TXT" value="If set to &quot;Y&quot;, then on international trips where per diem is requested, information about accommodations must also be provided."/>
			<column name="EVAL_OPRTR_CD" value="A"/>
			<column name="APPL_ID" value="KFS"/>
		</insert>
		
		<update tableName="KRCR_PARM_T">
			<column name="VAL" value="A=V;B=V,E;C=S,V,E,VSP;D=V;E=V;F=V,E;G=V;H=V;K=V,VRF;L=V;M=V,E;N=V;P=V,E;R=V;T=V;V=V;W=V;X=V;Z=E"/>
			<where>nmspc_cd = 'KFS-FP' and cmpnt_cd = 'DisbursementVoucher' and parm_nm = 'VALID_PAYEE_TYPES_BY_PAYMENT_REASON' and appl_id = 'KFS'</where>
		</update>
		<update tableName="KRCR_PARM_T">
			<column name="VAL" value="A=OEXP,NORE,FINA;B=SERV,ADV,COMP,OEXP,PHON,PRIN,R&amp;M,RESA,S&amp;E,TAXP,UTIL,S&amp;S;C=SERV;E=ADV,CREX,DEBT,OEXP,R&amp;M,SASV,SERV,SUPL;F=ACPA,AR,BENF,C&amp;G,DEBT,GIFT,INSS,INVR,OLIA,OTHR,OTHS,TAXP;G=CAP,PHON,RESA,S&amp;E,SASV,TAXP,UTIL;H=SERV,SASV,BENF,CREX,S&amp;E;K=COSV,CREX,SERV;L=CAP,R&amp;M,COSV,S&amp;E,RESV;N=TRAV,S&amp;E,OEXP;P=TRAV,S&amp;E,OEXP;R=ADV,S&amp;E,COSV;T=RENT;V=OEXP,S&amp;E,TRAV;W=SASV,OEXP,PRIN,RESA,S&amp;E,INV,CAP;Y=R&amp;M;Z=TAXP,ACPA,TAX,S&amp;E,OLIA,DEBT,CASH,CREX"/>
			<where>nmspc_cd = 'KFS-FP' and cmpnt_cd = 'DisbursementVoucher' and parm_nm = 'VALID_OBJECT_LEVELS_BY_PAYMENT_REASON' and appl_id = 'KFS'</where>
		</update>
		<update tableName="KRCR_PARM_T">
			<column name="VAL" value="PO;POA;POC;POPH;PORH;POR;PORT;POSP;POV;TA;TAA;TAC"/>
			<where>nmspc_cd = 'KFS-GL' and cmpnt_cd = 'PosterEntriesStep' and parm_nm = 'ENCUMBRANCE_OPEN_AMOUNT_OVERRIDING_DOCUMENT_TYPES' and appl_id = 'KFS'</where>
		</update>
		<update tableName="KRCR_PARM_T">
			<column name="PARM_DESC_TXT" value="The value in this parameter will display on various AR and TEM reports."/>
			<where>nmspc_cd = 'KFS-SYS' and cmpnt_cd = 'All' and parm_nm = 'INSTITUTION_NAME' and appl_id = 'KFS'</where>
		</update>
		<update tableName="KRCR_PARM_T">
			<column name="VAL" value="50M"/>
			<where>nmspc_cd = 'KR-NS' and cmpnt_cd = 'All' and parm_nm = 'MAX_FILE_SIZE_DEFAULT_UPLOAD' and appl_id = 'KUALI'</where>
		</update>
		<update tableName="KRCR_PARM_T">
			<column name="VAL" valueNumeric="(CONCAT(VAL,';CLEAR='))"/>
			<where>nmspc_cd = 'KFS-AR' and cmpnt_cd = 'CustomerInvoice' and parm_nm = 'GLPE_RECEIVABLE_OFFSET_OBJECT_CODE_BY_SUB_FUND' and appl_id = 'KFS'</where>
		</update>
		<insert tableName="KRCR_PARM_T">
			<column name="NMSPC_CD" value="KFS-TEM"/>
			<column name="CMPNT_CD" value="TravelAuthorization"/>
			<column name="PARM_NM" value="DUPLICATE_TRIP_DATE_RANGE_DAYS"/>
			<column name="OBJ_ID" value="KFS-TEM-PARM-162"/>
			<column name="PARM_TYP_CD" value="CONFG"/>
			<column name="VAL" value="3"/>
			<column name="PARM_DESC_TXT" value="The number of days before trip begin date and after trip end date to determine duplicate trip date range."/>
			<column name="EVAL_OPRTR_CD" value="A"/>
			<column name="APPL_ID" value="KFS"/>
		</insert>
		<insert tableName="KRCR_PARM_T">
			<column name="NMSPC_CD" value="KFS-TEM"/>
			<column name="CMPNT_CD" value="All"/>
			<column name="PARM_NM" value="OLTP_LOCKOUT_ACTIVE_IND"/>
			<column name="OBJ_ID" value="KFS-TEM-PARM-164"/>
			<column name="PARM_TYP_CD" value="CONFG"/>
			<column name="VAL" value="N"/>
			<column name="PARM_DESC_TXT" value="Y/N indicator showing if the Travel/Entertainment module is currently unavailable for Online Transaction Processing (OLTP). Y means the module is currently locked and cannot be used. N means the module is unlocked and available for use."/>
			<column name="EVAL_OPRTR_CD" value="A"/>
			<column name="APPL_ID" value="KFS"/>
		</insert>
		<insert tableName="KRCR_PARM_T">
			<column name="NMSPC_CD" value="KFS-TEM"/>
			<column name="CMPNT_CD" value="PerDiemLoadStep"/>
			<column name="PARM_NM" value="DEFAULT_EFFECTIVE_TO_DATE"/>
			<column name="OBJ_ID" value="KFS-TEM-PARM-165"/>
			<column name="PARM_TYP_CD" value="CONFG"/>
			<column name="VAL" value="12/31/2049"/>
			<column name="PARM_DESC_TXT" value="This parameter identifies an arbitrary &quot;effective to&quot; date that has been assigned to per diem rows when a valid &quot;effective to&quot; date does not exist. When a new year's per diem rates are loaded, if a new row has an &quot;effective to&quot; date matching this parameter then the previous year's row for that destination will have its &quot;effective to&quot; date changed to be one day prior to the new rate's &quot;effective from&quot; date. Date format for this parameter is MM/dd/yyyy."/>
			<column name="EVAL_OPRTR_CD" value="A"/>
			<column name="APPL_ID" value="KFS"/>
		</insert>
		<insert tableName="KRCR_PARM_T">
			<column name="NMSPC_CD" value="KFS-TEM"/>
			<column name="CMPNT_CD" value="TravelEntertainment"/>
			<column name="PARM_NM" value="NON_EMPLOYEE_CERTIFICATION_REQUIRED_IND"/>
			<column name="OBJ_ID" value="KFS-TEM-PARM-166"/>
			<column name="PARM_TYP_CD" value="CONFG"/>
			<column name="VAL" value="Y"/>
			<column name="PARM_DESC_TXT" value="If set to &quot;Y&quot;, the certification for non-employee hosts is required."/>
			<column name="EVAL_OPRTR_CD" value="A"/>
			<column name="APPL_ID" value="KFS"/>
		</insert>
		<insert tableName="KRCR_PARM_T">
			<column name="NMSPC_CD" value="KFS-TEM"/>
			<column name="CMPNT_CD" value="TravelImportedExpenseNotificationStep"/>
			<column name="PARM_NM" value="NOTIFICATION_TEXT_BY_TRV"/>
			<column name="OBJ_ID" value="KFS-TEM-PARM-163"/>
			<column name="PARM_TYP_CD" value="CONFG"/>
			<column name="VAL" value="You have newly imported expenses that need to be reconciled."/>
			<column name="PARM_DESC_TXT" value="The text which should be sent to the travelers who have newly imported expenses that need to be reconciled."/>
			<column name="EVAL_OPRTR_CD" value="A"/>
			<column name="APPL_ID" value="KFS"/>
		</insert>
    	<update tableName="KRCR_PARM_T">
			<column name="VAL" value="P"/>
			<where>nmspc_cd = 'KFS-PURAP' and cmpnt_cd = 'Document' and parm_nm = 'DISTRIBUTION_METHOD_FOR_ACCOUNTING_LINES' and appl_id = 'KFS'</where>
		</update>
	</changeSet>
	
</databaseChangeLog>