<?xml version="1.0" encoding="UTF-8"?>
<!--
    Copyright 2012 The Kuali Foundation

    Licensed under the Educational Community License, Version 2.0 (the "License");
    you may not use this file except in compliance with the License.
    You may obtain a copy of the License at

    http://www.opensource.org/licenses/ecl2.php

    Unless required by applicable law or agreed to in writing, software
    distributed under the License is distributed on an "AS IS" BASIS,
    WITHOUT WARRANTIES OR CONDITIONS OF ANY KIND, either express or implied.
    See the License for the specific language governing permissions and
    limitations under the License.
-->
<rules>

	<rule name="KNS_moved_packages">
		<pattern>
			<match>org.kuali.rice.kns.util.properties</match>
			<replacement>org.kuali.rice.krad.util.properties</replacement>
		</pattern>
		<pattern>
			<match>org.kuali.rice.kns.exception\.</match>
			<replacement>org.kuali.rice.krad.exception.</replacement>			
		</pattern>			
		<pattern>
			<match>org.kuali.rice.kns.bo\.</match>
			<replacement>org.kuali.rice.krad.bo.</replacement>			
		</pattern>			
		<pattern>
			<match>org\.kuali\.rice\.kns\.dao\.</match>
			<replacement>org.kuali.rice.krad.dao.</replacement>
		</pattern>
		<pattern>
			<match>org.kuali.rice.kns\.rule\.</match>
			<replacement>org.kuali.rice.krad.rule.</replacement>			
		</pattern>			
		<pattern>
			<match>org.kuali.rice.kns\.rules\.</match>
			<replacement>org.kuali.rice.krad.rules.</replacement>			
		</pattern>			
		<pattern>
			<match>org.kuali.rice.kns.datadictionary\.</match>
			<replacement>org.kuali.rice.krad.datadictionary.</replacement>			
		</pattern>			
		<pattern>
			<match>org.kuali.rice.kns.web.format\.</match>
			<replacement>org.kuali.rice.core.web.format.</replacement>			
		</pattern>					
		<pattern>
			<match>org.kuali.rice.kns.question\.</match>
			<replacement>org.kuali.rice.krad.question.</replacement>			
		</pattern>			
		<pattern>
			<match>org.kuali.rice.kns.service\.</match>
			<replacement>org.kuali.rice.krad.service.</replacement>			
		</pattern>			
		<pattern>
			<match>org.kuali.rice.kns.document\.</match>
			<replacement>org.kuali.rice.krad.document.</replacement>			
		</pattern>			
		<pattern>
			<match>org.kuali.rice.kns.authorization\.</match>
			<replacement>org.kuali.rice.kns.document.authorization.</replacement>			
		</pattern>			
		<!-- 
		<pattern>
			<match>org.kuali.rice.kns.util.</match>
			<replacement>org.kuali.rice.krad.util.</replacement>			
		</pattern>
		 -->			
		<pattern>
			<match>org.kuali.rice.kns.mail\.</match>
			<replacement>org.kuali.rice.core.mail.</replacement>
		</pattern>
		<!-- bad package rename -->
		<pattern>
			<match>org.kuali.rice.kns.util.documentserializer</match>
			<replacement>org.kuali.rice.kns.util.documentserlializer</replacement>
		</pattern>
	</rule>
	
	<rule name="KNS_undo_moved_package_exceptions">
		<!-- krad.service -->
		<pattern>
			<match>krad.service.BusinessObjectMetaDataService</match>
			<replacement>kns.service.BusinessObjectMetaDataService</replacement>			
		</pattern>		
		<pattern>
			<match>krad.service.BusinessObjectAuthorizationService</match>
			<replacement>kns.service.BusinessObjectAuthorizationService</replacement>			
		</pattern>			
		<pattern>
			<match>krad.service.DataDictionaryService</match>
			<replacement>kns.service.DataDictionaryService</replacement>			
		</pattern>			
		<pattern>
			<match>krad.service.DictionaryValidationService</match>
			<replacement>kns.service.DictionaryValidationService</replacement>			
		</pattern>			
		<pattern>
			<match>krad.service.MaintenanceDocumentDictionaryService</match>
			<replacement>kns.service.MaintenanceDocumentDictionaryService</replacement>			
		</pattern>			
		<pattern>
			<match>krad.service.SessionDocumentService</match>
			<replacement>kns.service.SessionDocumentService</replacement>			
		</pattern>			
		<pattern>
			<match>krad.service.TransactionalDocumentDictionaryService</match>
			<replacement>kns.service.TransactionalDocumentDictionaryService</replacement>			
		</pattern>			
		<!-- 
		<pattern>
			<match>org.kuali.rice.krad.util.FieldUtils</match>
			<replacement>org.kuali.rice.kns.util.FieldUtils</replacement>			
		</pattern>
		<pattern>
			<match>org.kuali.rice.krad.util.DateUtils</match>
			<replacement>org.kuali.kfs.sys.util.KfsDateUtils</replacement>			
		</pattern>		
		<pattern>
			<match>org.kuali.rice.krad.util.MessageList</match>
			<replacement>org.kuali.rice.kns.util.MessageList</replacement>			
		</pattern>		
		 -->			
		<pattern>
			<match>org.kuali.rice.krad.service.ConfigurableDate</match>
			<replacement>org.kuali.rice.kns.service.ConfigurableDate</replacement>			
		</pattern>		
		<!-- reverse changes to classes *not* moved into KRAD -->
		<pattern>
			<match>org.kuali.rice.krad.rule.event.KualiAddLineEvent</match>
			<replacement>org.kuali.rice.kns.rule.event.KualiAddLineEvent</replacement>			
		</pattern>
		<pattern>
			<match>org.kuali.rice.krad.rule.event.PromptBeforeValidationEvent</match>
			<replacement>org.kuali.rice.kns.rule.event.PromptBeforeValidationEvent</replacement>			
		</pattern>
		<pattern>
			<match>org.kuali.rice.krad.rule.AddCollectionLineRule</match>
			<replacement>org.kuali.rice.kns.rule.AddCollectionLineRule</replacement>			
		</pattern>
		<pattern>
			<match>org.kuali.rice.krad.rule.PromptBeforeValidation</match>
			<replacement>org.kuali.rice.kns.rule.PromptBeforeValidation</replacement>			
		</pattern>
		<pattern>
			<match>org.kuali.rice.krad.rules.PromptBeforeValidationBase</match>
			<replacement>org.kuali.rice.kns.rules.PromptBeforeValidationBase</replacement>			
		</pattern>
		<pattern>
			<match>org.kuali.rice.krad.maintenance.KualiGlobalMaintainableImpl</match>
			<replacement>org.kuali.rice.kns.maintenance.KualiGlobalMaintainableImpl</replacement>			
		</pattern>
		<pattern>
			<match>org.kuali.rice.krad.maintenance.KualiMaintainableImpl</match>
			<replacement>org.kuali.rice.kns.maintenance.KualiMaintainableImpl</replacement>			
		</pattern>
		<pattern>
			<match>org.kuali.rice.krad.maintenance.Maintainable</match>
			<replacement>org.kuali.rice.kns.maintenance.Maintainable</replacement>			
		</pattern>
		<pattern>
			<match>org.kuali.rice.krad.document.MaintenanceDocumentBase</match>
			<replacement>org.kuali.rice.kns.document.MaintenanceDocumentBase</replacement>			
		</pattern>
		<pattern>
			<match>org.kuali.rice.krad.document.MaintenanceDocument</match>
			<replacement>org.kuali.rice.kns.document.MaintenanceDocument</replacement>			
		</pattern>
		<pattern>
			<match>org.kuali.rice.krad.exception.FileUploadLimitExceededException</match>
			<replacement>org.kuali.rice.kns.exception.FileUploadLimitExceededException</replacement>			
		</pattern>			
		<pattern>
			<match>org.kuali.rice.kns.maintenance.rules.MaintenanceDocumentRule</match>
			<replacement>org.kuali.rice.kns.rules.MaintenanceDocumentRule</replacement>			
		</pattern>
		<pattern>
			<match>org.kuali.rice.kns.rules.MaintenanceDocumentRuleBase</match>
			<replacement>org.kuali.rice.kns.maintenance.rules.MaintenanceDocumentRuleBase</replacement>			
		</pattern>			
		<pattern>
			<match>org.kuali.rice.krad.document.authorization.MaintenanceDocumentRestrictions</match>
			<replacement>org.kuali.rice.kns.document.authorization.MaintenanceDocumentRestrictions</replacement>			
		</pattern>			



		<!-- data dictionary -->
		<pattern>
			<match>org.kuali.rice.krad.datadictionary.BusinessObjectEntry</match>
			<replacement>org.kuali.rice.kns.datadictionary.BusinessObjectEntry</replacement>			
		</pattern>			
		<pattern>
			<match>org.kuali.rice.krad.datadictionary.CollectionDefinition</match>
			<replacement>org.kuali.rice.kns.datadictionary.CollectionDefinition</replacement>			
		</pattern>			
		<pattern>
			<match>org.kuali.rice.krad.datadictionary.DocumentEntry</match>
			<replacement>org.kuali.rice.kns.datadictionary.DocumentEntry</replacement>			
		</pattern>			
		<pattern>
			<match>org.kuali.rice.krad.datadictionary.FieldDefinition</match>
			<replacement>org.kuali.rice.kns.datadictionary.FieldDefinition</replacement>			
		</pattern>			
		<pattern>
			<match>org.kuali.rice.krad.datadictionary.HeaderNavigation</match>
			<replacement>org.kuali.rice.kns.datadictionary.HeaderNavigation</replacement>			
		</pattern>			
		<pattern>
			<match>org.kuali.rice.krad.datadictionary.Inquiry</match>
			<replacement>org.kuali.rice.kns.datadictionary.Inquiry</replacement>			
		</pattern>			
		<pattern>
			<match>org.kuali.rice.krad.datadictionary.Lookup</match>
			<replacement>org.kuali.rice.kns.datadictionary.Lookup</replacement>			
		</pattern>			
		<pattern>
			<match>org.kuali.rice.krad.datadictionary.Maintainable</match>
			<replacement>org.kuali.rice.kns.datadictionary.Maintainable</replacement>			
		</pattern>			
		<pattern>
			<match>org.kuali.rice.krad.datadictionary.MaintenanceDocumentEntry</match>
			<replacement>org.kuali.rice.kns.datadictionary.MaintenanceDocumentEntry</replacement>			
		</pattern>			
		<pattern>
			<match>org.kuali.rice.krad.datadictionary.SubSectionHeaderDefinitionI</match>
			<replacement>org.kuali.rice.kns.datadictionary.SubSectionHeaderDefinitionI</replacement>			
		</pattern>			
		<pattern>
			<match>org.kuali.rice.krad.datadictionary.TransactionalDocumentEntry</match>
			<replacement>org.kuali.rice.kns.datadictionary.TransactionalDocumentEntry</replacement>			
		</pattern>			
		<pattern>
			<match>org.kuali.rice.krad.datadictionary.control.</match>
			<replacement>org.kuali.rice.kns.datadictionary.control.</replacement>			
		</pattern>			
		<pattern>
			<match>org.kuali.rice.krad.datadictionary.validation.</match>
			<replacement>org.kuali.rice.kns.datadictionary.validation.</replacement>			
		</pattern>			
	</rule>
	

	<rule name="KNS_moved_classes" alsoRenameClass="true">
		<!-- moved to KRAD -->

		<pattern>
			<match>org\.kuali\.rice\.kns\.bo\.Parameter</match>
			<replacement>org.kuali.rice.coreservice.api.parameter.Parameter</replacement>
		</pattern>
					
		<pattern>
			<match>org\.kuali\.rice\.kns\.authorization\.AuthorizationConstants</match>
			<replacement>org.kuali.rice.krad.authorization.AuthorizationConstants</replacement>
		</pattern>
		<pattern>
			<match>org\.kuali\.rice\.kns\.exception\.KualiException</match>
			<replacement>org.kuali.rice.core.api.exception.KualiException</replacement>
		</pattern>
		<pattern>
			<match>org\.kuali\.rice\.kns\.util\.UrlFactory</match>
			<replacement>org.kuali.rice.krad.util.UrlFactory</replacement>
		</pattern>
		<pattern>
			<match>org\.kuali\.rice\.kns\.service\.ParameterEvaluator</match>
			<replacement>org.kuali.rice.core.api.parameter.ParameterEvaluator</replacement>
		</pattern>
		<pattern>
			<match>org\.kuali\.rice\.kns\.service\.impl\.ParameterEvaluatorImpl</match>
			<replacement>org.kuali.rice.core.impl.parameter.ParameterEvaluatorImpl</replacement>
		</pattern>
		<pattern>
			<match>org.kuali.rice.kns.lookup.valueFinder.ValueFinder</match>
			<replacement>org.kuali.rice.krad.valuefinder.ValueFinder</replacement>
		</pattern>
		<pattern>		
			<match>org.kuali.rice.kns.workflow.service.KualiWorkflowDocument</match>
			<replacement>org.kuali.rice.kew.api.WorkflowDocument</replacement>
		</pattern>
		<pattern>
			<match>org.kuali.rice.kns.dao.impl.PlatformAwareDaoBaseOjb</match>
			<replacement>org.kuali.rice.core.framework.persistence.ojb.dao.PlatformAwareDaoBaseOjb</replacement>			
		</pattern>			
		<pattern>
			<match>org.kuali.rice.kns.dao.jdbc.PlatformAwareDaoBaseJdbc</match>
			<replacement>org.kuali.rice.core.framework.persistence.jdbc.dao.PlatformAwareDaoBaseJdbc</replacement>
		</pattern>
		
		<!--  Utility Classes -->
		<pattern>
			<match>org.kuali.rice.kns.util.TypeUtils</match>
			<replacement>org.kuali.rice.core.api.util.type.TypeUtils</replacement>
		</pattern>
		<pattern>
			<match>org.kuali.rice.kns.util.KualiDecimal</match>
			<replacement>org.kuali.rice.core.api.util.type.KualiDecimal</replacement>
		</pattern>
		<pattern>
			<match>org.kuali.rice.kns.util.KualiInteger</match>
			<replacement>org.kuali.rice.core.api.util.type.KualiInteger</replacement>
		</pattern>
		<pattern>
			<match>org.kuali.rice.kns.util.AbstractKualiDecimal</match>
			<replacement>org.kuali.rice.core.api.util.type.AbstractKualiDecimal</replacement>
		</pattern>
		<pattern>
			<match>org.kuali.rice.kns.util.KualiPercent</match>
			<replacement>org.kuali.rice.core.api.util.type.KualiPercent</replacement>
		</pattern>
		<pattern>
			<match>org.kuali.rice.kns.util.ErrorMap</match>
			<replacement>org.kuali.rice.krad.util.MessageMap</replacement>
		</pattern>
		<pattern>
			<match>org\.kuali\.rice\.kns\.UserSession</match>
			<replacement>org.kuali.rice.krad.UserSession</replacement>
		</pattern>
		<pattern>
			<match>org.kuali.rice.kns.util.GlobalVariables</match>
			<replacement>org.kuali.rice.krad.util.GlobalVariables</replacement>
		</pattern>
		<pattern>
			<match>org.kuali.rice.kns.util.ObjectUtils</match>
			<replacement>org.kuali.rice.krad.util.ObjectUtils</replacement>
		</pattern>
		<pattern>
			<match>org\.kuali\.rice\.kns\.util\.ErrorMessage</match>
			<replacement>org.kuali.rice.krad.util.ErrorMessage</replacement>
		</pattern>
		<pattern>
			<match>org\.kuali\.rice\.kns\.util\.MessageMap</match>
			<replacement>org.kuali.rice.krad.util.MessageMap</replacement>
		</pattern>
		<!--
		<pattern>
			<match>org.kuali.rice.kns.util.PropertyTree</match>
			<replacement>org.kuali.rice.core.api.util.collect.PropertiesMap.PropertyTree</replacement>
		</pattern>
		-->
		<pattern>
			<match>org.kuali.rice.kns.service.DateTimeService</match>
			<replacement>org.kuali.rice.core.api.datetime.DateTimeService</replacement>
		</pattern>
		<!-- correction entry -->
		<pattern>
			<match>org.kuali.rice.core.api.DateTimeService</match>
			<replacement>org.kuali.rice.core.api.datetime.DateTimeService</replacement>
		</pattern>
		<pattern>
			<match>org.kuali.rice.kns.service.impl.DateTimeServiceImpl</match>
			<replacement>org.kuali.rice.core.impl.DateTimeServiceImpl</replacement>
		</pattern>
		<!-- correction entry -->
		<pattern>
			<match>org.kuali.rice.core.impl.DateTimeServiceImpl</match>
			<replacement>org.kuali.rice.core.impl.datetime.DateTimeServiceImpl</replacement>
		</pattern>
		<pattern>
			<match>org.kuali.rice.kns.util.spring.AnnotationAndNameMatchingTransactionAttributeSource</match>
			<replacement>org.kuali.rice.core.impl.util.spring.AnnotationAndNameMatchingTransactionAttributeSource</replacement>
		</pattern>
		<pattern>
			<match>org.kuali.rice.kns.util.spring.ClassOrMethodAnnotationFilter</match>
			<replacement>org.kuali.rice.core.impl.util.spring.ClassOrMethodAnnotationFilter</replacement>
		</pattern>
		<pattern>
			<match>org.kuali.rice.kns.util.spring.ClassOrMethodAnnotationMatcher</match>
			<replacement>org.kuali.rice.core.impl.util.spring.ClassOrMethodAnnotationMatcher</replacement>
		</pattern>
		<pattern>
			<match>org.kuali.rice.kns.util.spring.ClassOrMethodAnnotationPointcut</match>
			<replacement>org.kuali.rice.core.impl.util.spring.ClassOrMethodAnnotationPointcut</replacement>
		</pattern>
		<pattern>
			<match>org.kuali.rice.kns.util.spring.AnnotationAndNameMatchingTransactionAttributeSource</match>
			<replacement>org.kuali.rice.core.impl.util.spring.AnnotationAndNameMatchingTransactionAttributeSource</replacement>
		</pattern>
		<pattern>
			<match>org.kuali.rice.kns.util.spring.ClassOrMethodAnnotationFilter</match>
			<replacement>org.kuali.rice.core.impl.util.spring.ClassOrMethodAnnotationFilter</replacement>
		</pattern>
		<pattern>
			<match>org.kuali.rice.kns.util.spring.ClassOrMethodAnnotationMatcher</match>
			<replacement>org.kuali.rice.core.impl.util.spring.ClassOrMethodAnnotationMatcher</replacement>
		</pattern>
		<pattern>
			<match>org.kuali.rice.kns.util.spring.ClassOrMethodAnnotationPointcut</match>
			<replacement>org.kuali.rice.core.impl.util.spring.ClassOrMethodAnnotationPointcut</replacement>
		</pattern>
		<pattern>
			<match>org.kuali.rice.kns.util.spring.ClassOrMethodAnnotationPointcut</match>
			<replacement>org.kuali.rice.core.impl.util.spring.ClassOrMethodAnnotationPointcut</replacement>
		</pattern>
		<pattern>
			<match>org.kuali.rice.kns.service.ParameterService</match>
			<replacement>org.kuali.rice.coreservice.framework.parameter.ParameterService</replacement>
		</pattern>
		<pattern>
			<match>org.kuali.rice.kns.util.RiceKeyConstants</match>
			<replacement>org.kuali.rice.core.api.util.RiceKeyConstants</replacement>
		</pattern>
		<pattern>
			<match>org.kuali.rice.kns.service.ParameterConstants</match>
			<replacement>org.kuali.rice.coreservice.framework.parameter.ParameterConstants</replacement>
		</pattern>
		<pattern>
			<match>org.kuali.rice.kns.service.CountryService</match>
			<replacement>org.kuali.rice.location.api.country.CountryService</replacement>
		</pattern>		
		<pattern>
			<match>org.kuali.rice.kns.service.PostalCodeService</match>
			<replacement>org.kuali.rice.location.api.postalcode.PostalCodeService</replacement>
		</pattern>		
		<pattern>
			<match>org.kuali.rice.kns.service.StateService</match>
			<replacement>org.kuali.rice.location.api.state.StateService</replacement>
		</pattern>
		<pattern>
			<match>org.kuali.rice.kns.service.CampusService</match>
			<replacement>org.kuali.rice.location.api.campus.CampusService</replacement>
		</pattern>
		<pattern>
			<match>org.kuali.rice.kns.document.Document</match>
			<replacement>org.kuali.rice.krad.document.Document</replacement>
		</pattern>
		<pattern>
			<match>org.kuali.rice.kns.document.TransactionalDocument</match>
			<replacement>org.kuali.rice.krad.document.TransactionalDocument</replacement>
		</pattern>
		<pattern>
			<match>org.kuali.rice.krad.document.TransactionalDocumentDictionaryService</match>
			<replacement>org.kuali.rice.kns.document.TransactionalDocumentDictionaryService</replacement>
		</pattern>
		<pattern>
			<match>org.kuali.rice.kns.util.spring.AutoPopulatingList</match>
			<replacement>org.springframework.util.AutoPopulatingList</replacement>
		</pattern>
		
		<pattern>
			<match>org.kuali.rice.kns.util.spring.ClassPathXmlApplicationContext</match>
			<replacement>org.springframework.context.support.ClassPathXmlApplicationContext</replacement>
		</pattern>
		<pattern>
			<match>org.kuali.rice.kns.util.KNSConstants</match>
			<replacement>org.kuali.rice.krad.util.KRADConstants</replacement>			
		</pattern>			
		<pattern>
			<match>org.kuali.rice.kns.util.KNSPropertyConstants</match>
			<replacement>org.kuali.rice.krad.util.KRADPropertyConstants</replacement>			
		</pattern>			

		<pattern>
			<match>org.kuali.rice.kns.bo.Inactivateable</match>
			<replacement>org.kuali.rice.core.api.mo.common.active.MutableInactivatable</replacement>			
		</pattern>			
		<!-- 
		<pattern>
			<match>org.kuali.rice.kns.bo.CampusImpl</match>
			<replacement>org.kuali.rice.location.impl.campus.CampusBo</replacement>			
		</pattern>			
		<pattern>
			<match>org.kuali.rice.kns.bo.Campus</match>
			<replacement>org.kuali.rice.location.api.campus.CampusContract</replacement>			
		</pattern>			
		 -->
		 
		<pattern>
			<match>org\.kuali\.rice\.kns\.service\.KualiConfigurationService</match>
			<replacement>org.kuali.rice.core.api.config.property.ConfigurationService</replacement>			
		</pattern>			
		<!-- reverse a bad replacement -->
		<pattern>
			<match>ConfigurationServiceTest</match>
			<replacement>KualiConfigurationServiceTest</replacement>
		</pattern>
		
		
		<pattern>
			<match>org.kuali.rice.kns.mail.InvalidAddressException</match>
			<replacement>org.kuali.rice.krad.exception.InvalidAddressException</replacement>
		</pattern>
		<pattern>
			<match>org.kuali.rice.kns.lookup.keyvalues.KeyValuesBase</match>
			<replacement>org.kuali.rice.krad.keyvalues.KeyValuesBase</replacement>
		</pattern>
		
		<pattern>
			<match>org.kuali.rice.kns.web.derviedvaluesetter.DerivedValuesSetter</match>
			<replacement>org.kuali.rice.kns.web.derivedvaluesetter.DerivedValuesSetter</replacement>
		</pattern>

		<pattern>
			<match>org.kuali.rice.kns.util.TransactionalServiceUtils</match>
			<replacement>org.kuali.kfs.sys.util.TransactionalServiceUtils</replacement>
		</pattern>
		<pattern>
			<match>org.kuali.rice.kns.util.BeanPropertyComparator</match>
			<replacement>org.kuali.rice.krad.util.BeanPropertyComparator</replacement>
		</pattern>
		<pattern>
			<match>org.kuali.rice.kns.util.comparator.BeanPropertyComparator</match>
			<replacement>org.kuali.rice.krad.util.BeanPropertyComparator</replacement>
		</pattern>
		<pattern>
			<match>org.kuali.rice.kns.exception.BeanComparisonException</match>
			<replacement>org.kuali.rice.kns.util.comparator.BeanPropertyComparator.BeanComparisonException</replacement>
		</pattern>
		<!-- Correction entry -->
		<pattern>
			<match>org.kuali.rice.kns.util.comparator.BeanPropertyComparator.BeanComparisonException</match>
			<replacement>org.kuali.rice.kns.util.BeanPropertyComparator.BeanComparisonException</replacement>
		</pattern>
		<pattern>
			<match>org\.kuali\.rice\.kns\.web\.comparator\.([A-Za-z]+)ValueComparator</match>
			<replacement>org.kuali.rice.krad.comparator.$1ValueComparator</replacement>
		</pattern>
		<pattern>
			<match>org.kuali.rice.kns.lookup.CollectionIncomplete</match>
			<replacement>org.kuali.rice.krad.lookup.CollectionIncomplete</replacement>
		</pattern>
		<pattern>
			<match>org\.kuali\.rice\.kns\.util\.KNSUtils</match>
			<replacement>org.kuali.rice.krad.util.KRADUtils</replacement>
		</pattern>
		
		<pattern>
			<match>org\.kuali\.rice\.kns\.bo\.BusinessObject</match>
			<replacement>org.kuali.rice.krad.bo.BusinessObject</replacement>
		</pattern>

		<pattern>
			<match>org.kuali.rice.kns.util.TypedArrayList</match>
			<replacement>java.util.ArrayList</replacement>
		</pattern>
		
		<pattern>
			<match>org\.kuali\.rice\.kns\.workflow\.service\.WorkflowDocumentService</match>
			<replacement>org.kuali.rice.kew.api.document.WorkflowDocumentService</replacement>
		</pattern>
		<pattern>
			<match>import org\.kuali\.rice\.kns\.service\.DocumentService</match>
			<replacement>import org.kuali.rice.krad.service.DocumentService</replacement>
		</pattern>
		<pattern>
			<match>import org\.kuali\.rice\.kns\.service\.DocumentHelperService</match>
			<replacement>import org.kuali.rice.krad.service.DocumentHelperService</replacement>
		</pattern>
		<pattern>
			<match>import org\.kuali\.rice\.kns\.document\.Document</match>
			<replacement>import org.kuali.rice.krad.document.Document</replacement>
		</pattern>

		<pattern>
			<match>org\.kuali\.rice\.kns\.web\.struts\.pojo\.PojoFormBase</match>
			<replacement>org.kuali.rice.kns.web.struts.form.pojo.PojoFormBase</replacement>
		</pattern>
		<pattern>
			<match>org\.kuali\.rice\.kns\.lookup\.keyvalues\.CampusValuesFinder</match>
			<replacement>org.kuali.rice.location.framework.campus.CampusValuesFinder</replacement>
		</pattern>
	
	</rule>
	
	<rule name="KNS_special_replacements">
		<pattern>
			<match>import org\.kuali\.rice\.krad\.service\.KNSServiceLocator;</match>
			<replacement>import org.kuali.kfs.sys.context.SpringContext;</replacement>
		</pattern>
		<pattern>
			<match>GlobalVariables\.getMessageList\(\)</match>
			<replacement addImport="org.kuali.rice.krad.util.GlobalVariables:org.kuali.rice.krad.util.GlobalVariables;
import org.kuali.rice.kns.util.KNSGlobalVariables">KNSGlobalVariables.getMessageList()</replacement>
		</pattern>
		<pattern>
			<match>GlobalVariables\.getMessageMap\(\)\.isEmpty\(\)</match>
			<replacement>GlobalVariables.getMessageMap().hasErrors()</replacement>
		</pattern>
		<pattern>
			<match>errorMap\.isEmpty\(\)</match>
			<replacement>errorMap.hasErrors()</replacement>
		</pattern>		
		<pattern>
			<match>UserSession.getEditablePropertiesHistoryHolder\(\)</match>
			<replacement addImport="org.kuali.rice.krad.UserSession:org.kuali.rice.krad.UserSession;
import org.kuali.rice.kns.util.KNSConstants">UserSession.getObjectMap().get(KNSConstants.EDITABLE_PROPERTIES_HISTORY_HOLDER_ATTR_NAME)
			</replacement>
		</pattern>
		<pattern fileType="java">
			<match>= (.*)\.getParameterValues\((.*)\);</match>
			<replacement addImport="org.kuali.rice.coreservice.framework.parameter.ParameterService:org.kuali.rice.coreservice.framework.parameter.ParameterService;
import java.util.ArrayList"
			>= new ArrayList&lt;String&gt;( $1.getParameterValuesAsString($2) );</replacement>
		</pattern>
		<pattern fileType="java">
			<match>getParameterValues\(</match>
			<replacement>getParameterValuesAsString(</replacement>
		</pattern>
		<pattern fileType="java">
			<match>getParameterValue\(</match>
			<replacement>getParameterValueAsString(</replacement>
		</pattern>

		<pattern fileType="java">
			<match>LinkedHashMap([^ ]*) toStringMapper\(\)</match>
			<replacement>LinkedHashMap toStringMapper_RICE20_REFACTORME()</replacement>
		</pattern>
		<pattern fileType="java">
			<match>LinkedHashMap&lt;String, String&gt; toStringMapper\(\)</match>
			<replacement>LinkedHashMap toStringMapper_RICE20_REFACTORME()</replacement>
		</pattern>
		<pattern fileType="java">
			<match>String toStringBuilder</match>
			<replacement>String toStringBuilder_RICE20_REFACTORME</replacement>
		</pattern>
		<pattern>
			<match>(?ms)@Override(.*LinkedHashMap.*toStringMapper_RICE20_REFACTORME)</match>
			<replacement>$1</replacement>
		</pattern>


		<pattern>
			<match>new KualiException</match><!-- KualiException is now abstract -->
			<replacement>new RuntimeException</replacement>
		</pattern>

		<!-- KNS Core Business Objects -->
		 
		<pattern>
			<match>getPostalCityName</match>
			<replacement>getCityName</replacement>
		</pattern>
		<pattern>
			<match>getPostalStateCode</match>
			<replacement>getStateCode</replacement>
		</pattern>
		<pattern>
			<match>postalCityName</match>
			<replacement>cityName</replacement>
		</pattern>
		<pattern>
			<match>postalStateCode</match>
			<replacement>stateCode</replacement>
		</pattern>
		<pattern>
			<match><![CDATA[([(< ])Campus([)>. ])]]></match>
			<replacement addImport="org.kuali.rice.krad.bo.Campus:org.kuali.rice.location.api.campus.Campus"><![CDATA[$1Campus$2]]></replacement>			
		</pattern>			
		
		<pattern>
			<match><![CDATA[([(< ])Country([)>. ])]]></match>
			<replacement addImport="org.kuali.rice.krad.bo.Country:org.kuali.rice.location.api.country.Country"><![CDATA[$1Country$2]]></replacement>			
		</pattern>			
		<pattern>
			<match><![CDATA[([(< ])County([)>. ])]]></match>
			<replacement addImport="org.kuali.rice.krad.bo.County:org.kuali.rice.location.api.county.County"><![CDATA[$1County$2]]></replacement>			
		</pattern>			
		<pattern>
			<match><![CDATA[([(< ])State([)>. ])]]></match>
			<replacement addImport="org.kuali.rice.krad.bo.State:org.kuali.rice.location.api.state.State"><![CDATA[$1State$2]]></replacement>			
		</pattern>			
		<pattern>
			<match><![CDATA[([(< ])PostalCode([)>. ])]]></match>
			<replacement addImport="org.kuali.rice.krad.bo.PostalCode:org.kuali.rice.location.api.postalcode.PostalCode"><![CDATA[$1PostalCode$2]]></replacement>			
		</pattern>			




		<pattern>
			<match>(this\.parameterService|parameterService|getParameterService\(\)|SpringContext\.getBean\(ParameterService\.class\))\.getIndicatorParameter</match>
			<replacement>$1.getParameterValueAsBoolean</replacement>
		</pattern>


		<!-- KNS Services -->
		

		<pattern>
			<match>(getConfigurationService\(\)|kualiConfiguration|kualiConfigurationService|configurationService|getBean\(ConfigurationService\.class\))\.getPropertyString</match>
			<replacement>$1.getPropertyValueAsString</replacement>
		</pattern>
		<pattern>
			<match>(getConfigurationService\(\)|kualiConfiguration|kualiConfigurationService|configurationService|getBean\(ConfigurationService\.class\))\.getParameterValue(s?)AsString</match>
			<replacement addImport="org.kuali.rice.core.api.config.property.ConfigurationService:org.kuali.rice.core.api.config.property.ConfigurationService;
import org.kuali.rice.coreservice.framework.parameter.ParameterService">getBean(ParameterService.class).getParameterValue$2AsString</replacement>
		</pattern>
		
		<pattern>
			<match>(campus|getCampus\(\))\.getCampus(Code|Name)\(\)</match>
			<replacement>$1.get$2()</replacement>
		</pattern>

	<pattern>
		<match>\.getBoNotes\(\)</match>
		<replacement>.getNotes()</replacement>
	</pattern>
		<pattern>
			<match>\.getBoNote\(</match>
			<replacement>.getNote(</replacement>
		</pattern>


		<!-- Exception Classes -->

		
		<pattern>
			<match>KNS_NAMESPACE</match>
			<replacement>KRAD_NAMESPACE</replacement>
		</pattern>
		<pattern>
			<match>KRADConstants\.Maintenance\.AFTER</match>
			<replacement>KRADConstants.Maintenance.LOCK_AFTER</replacement>
		</pattern>

		<pattern fileType="java">
			<match>import org.kuali.rice.kns.util.spring.Logged;</match>
			<replacement></replacement>
		</pattern>
		<pattern fileType="java">
			<match>@Logged</match>
			<replacement></replacement>
		</pattern>

		<!-- KNS: TypedArrayList -->
		<pattern>
			<match>new TypedArrayList\(([^.]*)\.class\)</match>
			<replacement><![CDATA[new ArrayList<$1>()]]></replacement>
		</pattern>
		<pattern>
			<match>TypedArrayList</match>
			<replacement><![CDATA[ArrayList]]></replacement>
		</pattern>
		<pattern>
			<match><![CDATA[new ArrayList\(([^.)]+)\.class\);]]></match>
			<replacement><![CDATA[new ArrayList<$1>();]]></replacement>
		</pattern>
		<pattern>
			<match><![CDATA[new ArrayList\([^)]+Class\);]]></match>
			<replacement><![CDATA[new ArrayList();]]></replacement>
		</pattern>
		<pattern>
			<match><![CDATA[new ArrayList\([^)]+Class\(\)\);]]></match>
			<replacement><![CDATA[new ArrayList();]]></replacement>
		</pattern>
		<pattern>
			<match>new ArrayList\(([A-Za-z]+)\.class\)</match>
			<replacement><![CDATA[new ArrayList<$1>()]]></replacement>
		</pattern>
		
		<pattern fileType="MaintainableImpl.java">
			<match>this\.documentNumber</match>
			<replacement>getDocumentNumber()</replacement>
		</pattern>
		<pattern fileType="Maintainable.java">
			<match>this\.documentNumber</match>
			<replacement>getDocumentNumber()</replacement>
		</pattern>
		<pattern fileType="MaintainableImpl.java">
			<match>documentNumber</match>
			<replacement>getDocumentNumber()</replacement>
		</pattern>
		<pattern fileType="Maintainable.java">
			<match>documentNumber</match>
			<replacement>getDocumentNumber()</replacement>
		</pattern>
	
	</rule>	
</rules>