<?xml version="1.0" encoding="UTF-8"?>
<!--
    Copyright 2012 The Kuali Foundation

    Licensed under the Educational Community License, Version 2.0 (the "License");
    you may not use this file except in compliance with the License.
    You may obtain a copy of the License at

    http://www.opensource.org/licenses/ecl2.php

    Unless required by applicable law or agreed to in writing, software
    distributed under the License is distributed on an "AS IS" BASIS,
    WITHOUT WARRANTIES OR CONDITIONS OF ANY KIND, either express or implied.
    See the License for the specific language governing permissions and
    limitations under the License.
-->
<rules>
	<rule name="new_rule_testing_1" alsoRenameClass="true">
	
<!-- 		
		<pattern>
			<match></match>
			<replacement></replacement>
		</pattern>
 -->	
    </rule>
	<rule name="new_rule_testing_2">
	
		<pattern fileType="xml">
			<match>org\.kuali\.rice\.krad\.bo\.State</match>
			<replacement>org.kuali.rice.location.impl.state.StateBo</replacement>
		</pattern>
		<pattern fileType="xml">
			<match>sourceExternalizableBusinessObjectInterface="org\.kuali\.rice\.location\.impl\.state\.StateBo"</match>
			<replacement>sourceExternalizableBusinessObjectInterface="org.kuali.rice.location.framework.state.StateEbo"</replacement>
		</pattern>
		<pattern fileType="xml">
			<match>sourceExternalizableBusinessObjectInterface="org\.kuali\.rice\.location\.impl\.campus\.CampusBo"</match>
			<replacement>sourceExternalizableBusinessObjectInterface="org.kuali.rice.location.framework.campus.CampusEbo"</replacement>
		</pattern>
		<pattern fileType="xml">
			<match>sourceExternalizableBusinessObjectInterface="org\.kuali\.rice\.location\.impl\.country\.Country"</match>
			<replacement>sourceExternalizableBusinessObjectInterface="org.kuali.rice.location.framework.country.CountryEbo"</replacement>
		</pattern>
		<pattern fileType="xml">
			<match>sourceExternalizableBusinessObjectInterface="org\.kuali\.rice\.location\.impl\.county\.County"</match>
			<replacement>sourceExternalizableBusinessObjectInterface="org.kuali.rice.location.framework.county.CountyEbo"</replacement>
		</pattern>
		<pattern fileType="xml">
			<match>sourceExternalizableBusinessObjectInterface="org\.kuali\.rice\.location\.impl\.postalcode\.PostalCode"</match>
			<replacement>sourceExternalizableBusinessObjectInterface="org.kuali.rice.location.framework.postalcode.PostalCodeEbo"</replacement>
		</pattern>

	<!-- 
	<pattern fileType="xml">
		<match>org.kuali.rice.krad.bo.State</match>
		<replacement>org.kuali.rice.location.impl.state.StateBo</replacement>
	</pattern>
	
		<pattern fileType="xml">
			<match>org.kuali.rice.krad.bo.PostalCode</match>
			<replacement>org.kuali.rice.location.impl.postalcode.PostalCode</replacement>
		</pattern>
	
		<pattern fileType="xml">
			<match>org.kuali.rice.krad.bo.Country</match>
			<replacement>org.kuali.rice.location.impl.country.Country</replacement>
		</pattern>
	
		<pattern fileType="xml">
			<match>org.kuali.rice.krad.bo.County</match>
			<replacement>org.kuali.rice.location.impl.county.County</replacement>
		</pattern>
	
		<pattern fileType="xml">
			<match>org.kuali.rice.krad.bo.options.CountryValuesFinder</match>
			<replacement>org.kuali.rice.location.framework.country.CountryValuesFinder</replacement>
		</pattern>
	
		<pattern fileType="xml">
			<match>org.kuali.rice.krad.bo.options.StateValuesFinder</match>
			<replacement>org.kuali.rice.location.framework.state.StateValuesFinder</replacement>
		</pattern>
	
		<pattern fileType="xml">
			<match>org.kuali.rice.krad.bo.options.CountryNotRestrictedValuesFinder</match>
			<replacement>org.kuali.rice.location.framework.country.CountryNotRestrictedValuesFinder</replacement>
		</pattern>
	
		<pattern fileType="xml">
			<match>sourceAttributeName="(state|postal|postalCountry|campus)Code"</match>
			<replacement>sourceAttributeName="code"</replacement>
		</pattern>

		<pattern fileType="xml">
			<match>targetName="campusCode"</match>
			<replacement>targetName="code"</replacement>
		</pattern>
		<pattern fileType="xml">
			<match>target="campusCode"</match>
			<replacement>target="code"</replacement>
		</pattern>
		<pattern>
			<match>ref="CheckboxControl"</match>
			<replacement>ref="KfsCheckboxControl"</replacement>
		</pattern>
		<pattern>
			<match>id="CheckboxControl"</match>
			<replacement>id="KfsCheckboxControl"</replacement>
		</pattern>
		<pattern>
			<match>"Campus-campusName</match>
			<replacement>"Campus-name</replacement>
		</pattern>
		<pattern>
			<match>"DelegateType-</match>
			<replacement>"DelegateBo-</replacement>
		</pattern>
		<pattern>
			<match>"GroupImpl-groupId</match>
			<replacement>"Group-id</replacement>
		</pattern>
		<pattern>
			<match>"GroupImpl-groupName</match>
			<replacement>"Group-name</replacement>
		</pattern>
		<pattern>
			<match>"GroupImpl-namespaceCode</match>
			<replacement>"Group-namespaceCode</replacement>
		</pattern>
		<pattern>
			<match>"RoleImpl-roleId</match>
			<replacement>"RoleBo-id</replacement>
		</pattern>
		<pattern>
			<match>"RoleImpl-roleName</match>
			<replacement>"RoleBo-name</replacement>
		</pattern>
		<pattern>
			<match>"RoleImpl-namespaceCode</match>
			<replacement>"RoleBo-namespaceCode</replacement>
		</pattern>
		<pattern>
			<match>"Campus-campusCode</match>
			<replacement>"Campus-code</replacement>
		</pattern>
		<pattern>
			<match>"PostalCode-postalCode</match>
			<replacement>"PostalCode-code</replacement>
		</pattern>
		postalCountryCode
		<pattern>
			<match>"State-stateCode</match>
			<replacement>"State-code</replacement>
		</pattern>
		<pattern>
			<match>"Country-postalCountryCode</match>
			<replacement>"Country-code</replacement>
		</pattern>
		<pattern>
			<match>"Country-postalCountryName</match>
			<replacement>"Country-name</replacement>
		</pattern>
		<pattern>
			<match>\.getBoNotes\(\)</match>
			<replacement>.getNotes()</replacement>
		</pattern>
		<pattern>
			<match>\.getBoNote\(</match>
			<replacement>.getNote(</replacement>
		</pattern>
		<pattern>
			<match>RoleManagementService</match>
			<replacement>RoleService</replacement>
		</pattern>
	 -->
 	</rule>

	<rule name="handle_RICE_20_conversion_comments">
		<pattern>
			<match>/\* RICE_20_DELETE \*/.*</match>
			<replacement></replacement>
		</pattern>
		<pattern>
			<match>// RICE_20_INSERT </match>
			<replacement></replacement>
		</pattern>
 	</rule>

	<rule name="KFS_spring_context_updates">
		<pattern>
			<match>KNSServiceLocator\.getInactivationBlockingDetectionService\(([^)]*)\)</match>
			<replacement addImport="org.kuali.kfs.sys.context.SpringContext:org.kuali.kfs.sys.context.SpringContext;
import org.kuali.rice.krad.service.InactivationBlockingDetectionService">SpringContext.getBean(InactivationBlockingDetectionService.class,$1)</replacement>
		</pattern>
		<pattern>
			<match>KNSServiceLocator\.getDocumentService\(\)</match>
			<replacement addImport="org.kuali.kfs.sys.context.SpringContext:org.kuali.kfs.sys.context.SpringContext;
import org.kuali.rice.krad.service.DocumentService">SpringContext.getBean(DocumentService.class)</replacement>
		</pattern>
		<pattern>
			<match>KNSServiceLocator.getDateTimeService\(\)</match>
			<replacement addImport="org.kuali.kfs.sys.context.SpringContext:org.kuali.kfs.sys.context.SpringContext;
import org.kuali.rice.core.api.datetime.DateTimeService">SpringContext.getBean(DateTimeService.class)</replacement>
		</pattern>
		<pattern>
			<match>KNSServiceLocator\.getDataDictionaryService\(\)</match>
			<replacement addImport="org.kuali.kfs.sys.context.SpringContext:org.kuali.kfs.sys.context.SpringContext;
import org.kuali.rice.kns.service.DataDictionaryService">SpringContext.getBean(DataDictionaryService.class)</replacement>
		</pattern>
		<pattern>
			<match>KNSServiceLocator\.getEncryptionService\(\)</match>
			<replacement addImport="org.kuali.kfs.sys.context.SpringContext:org.kuali.kfs.sys.context.SpringContext;
import org.kuali.rice.core.api.encryption.EncryptionService">SpringContext.getBean(EncryptionService.class)</replacement>
		</pattern>
		<pattern>
			<match>KNSServiceLocator\.getLookupResultsService\(\)</match>
			<replacement addImport="org.kuali.kfs.sys.context.SpringContext:org.kuali.kfs.sys.context.SpringContext;
import org.kuali.rice.kns.lookup.LookupResultsService">SpringContext.getBean(LookupResultsService.class)</replacement>
		</pattern>
		<pattern>
			<match>KNSServiceLocator\.getSequenceAccessorService\(\)</match>
			<replacement addImport="org.kuali.kfs.sys.context.SpringContext:org.kuali.kfs.sys.context.SpringContext;
import org.kuali.rice.krad.service.SequenceAccessorService">SpringContext.getBean(SequenceAccessorService.class)</replacement>
		</pattern>
		<pattern>
			<match>KNSServiceLocator\.getConfigurationService\(\)</match>
			<replacement addImport="org.kuali.kfs.sys.context.SpringContext:org.kuali.kfs.sys.context.SpringContext;
import org.kuali.rice.core.api.config.property.ConfigurationService">SpringContext.getBean(ConfigurationService.class)</replacement>
		</pattern>

		<pattern fileType="java">
			<match>(this\.parameterService|parameterService|getParameterService\(\)|SpringContext\.getBean\(ParameterService\.class\))\.getParameterEvaluator</match>
			<replacement addImport="org.kuali.rice.core.framework.parameter.ParameterService:org.kuali.rice.core.framework.parameter.ParameterService;
import org.kuali.rice.core.api.parameter.ParameterEvaluatorService;
import org.kuali.kfs.sys.context.SpringContext">/*REFACTORME*/SpringContext.getBean(ParameterEvaluatorService.class).getParameterEvaluator</replacement>
		</pattern>


		<pattern>
			<match>import org\.kuali\.rice\.kim\.service\.KIMServiceLocator;</match>
			<replacement>import org.kuali.kfs.sys.context.SpringContext;</replacement>
		</pattern>
		<pattern>
			<match>KIMServiceLocator\.getIdentityManagementService\(\)</match>
			<replacement addImport="org.kuali.kfs.sys.context.SpringContext:org.kuali.kfs.sys.context.SpringContext;
import org.kuali.rice.kim.api.services.IdentityManagementService">SpringContext.getBean(IdentityManagementService.class)</replacement>
		</pattern>
		<pattern>
			<match>KIMServiceLocator\.getPersonService\(\)</match>
			<replacement addImport="org.kuali.kfs.sys.context.SpringContext:org.kuali.kfs.sys.context.SpringContext;
import org.kuali.rice.kim.api.identity.PersonService">SpringContext.getBean(PersonService.class)</replacement>
		</pattern>
		<pattern>
			<match>KIMServiceLocator\.getRoleManagementService\(\)</match>
			<replacement addImport="org.kuali.kfs.sys.context.SpringContext:org.kuali.kfs.sys.context.SpringContext;
import org.kuali.rice.kim.api.role.RoleManagementService">SpringContext.getBean(RoleManagementService.class)</replacement>
		</pattern>
		<pattern>
			<match>KIMServiceLocator\.getGroupService\(\)</match>
			<replacement addImport="org.kuali.kfs.sys.context.SpringContext:org.kuali.kfs.sys.context.SpringContext;
import org.kuali.rice.kim.api.group.GroupService">SpringContext.getBean(GroupService.class)</replacement>
		</pattern>
		<pattern>
			<match>KIMServiceLocator\.getRoleService\(\)</match>
			<replacement addImport="org.kuali.kfs.sys.context.SpringContext:org.kuali.kfs.sys.context.SpringContext;
import org.kuali.rice.kim.api.role.RoleService">SpringContext.getBean(RoleService.class)</replacement>
		</pattern>
		<pattern>
			<match>KIMServiceLocator\.getUiDocumentService\(\)</match>
			<replacement addImport="org.kuali.kfs.sys.context.SpringContext:org.kuali.kfs.sys.context.SpringContext;
import org.kuali.rice.kim.service.UiDocumentService">SpringContext.getBean(UiDocumentService.class)</replacement>
		</pattern>
		<pattern>
			<match>KIMServiceLocator\.getTypeInfoService\(\)</match>
			<replacement addImport="org.kuali.kfs.sys.context.SpringContext:org.kuali.kfs.sys.context.SpringContext;
import org.kuali.rice.kim.api.type.KimTypeInfoService">SpringContext.getBean(KimTypeInfoService.class)</replacement>
		</pattern>
		<pattern>
			<match>KIMServiceLocator\.getPermissionService\(\)</match>
			<replacement addImport="org.kuali.kfs.sys.context.SpringContext:org.kuali.kfs.sys.context.SpringContext;
import org.kuali.rice.kim.api.permission.PermissionService">SpringContext.getBean(PermissionService.class)</replacement>
		</pattern>
<!-- 
		<pattern fileType="java">
			<match>SpringContext\.getBean\(CountryService\.class\).getByPrimaryIdIfNecessary\(([^,]*),([^)]*)\);</match>
			<replacement addImport="org.kuali.rice.shareddata.api.country.CountryService:org.kuali.rice.shareddata.api.country.CountryService;
import org.apache.commons.lang.StringUtils">($1 == null)?null:($2 == null || !StringUtils.equals($2.getCode(),$1))?SpringContext.getBean(CountryService.class).getCountry($1):$2;</replacement>
		</pattern>
		<pattern fileType="java">
			<match>SpringContext\.getBean\(CountyService\.class\).getByPrimaryIdIfNecessary\(([^,]*),([^)]*),([^)]*),([^)]*)\);</match>
			<replacement addImport="org.kuali.rice.shareddata.api.country.CountyService:org.kuali.rice.shareddata.api.county.CountyService;
import org.apache.commons.lang.StringUtils">(StringUtils.isBlank($1) || StringUtils.isBlank($2) || StringUtils.isBlank($3))?null:($4 == null || !StringUtils.equals($4.getCountryCode(),$1)|| !StringUtils.equals($4.getStateCode(),$2)|| !StringUtils.equals($4.getCode(),$3))?SpringContext.getBean(CountyService.class).getCounty($1,$2,$3):$4;</replacement>
		</pattern>
 		<pattern fileType="java">
			<match>SpringContext\.getBean\(PostalCodeService\.class\).getByPostalCodeInDefaultCountryIfNecessary\(([^,]*),([^)]*)\);</match>
			<replacement addImport="org.kuali.rice.shareddata.api.postalcode.PostalCodeService:org.kuali.rice.shareddata.api.postalcode.PostalCodeService;
import org.apache.commons.lang.StringUtils">($1 == null)?null:($2 == null || !StringUtils.equals($2.getCode(),$1))?SpringContext.getBean(PostalCodeService.class).getPostalCode("US"/*RICE20_REFACTORME*/,$1):$2;</replacement>
		</pattern>
 		<pattern fileType="java">
			<match>SpringContext\.getBean\(PostalCodeService\.class\).getByPrimaryIdIfNecessary\(([^,]*),([^,]*),([^)]*)\);</match>
			<replacement addImport="org.kuali.rice.shareddata.api.postalcode.PostalCodeService:org.kuali.rice.shareddata.api.postalcode.PostalCodeService;
import org.apache.commons.lang.StringUtils">(StringUtils.isBlank($1) || StringUtils.isBlank($2))?null:($3 == null || !StringUtils.equals($3.getCountryCode(),$1)|| !StringUtils.equals($3.getCode(),$2))?SpringContext.getBean(PostalCodeService.class).getPostalCode($1,$2):$3;</replacement>
		</pattern>
		<pattern fileType="java">
			<match>SpringContext\.getBean\(StateService\.class\).getByPrimaryIdIfNecessary\(([^,]*),([^),]*),([^)]*)\);</match>
			<replacement addImport="org.kuali.rice.shareddata.api.state.StateService:org.kuali.rice.shareddata.api.state.StateService;
import org.apache.commons.lang.StringUtils">(StringUtils.isBlank($1) || StringUtils.isBlank($2))?null:($3 == null || !StringUtils.equals($3.getCountryCode(),$1)|| !StringUtils.equals($3.getCode(),$2))?SpringContext.getBean(StateService.class).getState($1,$2):$3;</replacement>
		</pattern>
		<pattern fileType="java">
			<match>SpringContext\.getBean\(StateService\.class\).getByPrimaryIdIfNecessary\(([^,]*),([^)]*)\);</match>
			<replacement addImport="org.kuali.rice.shareddata.api.state.StateService:org.kuali.rice.shareddata.api.state.StateService;
import org.apache.commons.lang.StringUtils">(StringUtils.isBlank($1))?null:($2 == null||!StringUtils.equals($2.getCode(),$1))?SpringContext.getBean(StateService.class).getState("US"/*REFACTORME*/,$1):$2;</replacement>
		</pattern>
		<pattern>
			<match><![CDATA[\(Campus\).*\.getResponsibleModuleService\(Campus\.class\)\.retrieveExternalizableBusinessObjectIfNecessary\([^,]+,([^,]+),[ ]?"([^)]+)"[^)]?\)]]></match>
			<replacement addImport="org.kuali.rice.shareddata.api.campus.Campus:org.kuali.rice.shareddata.api.campus.Campus;
import org.kuali.rice.shareddata.api.campus.CampusService;
import org.apache.commons.lang.StringUtils"><![CDATA[StringUtils.isBlank($1Code)?null:(($2!=null && $2.getCode().equals($1Code))?$2:SpringContext.getBean(CampusService.class).getCampus($1Code))]]></replacement>
		</pattern>
 -->
		<pattern>
			<match>(SpringContext\.getBean\(CountryService\.class\)|countryService)\.getByPrimaryId</match>
			<replacement>$1.getCountry</replacement>
		</pattern>
		<pattern>
			<match>(SpringContext\.getBean\(StateService\.class\)|stateService)\.getByPrimaryId</match>
			<replacement>$1.getState</replacement>
		</pattern>
		<pattern>
			<match>(SpringContext\.getBean\(PostalCodeService\.class\)|postalZipCodeService|postalCodeService)\.getByPrimaryId</match>
			<replacement>$1.getPostalCode</replacement>
		</pattern>
<!-- 
		<pattern>
			<match><![CDATA[\(Campus\).*\.getResponsibleModuleService\(Campus\.class\)\.getExternalizableBusinessObject\(Campus\.class,([^)]+)\)]]></match>
			<replacement addImport="org.kuali.rice.shareddata.api.campus.Campus:org.kuali.rice.shareddata.api.campus.Campus;
import org.kuali.rice.shareddata.api.campus.CampusService;
import org.apache.commons.lang.StringUtils"><![CDATA[SpringContext.getBean(CampusService.class).getCampus(campusCode/*RICE_20_REFACTORME $1 */)]]></replacement>
		</pattern>
-->	
		
		<pattern>
			<match>getByPostalCodeInDefaultCountry\((.*)\);</match>
			<replacement>getPostalCode( "US"/*RICE_20_REFACTORME*/, $1 );</replacement>
		</pattern>

	</rule>
	
	<rule name="KFS_kim_attribute_updates">
		<pattern>
			<match>KfsKimAttributes\.(DOCUMENT_|COMPONENT_|PROPERTY_|NAMESPACE_|BEAN_NAME|CAMPUS_)</match>
			<replacement addImport="org.kuali.kfs.sys.identity.KfsKimAttributes:org.kuali.kfs.sys.identity.KfsKimAttributes;
import org.kuali.rice.kim.api.KimConstants">KimConstants.AttributeConstants.$1</replacement>
		</pattern>
		<pattern>
			<match>SecKimAttributes\.(DOCUMENT_|COMPONENT_|PROPERTY_|NAMESPACE_|BEAN_NAME|CAMPUS_)</match>
			<replacement addImport="org.kuali.kfs.sec.identity.SecKimAttributes:org.kuali.kfs.sec.identity.SecKimAttributes;
import org.kuali.rice.kim.api.KimConstants">KimConstants.AttributeConstants.$1</replacement>
		</pattern>

		
	</rule>	
</rules>
