<?xml version="1.0" encoding="UTF-8" standalone="no"?>
<!--
    Copyright 2012 The Kuali Foundation

    Licensed under the Educational Community License, Version 2.0 (the "License");
    you may not use this file except in compliance with the License.
    You may obtain a copy of the License at

    http://www.opensource.org/licenses/ecl2.php

    Unless required by applicable law or agreed to in writing, software
    distributed under the License is distributed on an "AS IS" BASIS,
    WITHOUT WARRANTIES OR CONDITIONS OF ANY KIND, either express or implied.
    See the License for the specific language governing permissions and
    limitations under the License.
-->
<databaseChangeLog xmlns='http://www.liquibase.org/xml/ns/dbchangelog'
	xmlns:xsi='http://www.w3.org/2001/XMLSchema-instance'
	xsi:schemaLocation='http://www.liquibase.org/xml/ns/dbchangelog http://www.liquibase.org/xml/ns/dbchangelog/dbchangelog-2.0.xsd'>
 <changeSet author="KFS50" id="DATA_LD_LBR_BFT_RT_CAT_T">
    <comment>KFSMI-6987 Employee Benefit Expense Calculation</comment>
    <insert tableName="LD_LBR_BFT_RT_CAT_T">
      <column name="LBR_BEN_RT_CAT_CD" value="--" />
      <column name="LBR_BEN_RT_CAT_NM" value="Not Applicable" />
      <column name="ACTV_IND" value="Y" />
      <column name="VER_NBR" value="1" />
      <column name="OBJ_ID" valueNumeric="SYS_GUID" />
    </insert>
    
    <update tableName="LD_BENEFITS_CALC_T">
      <column name="LBR_BEN_RT_CAT_CD" value="--" />
    </update>

    <modifySql dbms="mysql">
      <replace replace="SYS_GUID" with="uuid()" />
    </modifySql>
    <modifySql dbms="oracle">
      <replace replace="SYS_GUID" with="sys_guid()" />
    </modifySql>
  </changeSet>
</databaseChangeLog>