<?xml version="1.0" encoding="UTF-8" standalone="no"?>
<!--
    Copyright 2012 The Kuali Foundation

    Licensed under the Educational Community License, Version 2.0 (the "License");
    you may not use this file except in compliance with the License.
    You may obtain a copy of the License at

    http://www.opensource.org/licenses/ecl2.php

    Unless required by applicable law or agreed to in writing, software
    distributed under the License is distributed on an "AS IS" BASIS,
    WITHOUT WARRANTIES OR CONDITIONS OF ANY KIND, either express or implied.
    See the License for the specific language governing permissions and
    limitations under the License.
-->
<databaseChangeLog xmlns="http://www.liquibase.org/xml/ns/dbchangelog"
	xmlns:xsi="http://www.w3.org/2001/XMLSchema-instance"
	xsi:schemaLocation="http://www.liquibase.org/xml/ns/dbchangelog http://www.liquibase.org/xml/ns/dbchangelog/dbchangelog-2.0.xsd">
  <changeSet author="KFS50" id="PUR_COMM_T">
    <comment>KFSMI-7172 New Parameter UNORDERED_ITEM_DEFAULT_COMMODITY_CODE and new Commodity code 99200000 </comment>
    <insert tableName="PUR_COMM_T">
      <column name="PUR_COMM_CD" value="99200000" />
      <column name="OBJ_ID" valueNumeric="SYS_GUID " />
      <column name="VER_NBR" valueComputed="1" />
      <column name="PUR_COMM_DESC" value="default commodity code for unordered items" />
      <column name="PUR_SALES_TAX_IND" value="N" />
      <column name="ITM_RSTRC_IND" value="N" />
      <column name="DOBJ_MAINT_CD_ACTV_IND" value="Y" />
    </insert>
    <modifySql dbms="mysql">
      <replace replace="SYS_GUID" with="uuid()" />
    </modifySql>
    <modifySql dbms="oracle">
      <replace replace="SYS_GUID" with="sys_guid()" />
    </modifySql>
  </changeSet>
  
</databaseChangeLog>