<?xml version="1.0" encoding="UTF-8"?>
<data xmlns="ns:workflow" xmlns:xsi="http://www.w3.org/2001/XMLSchema-instance"
	xsi:schemaLocation="ns:workflow resource:WorkflowData">

 	<documentTypes xmlns="ns:workflow/DocumentType"
		xsi:schemaLocation="ns:workflow/DocumentType resource:DocumentType">
	 <documentType>
      <name>IAA</name>
      <label>Intra-Account Adjustment</label>
      <parent>FP</parent>      
      <docHandler>${kfs.url}/financialIntraAccountAdjustment.do?methodToCall=docHandler</docHandler>      
      <active>
        true
      </active>
      <routePaths>
        <routePath>
          <start name="AdHoc" nextNode="Account"/>
          <role name="Account"/>
         </routePath>
      </routePaths>
      <routeNodes>
        <start name="AdHoc"/>
        <role name="Account">
          <qualifierResolverClass>org.kuali.rice.krad.workflow.attribute.DataDictionaryQualifierResolver</qualifierResolverClass>
          <activationType>P</activationType>
        </role>               
      </routeNodes>
     </documentType>
	</documentTypes>
</data>