<!--
    Copyright 2011 The Kuali Foundation

    Licensed under the Educational Community License, Version 2.0 (the "License");
    you may not use this file except in compliance with the License.
    You may obtain a copy of the License at

    http://www.opensource.org/licenses/ecl2.php

    Unless required by applicable law or agreed to in writing, software
    distributed under the License is distributed on an "AS IS" BASIS,
    WITHOUT WARRANTIES OR CONDITIONS OF ANY KIND, either express or implied.
    See the License for the specific language governing permissions and
    limitations under the License.
-->
<databaseChangeLog xmlns="http://www.liquibase.org/xml/ns/dbchangelog/1.9"
	xmlns:xsi="http://www.w3.org/2001/XMLSchema-instance"
	xsi:schemaLocation="http://www.liquibase.org/xml/ns/dbchangelog/1.9 http://www.liquibase.org/xml/ns/dbchangelog/dbchangelog-1.9.xsd">	

	<!-- The changes here are for the 4.0 to 4.1 upgrade.  They should be reviewed against
	     your institution's current configuration and possibly adapted as needed.
	-->

	<!--  Add new permissions needed for enhancements to the endowment module. -->
	<changeSet author="KFS41" id="ENDOW_NEW_PERMISSIONS">
		<!--  Initiate Tickler Maintenance Document -->
	    <insert tableName="KRIM_PERM_T">
	      <column name="PERM_ID" value="KFSENDOW6005" />
	      <column name="OBJ_ID" value="KFSENDOW6005" />
	      <column name="VER_NBR" valueNumeric="1" />
	      <column name="PERM_TMPL_ID" valueNumeric="10" />
	      <column name="NMSPC_CD" value="KFS-ENDOW" />
	      <column name="NM" value="Initiate Document" />
	      <column name="DESC_TXT" value="Authorizes the initiation of the Tickler document" />
	      <column name="ACTV_IND" value="Y" />
	    </insert>	
	    <insert tableName="KRIM_PERM_ATTR_DATA_T">
	      <column name="ATTR_DATA_ID" value="KFSENDOW6005" />
	      <column name="OBJ_ID" value="KFSENDOW6005" />
	      <column name="VER_NBR" valueNumeric="1" />
	      <column name="PERM_ID" value="KFSENDOW6005" />
	      <column name="KIM_TYP_ID" valueNumeric="3" />
	      <column name="KIM_ATTR_DEFN_ID" valueNumeric="13" />
	      <column name="ATTR_VAL" value="TicklerMaintenanceDocument" />
	    </insert>

		<!--  Permission to allow administration of routing for the Tickler maintenance document. -->
		<insert tableName="KRIM_PERM_T">
			<column name="PERM_ID" value="KFSENDOW6006" />
			<column name="OBJ_ID" value="KFSENDOW6006" />
			<column name="VER_NBR" valueNumeric="1" />
			<column name="PERM_TMPL_ID" valueNumeric="3" />
			<column name="NMSPC_CD" value="KFS-ENDOW" />
			<column name="NM" value="Administer Routing for Document" />
			<column name="DESC_TXT"
				value="Allows users to open Financial System Documents via the Super search option in Document Search and take Administrative workflow actions on them (such as approving the document, approving individual requests, or sending the document to a specified route node)." />
			<column name="ACTV_IND" value="Y" />
		</insert>
		<insert tableName="KRIM_PERM_ATTR_DATA_T">
			<column name="ATTR_DATA_ID" value="KFSENDOW6006" />
			<column name="OBJ_ID" value="KFSENDOW6006" />
			<column name="VER_NBR" valueNumeric="1" />
			<column name="PERM_ID" value="KFSENDOW6006" />
			<column name="KIM_TYP_ID" valueNumeric="3" />
			<column name="KIM_ATTR_DEFN_ID" valueNumeric="13" />
			<column name="ATTR_VAL" value="TicklerMaintenanceDocument" />
		</insert>

		<!-- Permission to allow FYI action on the tickler document to any authenticated user (KUALI/User) -->
		<insert tableName="KRIM_PERM_T">
			<column name="PERM_ID" value="KFSENDOW6007" />			
			<column name="OBJ_ID" value="KFSENDOW6007" />
			<column name="VER_NBR" valueNumeric="1" />
			<column name="PERM_TMPL_ID" value="9" />
			<column name="NMSPC_CD" value="KFS-ENDOW" />
			<column name="NM" value="Ad Hoc Review Document" />
			<column name="DESC_TXT" value="Authorizes Kuali Users to take the FYI action on Tickler Document Ad Hoc routed to them." />
			<column name="ACTV_IND" value="Y" />
		</insert>	
		<insert tableName="KRIM_PERM_ATTR_DATA_T">
			<column name="ATTR_DATA_ID" value="KFSENDOW6007-1" />			
			<column name="OBJ_ID" value="KFSENDOW6007-1" />
			<column name="VER_NBR" valueNumeric="1" />
			<column name="PERM_ID" value="KFSENDOW6007" />			
			<column name="KIM_TYP_ID" value="5" />
			<column name="KIM_ATTR_DEFN_ID" value="13" />
			<column name="ATTR_VAL" value="TicklerMaintenanceDocument" />
		</insert>
		<insert tableName="KRIM_PERM_ATTR_DATA_T">
			<column name="ATTR_DATA_ID" value="KFSENDOW6007-2" />			
			<column name="OBJ_ID" value="KFSENDOW6007-2" />
			<column name="VER_NBR" valueNumeric="1" />
			<column name="PERM_ID" value="KFSENDOW6007" />			
			<column name="KIM_TYP_ID" value="5" />
			<column name="KIM_ATTR_DEFN_ID" value="14" />
			<column name="ATTR_VAL" value="F" />
		</insert>

		<!--  Permission to allow use of the non-document actions within the Endowment module -->
		<insert tableName="KRIM_PERM_T">
			<column name="PERM_ID" value="KFSENDOW3" />
			<column name="OBJ_ID" value="KFSENDOW3" />
			<column name="VER_NBR" valueNumeric="1" />
			<column name="PERM_TMPL_ID" valueNumeric="29" />
			<column name="NMSPC_CD" value="KFS-ENDOW" />
			<column name="NM" value="Use Endowment Reporting Screens" />
			<column name="DESC_TXT"
				value="Authorizes the use of the reporting screens within the Endowment module." />
			<column name="ACTV_IND" value="Y" />
		</insert>
		<insert tableName="KRIM_PERM_ATTR_DATA_T">
			<column name="ATTR_DATA_ID" value="KFSENDOW3-1" />
			<column name="OBJ_ID" value="KFSENDOW3-1" />
			<column name="VER_NBR" valueNumeric="1" />
			<column name="PERM_ID" value="KFSENDOW3" />
			<column name="KIM_TYP_ID" valueNumeric="12" />
			<column name="KIM_ATTR_DEFN_ID" valueNumeric="4" />
			<column name="ATTR_VAL" value="TicklerMaintenanceDocument" />
		</insert>
    </changeSet>
	    
	<changeSet author="KFS41" id="ENDOW_NEW_PERMISSION_ASSIGNMENTS">
	
		<!-- Assign the Initiate Tickler Maintenance document to KFS-SYS/Manager and KFS-SYS/System User -->
	    <insert tableName="KRIM_ROLE_PERM_T">
	      <column name="ROLE_PERM_ID" value="KFSENDOW6005-1" />
	      <column name="OBJ_ID" value="KFSENDOW6005-1" />
	      <column name="VER_NBR" valueNumeric="1" />
	      <column name="ROLE_ID" valueNumeric="44" />
	      <column name="PERM_ID" value="KFSENDOW6005" />
	      <column name="ACTV_IND" value="Y" />
	    </insert>
	    <insert tableName="KRIM_ROLE_PERM_T">
	      <column name="ROLE_PERM_ID" value="KFSENDOW6005-2" />
	      <column name="OBJ_ID" value="KFSENDOW6005-2" />
	      <column name="VER_NBR" valueNumeric="1" />
	      <column name="ROLE_ID" valueNumeric="62" />
	      <column name="PERM_ID" value="KFSENDOW6005" />
	      <column name="ACTV_IND" value="Y" />
	    </insert>
	  
		<!-- Assign the administer routing permission to KFS-SYS/Manager and KFS-SYS/Workflow Administrator -->
		<insert tableName="KRIM_ROLE_PERM_T">
	      <column name="ROLE_PERM_ID" value="KFSENDOW6006-1" />
	      <column name="OBJ_ID" value="KFSENDOW6006-1" />
	      <column name="VER_NBR" valueNumeric="1" />
	      <column name="ROLE_ID" valueNumeric="44" />
	      <column name="PERM_ID" value="KFSENDOW6006" />
	      <column name="ACTV_IND" value="Y" />
	    </insert>
	    <insert tableName="KRIM_ROLE_PERM_T">
	      <column name="ROLE_PERM_ID" value="KFSENDOW6006-2" />
	      <column name="OBJ_ID" value="KFSENDOW6006-2" />
	      <column name="VER_NBR" valueNumeric="1" />
	      <column name="ROLE_ID" valueNumeric="55" />
	      <column name="PERM_ID" value="KFSENDOW6006" />
	      <column name="ACTV_IND" value="Y" />
	    </insert>

		<!--  Assign the FYI to Roles KUALI/User (all authenticated users) -->
		<insert tableName="KRIM_ROLE_PERM_T">
			<column name="ROLE_PERM_ID" value="KFSENDOW6007-1" />
			<column name="OBJ_ID" value="KFSENDOW6007-1" />
			<column name="VER_NBR" valueNumeric="1" />
			<column name="ROLE_ID" value="1" />
			<column name="PERM_ID" value="KFSENDOW6007" />	
			<column name="ACTV_IND" value="Y" />
		</insert>

		<!--  Assign the Endowment reporting permission to KFS-SYS / Manager -->
		<insert tableName="KRIM_ROLE_PERM_T">
			<column name="ROLE_PERM_ID" value="KFSENDOW3" />
			<column name="OBJ_ID" value="KFSENDOW3" />
			<column name="VER_NBR" valueNumeric="1" />
			<column name="ROLE_ID" value="44" />
			<column name="PERM_ID" value="KFSENDOW3" />	
			<column name="ACTV_IND" value="Y" />
		</insert>
	</changeSet>
</databaseChangeLog>   
      