<!--
    Copyright 2011 The Kuali Foundation

    Licensed under the Educational Community License, Version 2.0 (the "License");
    you may not use this file except in compliance with the License.
    You may obtain a copy of the License at

    http://www.opensource.org/licenses/ecl2.php

    Unless required by applicable law or agreed to in writing, software
    distributed under the License is distributed on an "AS IS" BASIS,
    WITHOUT WARRANTIES OR CONDITIONS OF ANY KIND, either express or implied.
    See the License for the specific language governing permissions and
    limitations under the License.
-->
<databaseChangeLog xmlns="http://www.liquibase.org/xml/ns/dbchangelog/1.9"
	xmlns:xsi="http://www.w3.org/2001/XMLSchema-instance"
	xsi:schemaLocation="http://www.liquibase.org/xml/ns/dbchangelog/1.9 http://www.liquibase.org/xml/ns/dbchangelog/dbchangelog-1.9.xsd">	

	<!-- The changes here are optional for the 4.0 to 4.0.1 upgrade.  They should be reviewed against
	     your institution's current configuration and possibly adapted as needed.
	-->

	
	<!-- Change the permission on the account maintenance document (ACCT) to allow for the KC
	     account creation process to initiate it.
	-->
	<changeSet author="KFS41" id="KC_ACCT_CREATION_PERM">
		<!-- Create the permission record -->
		<insert tableName="KRIM_PERM_T">
			<column name="PERM_ID" value="KFS41COA1" />			
			<column name="OBJ_ID" value="KFS41COA1" />
			<column name="VER_NBR" valueNumeric="1" />
			<column name="PERM_TMPL_ID" value="10" />
			<column name="NMSPC_CD" value="KFS-COA" />
			<column name="NM" value="Initiate Document" />
			<column name="DESC_TXT" value="Allows users to initiate the Account Maintenance Document." />
			<column name="ACTV_IND" value="Y" />
		</insert>
		<insert tableName="KRIM_PERM_ATTR_DATA_T">
			<column name="ATTR_DATA_ID" value="KFS41COA1" />			
			<column name="OBJ_ID" value="KFS41COA1" />
			<column name="VER_NBR" valueNumeric="1" />
			<column name="PERM_ID" value="KFS41COA1" />			
			<column name="KIM_TYP_ID" value="3" />
			<column name="KIM_ATTR_DEFN_ID" value="13" />
			<column name="ATTR_VAL" value="ACCT" />
		</insert>
		<!--  Assign the permission to Roles KFS-SYS/User and KFS-SYS/System User -->
		<insert tableName="KRIM_ROLE_PERM_T">
			<column name="ROLE_PERM_ID" value="KFS41COA1" />
			<column name="OBJ_ID" value="KFS41COA1" />
			<column name="VER_NBR" valueNumeric="1" />
			<column name="ROLE_ID" value="62" />
			<column name="PERM_ID" value="KFS41COA1" />	
			<column name="ACTV_IND" value="Y" />
		</insert>
		<insert tableName="KRIM_ROLE_PERM_T">
			<column name="ROLE_PERM_ID" value="KFS41COA2" />
			<column name="OBJ_ID" value="KFS41COA2" />
			<column name="VER_NBR" valueNumeric="1" />
			<column name="ROLE_ID" value="54" />
			<column name="PERM_ID" value="KFS41COA1" />	
			<column name="ACTV_IND" value="Y" />
		</insert>
	</changeSet>	
		
</databaseChangeLog>   
      