<?xml version="1.0" encoding="UTF-8" standalone="no"?>
<!--
    Copyright 2011 The Kuali Foundation

    Licensed under the Educational Community License, Version 2.0 (the "License");
    you may not use this file except in compliance with the License.
    You may obtain a copy of the License at

    http://www.opensource.org/licenses/ecl2.php

    Unless required by applicable law or agreed to in writing, software
    distributed under the License is distributed on an "AS IS" BASIS,
    WITHOUT WARRANTIES OR CONDITIONS OF ANY KIND, either express or implied.
    See the License for the specific language governing permissions and
    limitations under the License.
-->
<databaseChangeLog xmlns="http://www.liquibase.org/xml/ns/dbchangelog/1.9" xmlns:xsi="http://www.w3.org/2001/XMLSchema-instance" xsi:schemaLocation="http://www.liquibase.org/xml/ns/dbchangelog/1.9 http://www.liquibase.org/xml/ns/dbchangelog/dbchangelog-1.9.xsd">

	<changeSet author="KFS41" id="SEC_NAMESPACE">
		<comment>Add the Security Module Namespace code</comment>
		<insert tableName="KRNS_NMSPC_T">
			<column name="NMSPC_CD" value="KFS-SEC" />
			<column name="OBJ_ID" valueNumeric="SYS_GUID() " />
			<column name="VER_NBR" valueNumeric="1" />
			<column name="NM" value="Access Security" />
			<column name="ACTV_IND" value="Y" />
			<column name="APPL_NMSPC_CD" value="KFS" />
		</insert>
		<modifySql dbms="mysql">
			<replace replace="SYS_GUID" with="UUID" />
		</modifySql>
    </changeSet>

	<!-- Add the standard components for the KFS-SEC namespace -->    
	<changeSet author="KFS41" id="SEC_PARAMETER_DETAIL_TYPES">
		<insert tableName="KRNS_PARM_DTL_TYP_T">
			<column name="NMSPC_CD" value="KFS-SEC" />
			<column name="PARM_DTL_TYP_CD" value="All" />
			<column name="OBJ_ID" valueNumeric="SYS_GUID() " />
			<column name="VER_NBR" valueNumeric="1" />
			<column name="NM" value="All" />
			<column name="ACTV_IND" value="Y" />
		</insert>
		<insert tableName="KRNS_PARM_DTL_TYP_T">
			<column name="NMSPC_CD" value="KFS-SEC" />
			<column name="PARM_DTL_TYP_CD" value="Batch" />
			<column name="OBJ_ID" valueNumeric="SYS_GUID() " />
			<column name="VER_NBR" valueNumeric="1" />
			<column name="NM" value="Batch" />
			<column name="ACTV_IND" value="Y" />
		</insert>
		<insert tableName="KRNS_PARM_DTL_TYP_T">
			<column name="NMSPC_CD" value="KFS-SEC" />
			<column name="PARM_DTL_TYP_CD" value="Document" />
			<column name="OBJ_ID" valueNumeric="SYS_GUID() " />
			<column name="VER_NBR" valueNumeric="1" />
			<column name="NM" value="Document" />
			<column name="ACTV_IND" value="Y" />
		</insert>
		<insert tableName="KRNS_PARM_DTL_TYP_T">
			<column name="NMSPC_CD" value="KFS-SEC" />
			<column name="PARM_DTL_TYP_CD" value="Lookup" />
			<column name="OBJ_ID" valueNumeric="SYS_GUID() " />
			<column name="VER_NBR" valueNumeric="1" />
			<column name="NM" value="Lookup" />
			<column name="ACTV_IND" value="Y" />
		</insert>
		<modifySql dbms="mysql">
			<replace replace="SYS_GUID" with="UUID" />
		</modifySql>
	</changeSet>

	<changeSet author="KFS41" id="SEC_MODULE_PARAMETERS">
		<insert tableName="KRNS_PARM_T">
			<column name="NMSPC_CD" value="KFS-SEC" />
			<column name="PARM_DTL_TYP_CD" value="All" />
			<column name="PARM_NM" value="ACCESS_SECURITY_DOCUMENT_TYPES" />
			<column name="PARM_TYP_CD" value="CONFG" />
			<column name="TXT" value="AD;AP;AV;BA;BT;CCR;CM;CR;DI;DV;FP;FPYE;GEC;IB;ICA;JV;LD;ND;PCDO;PE;PO;PREQ;REQS;SB;ST;TF" />
			<column name="PARM_DESC_TXT" value="List of documents that the security can be applied to. The document type can be at the parent level." />
			<column name="CONS_CD" value="A" />
			<column name="APPL_NMSPC_CD" value="KFS" />			
			<column name="OBJ_ID" valueNumeric="SYS_GUID() " />
			<column name="VER_NBR" valueNumeric="1" />
		</insert>

		<insert tableName="KRNS_PARM_T">
			<column name="NMSPC_CD" value="KFS-SEC" />
			<column name="PARM_DTL_TYP_CD" value="All" />
			<column name="PARM_NM" value="ENABLE_ACCESS_SECURITY" />
			<column name="PARM_TYP_CD" value="CONFG" />
			<column name="TXT" value="N" />
			<column name="PARM_DESC_TXT" value="Enables access security checks in the system." />
			<column name="CONS_CD" value="A" />
			<column name="APPL_NMSPC_CD" value="KFS" />			
			<column name="OBJ_ID" valueNumeric="SYS_GUID() " />
			<column name="VER_NBR" valueNumeric="1" />
		</insert>

		<insert tableName="KRNS_PARM_T">
			<column name="NMSPC_CD" value="KFS-SEC" />
			<column name="PARM_DTL_TYP_CD" value="All" />
			<column name="PARM_NM" value="ALWAYS_ALLOW_INITIATOR_DOCUMENT_ACCESS_IND" />
			<column name="PARM_TYP_CD" value="CONFG" />
			<column name="TXT" value="Y" />
			<column name="PARM_DESC_TXT" value="Allows the document initiator to always view the document and notes/attachments regardless of access permissions." />
			<column name="CONS_CD" value="A" />
			<column name="APPL_NMSPC_CD" value="KFS" />			
			<column name="OBJ_ID" valueNumeric="SYS_GUID() " />
			<column name="VER_NBR" valueNumeric="1" />
		</insert>
		<insert tableName="KRNS_PARM_T">
			<column name="NMSPC_CD" value="KFS-SEC" />
			<column name="PARM_DTL_TYP_CD" value="All" />
			<column name="PARM_NM" value="ALWAYS_ALLOW_INITIATOR_LINE_ACCESS_IND" />
			<column name="PARM_TYP_CD" value="CONFG" />
			<column name="TXT" value="Y" />
			<column name="PARM_DESC_TXT" value="Allows the document initiator to always view the accounting line regardless of access permissions." />
			<column name="CONS_CD" value="A" />
			<column name="APPL_NMSPC_CD" value="KFS" />			
			<column name="OBJ_ID" valueNumeric="SYS_GUID() " />
			<column name="VER_NBR" valueNumeric="1" />
		</insert>
		<insert tableName="KRNS_PARM_T">
			<column name="NMSPC_CD" value="KFS-SEC" />
			<column name="PARM_DTL_TYP_CD" value="All" />
			<column name="PARM_NM" value="ALWAYS_ALLOW_FISCAL_OFFICER_LINE_ACCESS_IND" />
			<column name="PARM_TYP_CD" value="CONFG" />
			<column name="TXT" value="Y" />
			<column name="PARM_DESC_TXT" value="Allows fiscal officers to always view or edit accounting lines for their accounts regardless of access permissions." />
			<column name="CONS_CD" value="A" />
			<column name="APPL_NMSPC_CD" value="KFS" />			
			<column name="OBJ_ID" valueNumeric="SYS_GUID() " />
			<column name="VER_NBR" valueNumeric="1" />
		</insert>
		<insert tableName="KRNS_PARM_T">
			<column name="NMSPC_CD" value="KFS-SEC" />
			<column name="PARM_DTL_TYP_CD" value="All" />
			<column name="PARM_NM" value="ALWAYS_ALLOW_PRINCIPAL_INVESTIGATOR_LINE_ACCESS_IND" />
			<column name="PARM_TYP_CD" value="CONFG" />
			<column name="TXT" value="Y" />
			<column name="PARM_DESC_TXT" value="Allows principal investigators to always view or edit accounting lines for their accounts regardless of access permissions." />
			<column name="CONS_CD" value="A" />
			<column name="APPL_NMSPC_CD" value="KFS" />			
			<column name="OBJ_ID" valueNumeric="SYS_GUID() " />
			<column name="VER_NBR" valueNumeric="1" />
		</insert>

		<modifySql dbms="mysql">
			<replace replace="SYS_GUID" with="UUID" />
		</modifySql>
    </changeSet>

</databaseChangeLog>