<!--
    Copyright 2011 The Kuali Foundation

    Licensed under the Educational Community License, Version 2.0 (the "License");
    you may not use this file except in compliance with the License.
    You may obtain a copy of the License at

    http://www.opensource.org/licenses/ecl2.php

    Unless required by applicable law or agreed to in writing, software
    distributed under the License is distributed on an "AS IS" BASIS,
    WITHOUT WARRANTIES OR CONDITIONS OF ANY KIND, either express or implied.
    See the License for the specific language governing permissions and
    limitations under the License.
-->
<databaseChangeLog xmlns="http://www.liquibase.org/xml/ns/dbchangelog/1.9"
	xmlns:xsi="http://www.w3.org/2001/XMLSchema-instance"
	xsi:schemaLocation="http://www.liquibase.org/xml/ns/dbchangelog/1.9 http://www.liquibase.org/xml/ns/dbchangelog/dbchangelog-1.9.xsd">

	<changeSet author="KFS41" id="FIX_BAD_PARAMETER_VALUES">
		<comment>Blank out SUPPRESS_REJECT_REASON_CODES_ON_EIRT_APPROVAL parameter value which has a bad value.
		KFSMI-6533 Update parameter CAPITAL_OBJECT_ACQUISITION_CODES from data set
		</comment>
		<update tableName="KRNS_PARM_T">
			<column name="TXT" value="" />
			<where>NMSPC_CD='KFS-PURAP' AND
				PARM_NM='SUPPRESS_REJECT_REASON_CODES_ON_EIRT_APPROVAL' AND
				PARM_DTL_TYP_CD='ElectronicInvoiceReject' AND APPL_NMSPC_CD='KFS'
			</where>
		</update>
		<update tableName="KRNS_PARM_T">
			<column name="TXT" value="F;G;S;T" />
			<where>NMSPC_CD='KFS-CAM' and PARM_DTL_TYP_CD='AssetGlobal' and
				PARM_NM='CAPITAL_OBJECT_ACQUISITION_CODES'</where>
		</update>
	</changeSet>

	<changeSet author="KFS41" id="FIX_PARAMETER_DESCRIPTIONS">
		<comment>KFSMI-6443 - revise FEDERAL_ONLY_ROUTE_IND description </comment>
		<update tableName="KRNS_PARM_T">
			<column name="PARM_DESC_TXT"
				value="If the value of this parameter is N, the document routes to project directors for all accounts appearing on the document. If the parameter is set to Y, then only project directors associated with Federal accounts will receive the document." />
			<where>NMSPC_CD= 'KFS-EC' and PARM_DTL_TYP_CD='EffortCertification'
				and PARM_NM='FEDERAL_ONLY_ROUTE_IND'</where>
		</update>
	</changeSet>

	<changeSet author="KFS41" id="REMOVE_OBSELETE_PARAMETERS">
		<comment>KFSMI-6526 Remove parameter W9_OWNERSHIP_TYPES from data set.</comment>
		<delete tableName="KRNS_PARM_T">
			<where>NMSPC_CD='KFS-FP' AND PARM_DTL_TYP_CD='DisbursementVoucher'
				AND PARM_NM='W9_OWNERSHIP_TYPES'</where>
		</delete>
	</changeSet>

	<changeSet author="KFS41" id="NEW_ENDOWMENT_PARAMETERS">
		<comment>KFSMI-6408 Create new system parameters for Endowment Batch Job</comment>
		<insert tableName="KRNS_PARM_T">
			<column name="NMSPC_CD" value="KFS-ENDOW" />
			<column name="PARM_DTL_TYP_CD" value="GeneralLedgerInterfaceBatchProcessStep" />
			<column name="PARM_NM" value="COMBINE_ENDOWMENT_GL_ENTRIES_IND" />
			<column name="OBJ_ID" value="KFS681" />
			<column name="VER_NBR" valueNumeric="1" />
			<column name="PARM_TYP_CD" value="CONFG" />
			<column name="TXT" value="Y" />
			<column name="PARM_DESC_TXT"
				value="If this value is Y then all transactions of the same type to the same General Ledger will be entered as one total for the daily interface If this value is N,then entries will be made for each transaction as a unique general ledger line entry" />
			<column name="CONS_CD" value="A" />
			<column name="APPL_NMSPC_CD" value="KFS" />
		</insert>
		<insert tableName="KRNS_PARM_T">
			<column name="NMSPC_CD" value="KFS-ENDOW" />
			<column name="PARM_DTL_TYP_CD" value="GeneralLedgerInterfaceBatchProcessStep" />
			<column name="PARM_NM" value="CASH_SALE_GAIN_LOSS_OBJECT_CODE" />
			<column name="OBJ_ID" value="KFS682" />
			<column name="VER_NBR" valueNumeric="1" />
			<column name="PARM_TYP_CD" value="CONFG" />
			<column name="PARM_DESC_TXT"
				value="This value is used to generate the gain or loss general ledger entries that result from the cash sale of a KEM security These gains or losses are realized gains and losses for the KEMID" />
			<column name="CONS_CD" value="A" />
			<column name="APPL_NMSPC_CD" value="KFS" />
		</insert>
	</changeSet>
	
	<changeSet author="KFS41" id="NEW_ENDOWMENT_PARAMETERS2">
		<comment>KFSMI-6443 Create System parameter for Effort Certification FEDERAL_SPONSOR_TYPE_CODE</comment>
		<insert tableName="KRNS_PARM_T">
			<column name="NMSPC_CD" value="KFS-EC" />
			<column name="PARM_DTL_TYP_CD" value="EffortCertification" />
			<column name="PARM_NM" value="FEDERAL_SPONSOR_TYPE_CODES" />
			<column name="OBJ_ID" value="KFS683" />
			<column name="VER_NBR" valueNumeric="1" />
			<column name="PARM_TYP_CD" value="CONFG" />
			<column name="PARM_DESC_TXT"
				value="This parameter defines the sponsor types that are considered Federal It is referenced along with the FEDERAL_ONLY_ROUTE_IND parameter to determine how ECD documents are routed" />
			<column name="CONS_CD" value="A" />
			<column name="APPL_NMSPC_CD" value="KFS" />
		</insert>
	</changeSet>
</databaseChangeLog>   
      
