<?xml version="1.0" encoding="UTF-8" standalone="no"?>
<!--
    Copyright 2013 The Kuali Foundation

    Licensed under the Educational Community License, Version 2.0 (the "License");
    you may not use this file except in compliance with the License.
    You may obtain a copy of the License at

    http://www.opensource.org/licenses/ecl2.php

    Unless required by applicable law or agreed to in writing, software
    distributed under the License is distributed on an "AS IS" BASIS,
    WITHOUT WARRANTIES OR CONDITIONS OF ANY KIND, either express or implied.
    See the License for the specific language governing permissions and
    limitations under the License.
-->
<databaseChangeLog xmlns='http://www.liquibase.org/xml/ns/dbchangelog'
    xmlns:xsi='http://www.w3.org/2001/XMLSchema-instance'
    xsi:schemaLocation='http://www.liquibase.org/xml/ns/dbchangelog http://www.liquibase.org/xml/ns/dbchangelog/dbchangelog-2.0.xsd'>

    <changeSet author="KFS50" id="KFSCNTRB1722_ACH_BCC_PARAMETER">
        <comment>Adds parameter for KFSCNTRB-1722 bcc address for ACH notifications</comment>
        <insert tableName="KRCR_PARM_T">
            <column name="NMSPC_CD" value="KFS-PDP" />
            <column name="CMPNT_CD" value="SendAchAdviceNotificationsStep" />
            <column name="PARM_NM" value="ACH_SUMMARY_BCC_EMAIL_ADDRESSES" />
            <column name="APPL_ID" value="KFS" />
            <column name="OBJ_ID" valueNumeric="sys_guid() " />
            <column name="VER_NBR" value="1" />
            <column name="PARM_TYP_CD" value="CONFG" />
            <column name="VAL" value="" />
            <column name="PARM_DESC_TXT" value="The pdpSendAchAdviceNotificationsJob generates ACH payment summary email notifications for payees and blind copies of these emails are sent to the email address(es) specified in this parameter." />
            <column name="EVAL_OPRTR_CD" value="A" />
        </insert>
        <modifySql dbms="mysql">
          <replace replace="sys_guid()" with="uuid()" />
        </modifySql>
    </changeSet>
    
    <changeSet author="KFS50" id="KFSCNTRB1730_MAXIMUM_ACCOUNT_DELEGATES">
        <comment>Adds parameter for KFSCNTRB-1730 maximum number of (delegate * account) for account global delegate document</comment>
        <insert tableName="KRCR_PARM_T">
            <column name="NMSPC_CD" value="KFS-COA" />
            <column name="CMPNT_CD" value="AccountDelegateGlobal" />
            <column name="PARM_NM" value="MAXIMUM_ACCOUNT_DELEGATES" />
            <column name="APPL_ID" value="KFS" />
            <column name="OBJ_ID" valueNumeric="sys_guid() " />
            <column name="VER_NBR" value="1" />
            <column name="PARM_TYP_CD" value="VALID" />
            <column name="VAL" value="5000" />
            <column name="PARM_DESC_TXT" value="The maximum number of account delegates to create. This is calculated by multiplying account delegates with accounts." />
            <column name="EVAL_OPRTR_CD" value="A" />
        </insert>
        <modifySql dbms="mysql">
          <replace replace="sys_guid()" with="uuid()" />
        </modifySql>
    </changeSet>

</databaseChangeLog>