<?xml version="1.0" encoding="UTF-8" standalone="no"?>
<!--
    Copyright 2013 The Kuali Foundation

    Licensed under the Educational Community License, Version 2.0 (the "License");
    you may not use this file except in compliance with the License.
    You may obtain a copy of the License at

    http://www.opensource.org/licenses/ecl2.php

    Unless required by applicable law or agreed to in writing, software
    distributed under the License is distributed on an "AS IS" BASIS,
    WITHOUT WARRANTIES OR CONDITIONS OF ANY KIND, either express or implied.
    See the License for the specific language governing permissions and
    limitations under the License.
-->
<databaseChangeLog xmlns="http://www.liquibase.org/xml/ns/dbchangelog"
	xmlns:xsi="http://www.w3.org/2001/XMLSchema-instance"
	xsi:schemaLocation="http://www.liquibase.org/xml/ns/dbchangelog http://www.liquibase.org/xml/ns/dbchangelog/dbchangelog-2.0.xsd">
	
	<changeSet author="KFS521" id="KFSCNTRB-1650">
		<comment>KFSCNTRB-1650 Create permission to edit capital asset info and grant to KFS-SYS Fiscal Officer and KR-NS Document Editor</comment>
		<insert tableName="KRIM_PERM_T">
			<column name="PERM_ID" value="KFS10838" />
			<column name="OBJ_ID" value="KFS-TEM-PERM-121" />
			<column name="VER_NBR" value="1" />
			<column name="PERM_TMPL_ID" valueNumeric="31" />
			<column name="NMSPC_CD" value="KFS-PURAP" />
			<column name="NM" value="Edit Capital Asset Info" />
			<column name="DESC_TXT" value="Users who can edit capital asset information" />
			<column name="ACTV_IND" value="Y" />
		</insert>

		<insert tableName="KRIM_PERM_ATTR_DATA_T">
			<column name="ATTR_DATA_ID" value="KFS10839" />
			<column name="OBJ_ID" value="KFS-TEM-PERM-ATTR-DATA-220" />
			<column name="VER_NBR" valueNumeric="1" />
			<column name="PERM_ID" value="KFS10838" />
			<column name="KIM_TYP_ID" valueNumeric="14" />
			<column name="KIM_ATTR_DEFN_ID" valueNumeric="13" />
			<column name="ATTR_VAL" value="REQS" />
		</insert>

		<insert tableName="KRIM_PERM_ATTR_DATA_T">
			<column name="ATTR_DATA_ID" value="KFS10840" />
			<column name="OBJ_ID" value="KFS-TEM-PERM-ATTR-DATA-221" />
			<column name="VER_NBR" valueNumeric="1" />
			<column name="PERM_ID" value="KFS10838" />
			<column name="KIM_TYP_ID" valueNumeric="14" />
			<column name="KIM_ATTR_DEFN_ID" valueNumeric="10" />
			<column name="ATTR_VAL" value="allowCapitalAssetEdit" />
		</insert>

		<insert tableName="KRIM_ROLE_PERM_T">
			<column name="ROLE_PERM_ID" value="KFS10841" />
			<column name="OBJ_ID" value="KFS-TEM-ROLE-PERM-360" />
			<column name="VER_NBR" value="1" />
			<column name="ROLE_ID" valueNumeric="41" />
			<column name="PERM_ID" value="KFS10838" />
			<column name="ACTV_IND" value="Y" />
		</insert>

 		<insert tableName="KRIM_ROLE_PERM_T">
			<column name="ROLE_PERM_ID" value="KFS10842" />
			<column name="OBJ_ID" value="KFS-TEM-ROLE-PERM-361" />
			<column name="VER_NBR" value="1" />
			<column name="ROLE_ID" valueNumeric="66" />
			<column name="PERM_ID" value="KFS10838" />
			<column name="ACTV_IND" value="Y" />
		</insert>

		
	</changeSet>
	
</databaseChangeLog>