<?xml version="1.0" encoding="UTF-8" standalone="no"?>
<!--
    Copyright 2013 The Kuali Foundation

    Licensed under the Educational Community License, Version 2.0 (the "License");
    you may not use this file except in compliance with the License.
    You may obtain a copy of the License at

    http://www.opensource.org/licenses/ecl2.php

    Unless required by applicable law or agreed to in writing, software
    distributed under the License is distributed on an "AS IS" BASIS,
    WITHOUT WARRANTIES OR CONDITIONS OF ANY KIND, either express or implied.
    See the License for the specific language governing permissions and
    limitations under the License.
-->
<databaseChangeLog xmlns='http://www.liquibase.org/xml/ns/dbchangelog'
	xmlns:xsi='http://www.w3.org/2001/XMLSchema-instance'
	xsi:schemaLocation='http://www.liquibase.org/xml/ns/dbchangelog http://www.liquibase.org/xml/ns/dbchangelog/dbchangelog-2.0.xsd'>
	
	<changeSet author="KFS521" id="KFSCNTRB-1771_JV_BB_TYPES">
        <comment>Adds parameter for KFSCNTRB-1771 for BB types</comment>
        <insert tableName="KRCR_PARM_T">
            <column name="NMSPC_CD" value="KFS-FP" />
            <column name="CMPNT_CD" value="JournalVoucher" />
            <column name="PARM_NM" value="BUDGET_BALANCE_TYPES" />
            <column name="APPL_ID" value="KFS" />
            <column name="OBJ_ID" value="KFSCNTRB-1771_JV_BB_TYPES" />
            <column name="VER_NBR" value="1" />
            <column name="PARM_TYP_CD" value="VALID" />
            <column name="VAL" value="BB;CB;MB" />
            <column name="PARM_DESC_TXT" value="Budget Type Codes allowed on a Journal Voucher" />
            <column name="EVAL_OPRTR_CD" value="A" />
        </insert>

    </changeSet>
    <changeSet author="KFS50" id="KFSTP-1061">
    	<update tableName="KRCR_PARM_T">
			<column name="VAL" value="P"/>
			<where>nmspc_cd = 'KFS-PURAP' and cmpnt_cd = 'Document' and parm_nm = 'DISTRIBUTION_METHOD_FOR_ACCOUNTING_LINES' and appl_id = 'KFS'</where>
		</update>
    </changeSet>
    
</databaseChangeLog>