<?xml version="1.0" encoding="UTF-8" standalone="no"?>
<!--
    Copyright 2012 The Kuali Foundation

    Licensed under the Educational Community License, Version 2.0 (the "License");
    you may not use this file except in compliance with the License.
    You may obtain a copy of the License at

    http://www.opensource.org/licenses/ecl2.php

    Unless required by applicable law or agreed to in writing, software
    distributed under the License is distributed on an "AS IS" BASIS,
    WITHOUT WARRANTIES OR CONDITIONS OF ANY KIND, either express or implied.
    See the License for the specific language governing permissions and
    limitations under the License.
-->
<databaseChangeLog xmlns='http://www.liquibase.org/xml/ns/dbchangelog'
	xmlns:xsi='http://www.w3.org/2001/XMLSchema-instance'
	xsi:schemaLocation='http://www.liquibase.org/xml/ns/dbchangelog http://www.liquibase.org/xml/ns/dbchangelog/dbchangelog-2.0.xsd'>

	<changeSet author="KFS50" id="KFSMI-5253">
		<addColumn tableName="AR_INV_DOC_T">
			<column name="REPORTED_DT" type="DATE" />
		</addColumn>

		<createTable tableName="AR_CUST_BILLING_STMT_T">
			<column name="CUST_NBR" type="VARCHAR2(9)">
				<constraints primaryKey="true" primaryKeyName="AR_CUST_BILLING_STMT_TP1"/>
			</column>
			<column name="OBJ_ID" type="VARCHAR2(36)">
				<constraints unique="true" uniqueConstraintName="AR_CUST_BILLING_STMT_TC0" nullable="false"/>
			</column>
			<column name="VER_NBR" type="NUMBER(8)" defaultValueNumeric="1">
				<constraints nullable="false"/>
			</column>
			<column name="PREV_BILLED_AMT" type="NUMBER(19,2)" />
			<column name="REPORTED_DT" type="DATE" />
		</createTable>

		<modifySql dbms="mysql">
			<replace replace="VARCHAR2" with="VARCHAR" />
			<replace replace="NUMBER" with="DECIMAL" />
		</modifySql>
	</changeSet>
</databaseChangeLog>
