<?xml version="1.0" encoding="UTF-8" standalone="no"?>
<!--
    Copyright 2012 The Kuali Foundation

    Licensed under the Educational Community License, Version 2.0 (the "License");
    you may not use this file except in compliance with the License.
    You may obtain a copy of the License at

    http://www.opensource.org/licenses/ecl2.php

    Unless required by applicable law or agreed to in writing, software
    distributed under the License is distributed on an "AS IS" BASIS,
    WITHOUT WARRANTIES OR CONDITIONS OF ANY KIND, either express or implied.
    See the License for the specific language governing permissions and
    limitations under the License.
-->
<databaseChangeLog xmlns='http://www.liquibase.org/xml/ns/dbchangelog'
	xmlns:xsi='http://www.w3.org/2001/XMLSchema-instance'
	xsi:schemaLocation='http://www.liquibase.org/xml/ns/dbchangelog http://www.liquibase.org/xml/ns/dbchangelog/dbchangelog-2.0.xsd'>

<!-- 
		<comment>KFSMI-7175 We need to add a column to FP_CPTL_AST_INFO_T and CM_AST_PMT_DOC_T tables for enhancement work on KFSMI-7106</comment>
 -->

	<changeSet author="KFS50" id="KFSMI-7175_tables">
		<dropForeignKeyConstraint baseTableName="FP_CPTL_AST_INFO_DTL_T" constraintName="FP_CPTL_AST_INFO_DTL_TR1" />
		<dropPrimaryKey tableName="FP_CPTL_AST_INFO_T" />	
		<dropPrimaryKey tableName="FP_CPTL_AST_INFO_DTL_T" />

		<addColumn tableName="FP_CPTL_AST_INFO_T">
			<column name="CPTLAST_LINE_NBR" type="NUMBER(7,0)" defaultValueNumeric="1" />
			<column name="CPTLAST_LINE_QTY" type="NUMBER(7,0)" defaultValueNumeric="0" />
			<column name="CPTLAST_LINE_AMT" type="NUMBER(19,2)" defaultValue="0.00" />
			<column name="CPTLAST_ACTION_IND" type="VARCHAR2(1)" defaultValue="C" />
			<column name="CPTLAST_PROCESSED_IND" type="VARCHAR2(1)" defaultValue="N" />
			<column name="CPTLAST_DST_AMT_CD" type="VARCHAR2(1)" defaultValue="1" />
		</addColumn>
		
                <sql><![CDATA[
                    ALTER TABLE FP_CPTL_AST_INFO_T MODIFY (CPTLAST_DESC VARCHAR2(4000));		
		]]></sql>

		<addColumn tableName="FP_CPTL_AST_INFO_DTL_T">
			<column name="CPTLAST_LINE_NBR" type="NUMBER(7,0)" defaultValueNumeric="1" />
		</addColumn>

                <sql><![CDATA[
                    ALTER TABLE FP_CPTL_AST_INFO_DTL_T MODIFY (ITM_LN_NBR NUMBER(7,0));		
		]]></sql>

		<addPrimaryKey tableName="FP_CPTL_AST_INFO_T" constraintName="FP_CPTL_AST_INFO_TP1" 
					   columnNames="FDOC_NBR, CPTLAST_LINE_NBR" />

		<addPrimaryKey tableName="FP_CPTL_AST_INFO_DTL_T" constraintName="FP_CPTL_AST_INFO_DTL_TP1" 
					   columnNames="FDOC_NBR, CPTLAST_LINE_NBR, ITM_LN_NBR" />

		<createTable tableName="FP_CPTL_AST_ACCT_GRP_DTL_T">
			<column name="FDOC_NBR" type="VARCHAR2(14)">
				<constraints primaryKey="true" primaryKeyName="FP_CPTL_AST_ACCT_GRP_DTL_TP1" />
			</column>
			<column name="CPTLAST_LINE_NBR" type="NUMBER(7,0)" defaultValueNumeric="1">
				<constraints primaryKey="true" primaryKeyName="FP_CPTL_AST_ACCT_GRP_DTL_TP1" />
			</column>
			<column name="CPTLAST_ACCTLINE_NBR" type="NUMBER(7,0)" defaultValueNumeric="1">
				<constraints primaryKey="true" primaryKeyName="FP_CPTL_AST_ACCT_GRP_DTL_TP1" />
			</column>
			<column name="FDOC_LINE_NBR" type="NUMBER(7,0)" defaultValueNumeric="1">
				<constraints primaryKey="true" primaryKeyName="FP_CPTL_AST_ACCT_GRP_DTL_TP1" />
			</column>
			<column name="OBJ_ID" type="VARCHAR2(36)">
				<constraints nullable="false" unique="true" uniqueConstraintName="FP_CPTL_AST_ACCT_GRP_DTL_TC0" />
			</column>
			<column name="VER_NBR" type="NUMBER(8,0)" defaultValueNumeric="1">
				<constraints nullable="false" />
			</column>
			<column name="FDOC_LN_TYP_CD" type="VARCHAR2(1)" />
			<column name="FIN_COA_CD" type="VARCHAR2(2)" />
			<column name="ACCOUNT_NBR" type="VARCHAR2(7)" />
			<column name="FIN_OBJECT_CD" type="VARCHAR2(4)" />
			<column name="FDOC_LINE_AMT" type="NUMBER(19,2)" defaultValue="0.00" />
		</createTable>

		<modifySql dbms='mysql'>
			<replace replace='VARCHAR2' with='VARCHAR' />
			<replace replace='NUMBER' with='DECIMAL' />
		</modifySql>
	</changeSet>

	<changeSet author="KFS50" id="KSMI-6702_FDOC_POST_PRD_CD_columns">
		<comment>Add fields, create parameters, permissions, and roles for KSMI-6702 Contribution</comment>
		<addColumn tableName='FP_INT_BILL_DOC_T'>
			<column name='FDOC_POST_PRD_CD' type='VARCHAR2(2)' />
		</addColumn>
		<addColumn tableName='FP_DISTRIB_DOC_T'>
			<column name='FDOC_POST_PRD_CD' type='VARCHAR2(2)' />
		</addColumn>
		<addColumn tableName='FP_ICR_ADJ_DOC_T'>
			<column name='FDOC_POST_PRD_CD' type='VARCHAR2(2)' />
		</addColumn>
		<modifySql dbms='mysql'>
			<replace replace='VARCHAR2' with='VARCHAR' />
			<replace replace='NUMBER' with='DECIMAL' />
		</modifySql>
	</changeSet>

	<changeSet author="KFS50" id="KFS_50_FP_REVOLVFND_DTL_T">
		<comment>KFSMI-6971 Remove fdoc_column_typ_cd from remaining tables</comment>
		
		<dropTable tableName="FP_REVOLVFND_DTL_T" />

		<!-- This extra drop/recreate foreign key is here because MySQL
			 seems to link the keys and fails dropping the PK when the
			 foreign key is still present. -->
		<dropForeignKeyConstraint baseTableName="FP_ADV_DPST_DTL_T" constraintName="FP_ADV_DPST_DTL_TR1"/>		
		<dropPrimaryKey tableName="FP_ADV_DPST_DTL_T" />
		
		
		<dropColumn tableName="FP_ADV_DPST_DTL_T" columnName="FDOC_COLUMN_TYP_CD" />
		<addPrimaryKey tableName="FP_ADV_DPST_DTL_T"
			constraintName="FP_ADV_DPST_DTL_TP1" columnNames="FDOC_NBR, FDOC_TYP_CD, FDOC_LINE_NBR" />

		<addForeignKeyConstraint constraintName="FP_ADV_DPST_DTL_TR1"
				baseTableName="FP_ADV_DPST_DTL_T" baseColumnNames="FDOC_NBR"   
				referencedTableName="FP_CASH_RCPT_DOC_T" referencedColumnNames="FDOC_NBR"/>

		<dropForeignKeyConstraint baseTableName="FP_CR_CARD_DTL_T" constraintName="FP_CR_CARD_DTL_TR3"/>		
			
		<dropPrimaryKey tableName="FP_CR_CARD_DTL_T" />
		<dropColumn tableName="FP_CR_CARD_DTL_T" columnName="FDOC_COLUMN_TYP_CD" />
		<addPrimaryKey tableName="FP_CR_CARD_DTL_T"
			constraintName="FP_CR_CARD_DTL_TP1" columnNames="FDOC_NBR, FDOC_TYP_CD, FDOC_LINE_NBR" />

		<addForeignKeyConstraint constraintName="FP_CR_CARD_DTL_TR3"
				baseTableName="FP_CR_CARD_DTL_T" baseColumnNames="FDOC_NBR"   
				referencedTableName="FP_CASH_RCPT_DOC_T" referencedColumnNames="FDOC_NBR"/>
			
	</changeSet>

	<changeSet author="KFS50" id="FP_PRCRMNT_CARD_TRN_T">
		<comment>KFSMI-6720 rename FP_PRCRMNT_CARD_TRN_T to be renamed to FP_PRCRMNT_CARD_TRN_MT </comment>
		<renameTable oldTableName="FP_PRCRMNT_CARD_TRN_T" newTableName="FP_PRCRMNT_CARD_TRN_MT" />
	</changeSet>

	<changeSet author="KFS50" id='KFS_50_FP_PRCRMNT_CARD_TRN_T_SEQ_oracle' dbms="oracle">
		<comment>KFSMI-6720 rename FP_PRCRMNT_CARD_TRN_T to be renamed to FP_PRCRMNT_CARD_TRN_MT </comment>
		<sql>
			RENAME FP_PRCRMNT_CARD_TRN_T_SEQ TO FP_PRCRMNT_CARD_TRN_MT_SEQ;
		</sql>
	</changeSet>

	<changeSet author="KFS50" id='KFS_50_FP_PRCRMNT_CARD_TRN_T_SEQ_mysql' dbms="mysql">
		<comment>KFSMI-6720 rename FP_PRCRMNT_CARD_TRN_T to be renamed to FP_PRCRMNT_CARD_TRN_MT </comment>
		<renameTable oldTableName="FP_PRCRMNT_CARD_TRN_T_SEQ" newTableName="FP_PRCRMNT_CARD_TRN_MT_SEQ" />		
	</changeSet>

	<changeSet author="KFS50" id='KFS_50_FP_DEPOSIT_HDR_T'>
		<comment>KFSMI-6966 Need the ability to recategorize checks/currency/coins from CRs</comment>
		<addColumn tableName='FP_DEPOSIT_HDR_T'>
			<column name='FDOC_MSTR_100_DLR_AMT' type='NUMBER(19,2)' />
			<column name='FDOC_MSTR_50_DLR_AMT' type='NUMBER(19,2)' />
			<column name='FDOC_MSTR_20_DLR_AMT' type='NUMBER(19,2)' />
			<column name='FDOC_MSTR_10_DLR_AMT' type='NUMBER(19,2)' />
			<column name='FDOC_MSTR_5_DLR_AMT' type='NUMBER(19,2)' />
			<column name='FDOC_MSTR_2_DLR_AMT' type='NUMBER(19,2)' />
			<column name='FDOC_MSTR_1_DLR_AMT' type='NUMBER(19,2)' />
			<column name='FDOC_MSTR_OTHR_DLR_AMT' type='NUMBER(19,2)' />
			<column name='FDOC_MSTR_100_CENT_AMT' type='NUMBER(19,2)' />
			<column name='FDOC_MSTR_50_CENT_AMT' type='NUMBER(19,2)' />
			<column name='FDOC_MSTR_25_CENT_AMT' type='NUMBER(19,2)' />
			<column name='FDOC_MSTR_10_CENT_AMT' type='NUMBER(19,2)' />
			<column name='FDOC_MSTR_5_CENT_AMT' type='NUMBER(19,2)' />
			<column name='FDOC_MSTR_1_CENT_AMT' type='NUMBER(19,2)' />
			<column name='FDOC_MSTR_OTHR_CENT_AMT' type='NUMBER(19,2)' />
		</addColumn>
		<addColumn tableName='FP_COIN_DTL_T'>
			<column name='CSHR_STAT_CD' type='VARCHAR2(1)' />
		</addColumn>
		<addColumn tableName='FP_CHECK_DTL_T'>
			<column name='CSHR_STAT_CD' type='VARCHAR2(1)' />
		</addColumn>
		<addColumn tableName='FP_CURRENCY_DTL_T'>
			<column name='CSHR_STAT_CD' type='VARCHAR2(1)' />
		</addColumn>
		<update tableName='FP_CURRENCY_DTL_T'>
			<column name='CSHR_STAT_CD' value='X' />
			<where>FDOC_TYP_CD = 'CD' or FDOC_TYP_CD = 'BCS' or FDOC_TYP_CD =
				'CH'
			</where>
		</update>

		<update tableName='FP_CHECK_DTL_T'>
			<column name='CSHR_STAT_CD' value='X' />
			<where>FDOC_TYP_CD = 'CD' or FDOC_TYP_CD = 'BCS' or FDOC_TYP_CD =
				'CH'
			</where>
		</update>
		<update tableName='FP_COIN_DTL_T'>
			<column name='CSHR_STAT_CD' value='X' />
			<where>FDOC_TYP_CD = 'CD' or FDOC_TYP_CD = 'BCS' or FDOC_TYP_CD =
				'CH'
			</where>
		</update>
		<delete tableName='FP_CURRENCY_DTL_T'>
			<where>FDOC_TYP_CD = 'BCS'</where>
		</delete>
		<delete tableName='FP_CURRENCY_DTL_T'>
			<where>FDOC_TYP_CD = 'CH'</where>
		</delete>
		<delete tableName='FP_COIN_DTL_T'>
			<where>FDOC_TYP_CD = 'BCS'</where>
		</delete>
		<delete tableName='FP_COIN_DTL_T'>
			<where>FDOC_TYP_CD = 'CH'</where>
		</delete>
		<update tableName='FP_CURRENCY_DTL_T'>
			<column name='CSHR_STAT_CD' value='C' />
			<where>FDOC_TYP_CD = 'CR' and FDOC_COLUMN_TYP_CD = 'C' </where>
		</update>
		<update tableName='FP_CHECK_DTL_T'>
			<column name='CSHR_STAT_CD' value='C' />
			<where>FDOC_TYP_CD = 'CR' and FDOC_COLUMN_TYP_CD = 'C' </where>
		</update>
		<update tableName='FP_COIN_DTL_T'>
			<column name='CSHR_STAT_CD' value='C' />
			<where>FDOC_TYP_CD = 'CR' and FDOC_COLUMN_TYP_CD = 'C' </where>
		</update>
		<update tableName='FP_CURRENCY_DTL_T'>
			<column name='CSHR_STAT_CD' value='R' />
			<where>FDOC_TYP_CD = 'CR' and FDOC_COLUMN_TYP_CD = 'R' </where>
		</update>
		<update tableName='FP_CHECK_DTL_T'>
			<column name='CSHR_STAT_CD' value='R' />
			<where>FDOC_TYP_CD = 'CR' and FDOC_COLUMN_TYP_CD = 'R' </where>
		</update>
		<update tableName='FP_COIN_DTL_T'>
			<column name='CSHR_STAT_CD' value='R' />
			<where>FDOC_TYP_CD = 'CR' and FDOC_COLUMN_TYP_CD = 'R' </where>
		</update>
		<update tableName='FP_CURRENCY_DTL_T'>
			<column name='FDOC_TYP_CD' value='CMD' />
			<where>FDOC_TYP_CD = 'CM'</where>
		</update>
		<update tableName='FP_CHECK_DTL_T'>
			<column name='FDOC_TYP_CD' value='CMD' />
			<where>FDOC_TYP_CD = 'CM'</where>
		</update>
		<update tableName='FP_COIN_DTL_T'>
			<column name='FDOC_TYP_CD' value='CMD' />
			<where>FDOC_TYP_CD = 'CM'</where>
		</update>
		<update tableName='FP_CURRENCY_DTL_T'>
			<column name='CSHR_STAT_CD' value='R' />
			<where>FDOC_TYP_CD = 'CMD' and FDOC_COLUMN_TYP_CD = 'R'</where>
		</update>
		<update tableName='FP_CURRENCY_DTL_T'>
			<column name='CSHR_STAT_CD' value='D' />
			<where>FDOC_TYP_CD = 'CMD' and FDOC_COLUMN_TYP_CD = 'D'</where>
		</update>
		<update tableName='FP_CURRENCY_DTL_T'>
			<column name='CSHR_STAT_CD' value='O' />
			<where>FDOC_TYP_CD = 'CMD' and FDOC_COLUMN_TYP_CD = 'O'</where>
		</update>
		<update tableName='FP_CURRENCY_DTL_T'>
			<column name='CSHR_STAT_CD' value='M' />
			<where>FDOC_TYP_CD = 'CMD' and FDOC_COLUMN_TYP_CD = 'M'</where>
		</update>
		<update tableName='FP_CURRENCY_DTL_T'>
			<column name='CSHR_STAT_CD' value='C' />
			<where>FDOC_TYP_CD = 'CMD' and FDOC_COLUMN_TYP_CD = 'C'</where>
		</update>
		<update tableName='FP_COIN_DTL_T'>
			<column name='CSHR_STAT_CD' value='R' />
			<where>FDOC_TYP_CD = 'CMD' and FDOC_COLUMN_TYP_CD = 'R'</where>
		</update>
		<update tableName='FP_COIN_DTL_T'>
			<column name='CSHR_STAT_CD' value='D' />
			<where>FDOC_TYP_CD = 'CMD' and FDOC_COLUMN_TYP_CD = 'D'</where>
		</update>
		<update tableName='FP_COIN_DTL_T'>
			<column name='CSHR_STAT_CD' value='O' />
			<where>FDOC_TYP_CD = 'CMD' and FDOC_COLUMN_TYP_CD = 'O'</where>
		</update>
		<update tableName='FP_COIN_DTL_T'>
			<column name='CSHR_STAT_CD' value='M' />
			<where>FDOC_TYP_CD = 'CMD' and FDOC_COLUMN_TYP_CD = 'M'</where>
		</update>
		<update tableName='FP_COIN_DTL_T'>
			<column name='CSHR_STAT_CD' value='C' />
			<where>FDOC_TYP_CD = 'CMD' and FDOC_COLUMN_TYP_CD = 'C'</where>
		</update>
		<update tableName='FP_CHECK_DTL_T'>
			<column name='CSHR_STAT_CD' value='R' />
			<where>FDOC_TYP_CD = 'CMD' and FDOC_COLUMN_TYP_CD = 'I'</where>
		</update>

		<dropPrimaryKey tableName="FP_CURRENCY_DTL_T" />
		<addPrimaryKey tableName='FP_CURRENCY_DTL_T'
			constraintName='FP_CURRENCY_DTL_T_TP1' columnNames=' FDOC_NBR,  FDOC_TYP_CD, CSHR_STAT_CD ' />

		<dropPrimaryKey tableName="FP_CHECK_DTL_T" />
		<addPrimaryKey tableName='FP_CHECK_DTL_T'
			constraintName='FP_CHECK_DTL_TP1' columnNames='FDOC_NBR, FDOC_TYP_CD, CSHR_STAT_CD, FDOC_LINE_NBR' />

		<dropPrimaryKey tableName="FP_COIN_DTL_T" />
		<addPrimaryKey tableName='FP_COIN_DTL_T' constraintName='FP_COIN_DTL_T_TP1'
			columnNames=' FDOC_NBR,  FDOC_TYP_CD, CSHR_STAT_CD ' />

		<dropColumn tableName='FP_DEPOSIT_HDR_T' columnName='FDOC_REF_NBR' />
		<addColumn tableName='FP_CASH_RCPT_DOC_T'>
			<column name='FDOC_CNFRMD_CASH_AMT' type='NUMBER(19,2)' />
		</addColumn>

		<addColumn tableName='FP_CASH_RCPT_DOC_T'>
			<column name='FDOC_CNFRMD_CHCK_AMT' type='NUMBER(19,2)' />
			<column name='FDOC_CNFRMD_COIN_AMT' type='NUMBER(19,2)' />
		</addColumn>
		<dropColumn tableName="FP_CURRENCY_DTL_T" columnName="FDOC_COLUMN_TYP_CD"/>
		<dropColumn tableName="FP_COIN_DTL_T" columnName="FDOC_COLUMN_TYP_CD"/>
		<dropColumn tableName="FP_CHECK_DTL_T" columnName="FDOC_COLUMN_TYP_CD"/>

		<modifySql dbms='mysql'>
			<replace replace='VARCHAR2' with='VARCHAR' />
			<replace replace='NUMBER' with='DECIMAL' />
		</modifySql>
	</changeSet>

    <changeSet author="KFS50" id="KFSMI6285_STRUCTURE_CHANGES">
		<createTable tableName="FP_PRCRMNT_CARD_DFLT_T">
            <column name="CC_NBR" type="VARCHAR2(16)">
                <constraints primaryKey="true" primaryKeyName="FP_PRCRMNT_CARD_DFLT_TP1"/>
            </column>
            <column defaultValueNumeric="1" name="VER_NBR" type="NUMBER(8,0)">
                <constraints nullable="false"/>
            </column>
            <column name="OBJ_ID" type="VARCHAR2(36)">
                <constraints nullable="false" unique="true" uniqueConstraintName="FP_PRCRMNT_CARD_DFLT_TC0" />
            </column>
            <column name="CARD_HLDR_NM" type="VARCHAR2(123)" />
            <column name="CARD_HLDR_ALTRNT_NM" type="VARCHAR2(123)" />
            <column name="CARD_HLDR_LN1_ADDR" type="VARCHAR2(45)" />
            <column name="CARD_HLDR_LN2_ADDR" type="VARCHAR2(45)" />
            <column name="CARD_HLDR_CTY_NM" type="VARCHAR2(45)" />
            <column name="CARD_HLDR_ST_CD" type="VARCHAR2(2)" />
            <column name="CARD_HLDR_ZIP_CD" type="VARCHAR2(20)" />
            <column name="CARD_HLDR_WRK_PHN_NBR" type="VARCHAR2(10)" />
            <column name="CARD_LMT" type="NUMBER(19,2)" />
            <column name="CARD_CYCLE_AMT_LMT" type="NUMBER(19,2)" />
            <column name="CARD_CYCLE_VOL_LMT" type="NUMBER(19,2)" />
            <column name="CARD_STAT_CD" type="VARCHAR2(2)" />
            <column name="CARD_NTE_TXT" type="VARCHAR2(50)" />
            <column name="FIN_COA_CD" type="VARCHAR2(2)" />
            <column name="ACCOUNT_NBR" type="VARCHAR2(7)" />
            <column name="SUB_ACCT_NBR" type="VARCHAR2(5)" />
            <column name="FIN_OBJECT_CD" type="VARCHAR2(4)" />
            <column name="FIN_SUB_OBJ_CD" type="VARCHAR2(3)" />
            <column name="PROJECT_CD" type="VARCHAR2(10)" />
            <column name="ROW_ACTV_IND" type="VARCHAR2(1)" />
        </createTable>
		<modifySql dbms='mysql'>
			<replace replace='VARCHAR2' with='VARCHAR' />
			<replace replace='NUMBER' with='DECIMAL' />
		</modifySql>		
	</changeSet>

	<changeSet author="KFS50" id="KFSMI307_STRUCTURE_CHANGES">
		<addColumn tableName="FP_DV_DOC_T">
			<column name="IMD_PMT_IND" type="VARCHAR2(1)" defaultValue="N"/>
		</addColumn>
		<modifySql dbms='mysql'>
			<replace replace='VARCHAR2' with='VARCHAR' />
		</modifySql>		
	</changeSet>
	
	<changeSet author="KFS50" id="KFSMI4123_STRUCTURE_CHANGES">
		<addColumn tableName="FP_CASH_RCPT_DOC_T">
			<column name="FDOC_BNK_CD" type="VARCHAR2(4)"/>
		</addColumn>
		<modifySql dbms='mysql'>
			<replace replace='VARCHAR2' with='VARCHAR' />
		</modifySql>		
	</changeSet>

	<changeSet author="KFS50" id="KFSMI6965_PCDO_ACCT_LINES_DESC">
		<comment>Adds column to hold description to PCDO accounting lines</comment>
		<addColumn tableName="FP_PRCRMNT_ACCT_LINES_T">
			<column name="FDOC_LINE_DESC" type="VARCHAR2(40)" />
		</addColumn>
		<modifySql dbms='mysql'>
			<replace replace='VARCHAR2' with='VARCHAR' />
		</modifySql>		
	</changeSet>
	
	<changeSet author="KFS50" id="KFSMI7666_ACCTG_CTGRY_CD">
		<comment>Add ACCTG_CTGRY_CD to balance consolidaiton temp tables</comment>
		<addColumn tableName="FP_INTERIM2_CONS_MT">
			<column name="ACCTG_CTGRY_CD" type="VARCHAR2(2)" />
		</addColumn>
		<addColumn tableName="FP_BAL_BY_CONS_MT">
			<column name="ACCTG_CTGRY_CD" type="VARCHAR2(2)" />
		</addColumn>
		<modifySql dbms='mysql'>
			<replace replace='VARCHAR2' with='VARCHAR' />
		</modifySql>		
	</changeSet>
	
  <changeSet author="KFS50" id='KFS_50_Add_ACCTG_CTGRY_CD'>
    <comment>KFSMI-KFSMI-7873 Add ACCTG_CTGRY_CD to object/level consolidaiton temp tables</comment>
    <addColumn tableName='FP_BAL_BY_LEVEL_MT'>
      <column name='ACCTG_CTGRY_CD' type='VARCHAR2(2)' />
    </addColumn>
  
    <addColumn tableName='FP_BAL_BY_OBJ_MT'>
      <column name='ACCTG_CTGRY_CD' type='VARCHAR2(2)' />
    </addColumn>

    <createTable tableName='FP_INTERIM2_LEVEL_MT'>
      <column name='SESID' type='VARCHAR2(36)'>
        <constraints primaryKey='true' />
      </column>
      <column name='UNIV_FISCAL_YR' type='NUMBER(4,0)'>
        <constraints primaryKey='true' />
      </column>
      <column name='FIN_COA_CD' type='VARCHAR2(2)'>
        <constraints primaryKey='true' />
      </column>
      <column name='ACCOUNT_NBR' type='VARCHAR2(7)'>
        <constraints primaryKey='true' />
      </column>
      <column name='SUB_ACCT_NBR' type='VARCHAR2(5)'>
        <constraints primaryKey='true' />
      </column>
      <column name='FIN_OBJECT_CD' type='VARCHAR2(4)'>
        <constraints primaryKey='true' />
      </column>
      <column name='FIN_SUB_OBJ_CD' type='VARCHAR2(3)'>
        <constraints primaryKey='true' />
      </column>
      <column name='CURR_BDLN_BAL_AMT' type='NUMBER(19,2)'/>
      <column name='ACLN_ACTLS_BAL_AMT' type='NUMBER(19,2)'/>
      <column name='ACLN_ENCUM_BAL_AMT' type='NUMBER(19,2)'/>
      <column name='TIMESTAMP' type='date'/>
      <column name='FIN_REPORT_SORT_CD' type='VARCHAR2(2)'/>
      <column name='FIN_OBJ_LEVEL_CD' type='VARCHAR2(4)'/>
      <column name='ACCTG_CTGRY_CD' type='VARCHAR2(2)'/>
    </createTable>
    
     <createTable tableName='FP_INTERIM2_OBJ_MT'>
      <column name='SESID' type='VARCHAR2(36)'>
        <constraints primaryKey='true' />
      </column>
      <column name='UNIV_FISCAL_YR' type='NUMBER(4,0)'>
        <constraints primaryKey='true' />
      </column>
      <column name='FIN_COA_CD' type='VARCHAR2(2)'>
        <constraints primaryKey='true' />
      </column>
      <column name='ACCOUNT_NBR' type='VARCHAR2(7)'>
        <constraints primaryKey='true' />
      </column>
      <column name='SUB_ACCT_NBR' type='VARCHAR2(5)'>
        <constraints primaryKey='true' />
      </column>
      <column name='FIN_OBJECT_CD' type='VARCHAR2(4)'>
        <constraints primaryKey='true' />
      </column>
      <column name='FIN_SUB_OBJ_CD' type='VARCHAR2(3)'>
        <constraints primaryKey='true' />
      </column>
      <column name='CURR_BDLN_BAL_AMT' type='NUMBER(19,2)' />
      <column name='ACLN_ACTLS_BAL_AMT' type='NUMBER(19,2)' />
      <column name='ACLN_ENCUM_BAL_AMT' type='NUMBER(19,2)' />
      <column name='TIMESTAMP' type='date' />
      <column name='FIN_REPORT_SORT_CD' type='VARCHAR2(2)' />
      <column name='ACCTG_CTGRY_CD' type='VARCHAR2(2)' />
    </createTable>
    <modifySql dbms='mysql'>
      <replace replace='VARCHAR2' with='VARCHAR' />
      <replace replace='NUMBER' with='DECIMAL' />
    </modifySql>
  </changeSet>
  
</databaseChangeLog>
