<?xml version="1.0" encoding="UTF-8" standalone="no"?>
<!--
    Copyright 2012 The Kuali Foundation

    Licensed under the Educational Community License, Version 2.0 (the "License");
    you may not use this file except in compliance with the License.
    You may obtain a copy of the License at

    http://www.opensource.org/licenses/ecl2.php

    Unless required by applicable law or agreed to in writing, software
    distributed under the License is distributed on an "AS IS" BASIS,
    WITHOUT WARRANTIES OR CONDITIONS OF ANY KIND, either express or implied.
    See the License for the specific language governing permissions and
    limitations under the License.
-->
<databaseChangeLog xmlns='http://www.liquibase.org/xml/ns/dbchangelog'
	xmlns:xsi='http://www.w3.org/2001/XMLSchema-instance'
	xsi:schemaLocation='http://www.liquibase.org/xml/ns/dbchangelog http://www.liquibase.org/xml/ns/dbchangelog/dbchangelog-2.0.xsd'>

	<changeSet author="KFS50" id="KFS_50_Create_LD_LBR_BFT_RT_CAT_T">
		<comment>KFSMI-6987 Employee Benefit Expense Calculation</comment>
		
		<createTable tableName="LD_LBR_BFT_RT_CAT_T">
			<column name="LBR_BEN_RT_CAT_CD" type="VARCHAR2(2)">
				<constraints primaryKey="true" primaryKeyName="LD_LBR_BFT_RT_CAT_TP1" />
			</column>
			<column name="OBJ_ID" type="VARCHAR2(36)" >
				<constraints nullable="false" unique="true" uniqueConstraintName="LD_LBR_BFT_RT_CAT_TC0" />				
			</column>
			<column name="VER_NBR" type="NUMBER(8,0)" defaultValueNumeric="1">
				<constraints nullable="false" />
			</column>
			<column name="ACTV_IND" type="VARCHAR2(1)" defaultValue="Y" />
			<column name="LBR_BEN_RT_CAT_NM" type="VARCHAR2(40)"/>
		</createTable>

		<addColumn tableName="LD_LBR_OBJ_BENE_T">
			<column name="LBR_BEN_RT_CAT_CD" type="VARCHAR2(2)" />
		</addColumn>

		<addColumn tableName="LD_BENEFITS_CALC_T">
			<column name="LBR_BEN_RT_CAT_CD" type="VARCHAR2(2)" defaultValue="--" />
			<column name="OFFSET_FIN_OBJECT_CD" type="VARCHAR2(4)"/>
			<column name="OFFSET_ACCOUNT_NBR" type="VARCHAR2(7)"/>
		</addColumn>

		<modifySql dbms="mysql">
			<replace replace="VARCHAR2" with="VARCHAR" />
			<replace replace="NUMBER" with="DECIMAL" />
			<replace replace="DEFAULT Y" with="DEFAULT 'Y'" />
			<replace replace="DEFAULT N" with="DEFAULT 'N'" />
		</modifySql>
	</changeSet>

</databaseChangeLog>