<?xml version="1.0" encoding="UTF-8" standalone="no"?>
<!--
    Copyright 2012 The Kuali Foundation

    Licensed under the Educational Community License, Version 2.0 (the "License");
    you may not use this file except in compliance with the License.
    You may obtain a copy of the License at

    http://www.opensource.org/licenses/ecl2.php

    Unless required by applicable law or agreed to in writing, software
    distributed under the License is distributed on an "AS IS" BASIS,
    WITHOUT WARRANTIES OR CONDITIONS OF ANY KIND, either express or implied.
    See the License for the specific language governing permissions and
    limitations under the License.
-->
<databaseChangeLog xmlns='http://www.liquibase.org/xml/ns/dbchangelog'
	xmlns:xsi='http://www.w3.org/2001/XMLSchema-instance'
	xsi:schemaLocation='http://www.liquibase.org/xml/ns/dbchangelog http://www.liquibase.org/xml/ns/dbchangelog/dbchangelog-2.0.xsd'>
	<changeSet author="KFS50" id='PDP_PMT_GRP_T'>
		<comment>KFSMI-KFMI-7042 Modify column sizes for PDP address </comment>
                <sql><![CDATA[
                    ALTER TABLE PDP_PMT_GRP_T MODIFY (PMT_LN1_ADDR VARCHAR2(55));	
                    ALTER TABLE PDP_PMT_GRP_T MODIFY (PMT_LN2_ADDR VARCHAR2(55));	
                    ALTER TABLE PDP_PMT_GRP_T MODIFY (PMT_LN3_ADDR VARCHAR2(55));	
                    ALTER TABLE PDP_PMT_GRP_T MODIFY (PMT_LN4_ADDR VARCHAR2(55));	
                    ALTER TABLE PDP_ACH_BNK_T MODIFY (BNK_STR_ADDR VARCHAR2(45));	
		]]></sql>


		<addColumn tableName='PDP_PMT_DTL_T'>
			<column name='CUST_INST_NBR' type='VARCHAR2(30)' />
		</addColumn>
		<modifySql dbms='mysql'>
			<replace replace='VARCHAR2' with='VARCHAR' />
		</modifySql>
	</changeSet>

	
	<changeSet author="KFS50" id="KFSMI6905_ADD_ACH_ELIGIBLE_TO_PAYEE_TYPE">
		<comment>Add column to PDP's payee type table to say whether the payee type is ACH eligible or not.  Original SQL version by Ying Feng.</comment>
		<addColumn tableName="PDP_PAYEE_TYP_T">
			<column name="ACH_ELGBL_IND" type="VARCHAR2(1)" defaultValue="N"/>
		</addColumn>
		<update tableName="PDP_PAYEE_TYP_T">
			<column name="ACH_ELGBL_IND" value="Y"/>
			<where>PAYEE_TYP_CD in ('E','V', 'T')</where>
		</update>
		<modifySql dbms='mysql'>
			<replace replace='VARCHAR2' with='VARCHAR' />
		</modifySql>

	</changeSet>

</databaseChangeLog>