<?xml version="1.0" encoding="UTF-8" standalone="no"?>
<!--
    Copyright 2012 The Kuali Foundation

    Licensed under the Educational Community License, Version 2.0 (the "License");
    you may not use this file except in compliance with the License.
    You may obtain a copy of the License at

    http://www.opensource.org/licenses/ecl2.php

    Unless required by applicable law or agreed to in writing, software
    distributed under the License is distributed on an "AS IS" BASIS,
    WITHOUT WARRANTIES OR CONDITIONS OF ANY KIND, either express or implied.
    See the License for the specific language governing permissions and
    limitations under the License.
-->
<databaseChangeLog xmlns='http://www.liquibase.org/xml/ns/dbchangelog'
	xmlns:xsi='http://www.w3.org/2001/XMLSchema-instance'
	xsi:schemaLocation='http://www.liquibase.org/xml/ns/dbchangelog http://www.liquibase.org/xml/ns/dbchangelog/dbchangelog-2.0.xsd'>
	<changeSet author="KFS50" id="pur_po_itm_tot_amt_v_KFSMI-6745">
		<comment>KFSMI-6745</comment>
		<createView viewName="PUR_PO_ITM_TOT_AMT_V"
			replaceIfExists="true">
		(select fdoc_nbr, sum(
                     CASE
                     WHEN ITM_ACTV_IND = 'Y' AND ITM_ORD_QTY IS NULL THEN ITM_UNIT_PRC
                     WHEN ITM_ACTV_IND = 'Y' AND ITM_ORD_QTY IS NOT NULL THEN ITM_ORD_QTY * ITM_UNIT_PRC
                     WHEN ITM_ACTV_IND IS NULL AND ITM_ORD_QTY IS NULL THEN ITM_UNIT_PRC
                     WHEN ITM_ACTV_IND IS NULL AND ITM_ORD_QTY IS NOT NULL THEN ITM_ORD_QTY * ITM_UNIT_PRC
                     WHEN ITM_ACTV_IND ='N' THEN 0
                     ELSE 0
                       END) as TOTAL_AMOUNT
       from PUR_PO_ITM_T group by fdoc_nbr)
	</createView>
	</changeSet>
	<changeSet author="KFS50" id='KFS_50_AddColumn_DISPLAY_TO_USER_IND'>
		<comment>KFSMI-KFSMI-6486 Add a new column to PUR_PO_TRNS_MTHD_T</comment>
		<addColumn tableName='PUR_PO_TRNS_MTHD_T'>
			<column name='DISPLAY_TO_USER_IND' type='VARCHAR2(1)'
				defaultValue='Y' />
		</addColumn>
		<update tableName="PUR_PO_TRNS_MTHD_T">
			<column name="DISPLAY_TO_USER_IND" value="N" />
			<where>PO_TRNS_MTHD_CD='ELEC'</where>
		</update>
		<modifySql dbms='mysql'>
			<replace replace='VARCHAR2' with='VARCHAR' />
		</modifySql>
	</changeSet>

	<changeSet author="KFS50" id='KFSMI-6951'>
		<comment>KFSMI-6951 Need to add new columns to the existing tables</comment>
		<addColumn tableName='PUR_REQS_T'>
			<column name='ACCT_DISTR_MTD_IND' type='VARCHAR2(1)' defaultValue='P' />
		</addColumn>

		<modifyDataType tableName='PUR_REQS_ACCT_T' columnName='ACLN_PCT' newDataType='NUMBER(35,20)' />
		<addColumn tableName='PUR_REQS_ACCT_T'>
			<column name='FDOC_LINE_NBR' type='NUMBER(7,0)' />
		</addColumn>

		<addColumn tableName='PUR_PO_T'>
			<column name='ACCT_DISTR_MTD_IND' type='VARCHAR2(1)' defaultValue='P' />
		</addColumn>

		<modifyDataType tableName='PUR_PO_ACCT_T' columnName='ACLN_PCT' newDataType='NUMBER(35,20)' />
		<addColumn tableName='PUR_PO_ACCT_T'>
			<column name='FDOC_LINE_NBR' type='NUMBER(7,0)' />
		</addColumn>

		<addColumn tableName='AP_PMT_RQST_T'>
			<column name='ACCT_DISTR_MTD_IND' type='VARCHAR2(1)' defaultValue='P' />
		</addColumn>

		<addColumn tableName='AP_PMT_RQST_ACCT_T'>
			<column name='FDOC_LINE_NBR' type='NUMBER(7,0)' />
		</addColumn>

		<addColumn tableName='AP_CRDT_MEMO_T'>
			<column name='ACCT_DISTR_MTD_IND' type='VARCHAR2(1)' defaultValue='P' />
		</addColumn>

		<addColumn tableName='AP_CRDT_MEMO_ACCT_T'>
			<column name='FDOC_LINE_NBR' type='NUMBER(7,0)' />
		</addColumn>
		<modifySql dbms='mysql'>
			<replace replace='VARCHAR2' with='VARCHAR' />
			<replace replace='NUMBER' with='DECIMAL' />
		</modifySql>
	</changeSet>

	<changeSet author="KFS50" id="KFSMI-7256-1" failOnError="false"><!-- don't fail if null constraint has already been dropped -->
		<comment>Status Code column from REQ, PO, PREQ tables need to be made to accept nulls.</comment>
		<dropNotNullConstraint tableName="PUR_REQS_T"
			columnName="REQS_STAT_CD" columnDataType="VARCHAR(4)" />
	</changeSet>

	<changeSet author="KFS50" id="KFSMI-7256-2" failOnError="false"><!-- don't fail if null constraint has already been dropped -->
		<comment>Status Code column from REQ, PO, PREQ tables need to be made to accept nulls.</comment>
		<dropNotNullConstraint tableName="PUR_PO_T"
			columnName="PO_STAT_CD" columnDataType="VARCHAR(4)" />
	</changeSet>

	<changeSet author="KFS50" id="KFSMI-7256-3" failOnError="false"><!-- don't fail if null constraint has already been dropped -->
		<comment>Status Code column from REQ, PO, PREQ tables need to be made to accept nulls.</comment>
		<dropNotNullConstraint tableName="AP_PMT_RQST_T"
			columnName="PMT_RQST_STAT_CD" columnDataType="VARCHAR(4)" />
	</changeSet>

	<changeSet author="KFS50" id="KFSMI-7256-4" failOnError="false"><!-- don't fail if null constraint has already been dropped -->
		<comment>Status Code column from REQ, PO, PREQ tables need to be made to accept nulls.</comment>
		<dropNotNullConstraint tableName="AP_CRDT_MEMO_T"
			columnName="CRDT_MEMO_STAT_CD" columnDataType="VARCHAR(4)" />
	</changeSet>

	<changeSet author="KFS50" id="KFSCNTRB162_DEBARRED_VENDOR_SEQUENCE_mysql" dbms="mysql">
	  	<createTable tableName="PUR_VNDR_EXCL_MTCH_T_SEQ">
	  		<column name="ID" type="BIGINT(19)" autoIncrement="true" >
	  			<constraints primaryKey="true"/>
	  		</column>
	  	</createTable>
	  	<modifySql>
	  		<append value=" ENGINE = MyISAM AUTO_INCREMENT = 1 "/>
	  	</modifySql>
	</changeSet>

	<changeSet author="KFS50" id="KFSCNTRB162_DEBARRED_VENDOR_SEQUENCE_oracle" dbms="oracle">
		<createSequence sequenceName="PUR_VNDR_EXCL_MTCH_T_SEQ" startValue="1" incrementBy="1" minValue="1"/>
	</changeSet>
	
	<changeSet author="KFS50" id="KFSCNTRB162_DEBARRED_VENDOR_TABLES">
		<comment>Alters and creates tables as necessary for the debarred vendor tracking process.</comment>
		<addColumn tableName="PUR_REQS_T">
			<column name="VNDR_DEBRD_REAS_TXT" type="VARCHAR2(255)"/>
		</addColumn>
		<addColumn tableName="PUR_PO_T">
			<column name="VNDR_DEBRD_REAS_TXT" type="VARCHAR2(255)"/>
		</addColumn>
		<createTable tableName="PUR_VNDR_EXCL_MT">
			<column name="VNDR_EXCL_ID" type="NUMBER(10,0)">
				<constraints primaryKey="true" />
			</column>
			<column name="VNDR_EXCL_LOAD_DT" type="DATE"/>
			<column name="VNDR_EXCL_NM" type="VARCHAR2(200)"/>
			<column name="VNDR_EXCL_LN1_ADDR" type="VARCHAR2(150)"/>
			<column name="VNDR_EXCL_LN2_ADDR" type="VARCHAR2(50)"/>
			<column name="VNDR_EXCL_CTY_NM" type="VARCHAR2(50)"/>
			<column name="VNDR_EXCL_ST_CD" type="VARCHAR2(2)"/>
			<column name="VNDR_EXCL_PRVN_NM" type="VARCHAR2(20)"/>
			<column name="VNDR_EXCL_ZIP_CD" type="VARCHAR2(20)"/>
			<column name="VNDR_EXCL_OTHR_NM" type="VARCHAR2(1000)"/>
			<column name="VNDR_EXCL_DESC_TXT" type="VARCHAR2(1000)"/>
		</createTable>
		<createTable tableName="PUR_VNDR_EXCL_MTCH_T">
			<column name="VNDR_EXCL_ID" type="NUMBER(10,0)">
				<constraints primaryKey="true" primaryKeyName="PUR_VNDR_EXCL_MTCH_TP1" />
			</column>
			<column name="OBJ_ID" type="VARCHAR2(36)">
				<constraints nullable="false" unique="true" uniqueConstraintName="PUR_VNDR_EXCL_MTCH_TC0"/>
			</column>
			<column name="VER_NBR" type="NUMBER(8,0)" defaultValueNumeric="1">
				<constraints nullable="false"/>
			</column>
			<column name="VNDR_HDR_GNRTD_ID" type="NUMBER(10,0)" />
			<column name="VNDR_DTL_ASND_ID" type="NUMBER(10,0)" />
			<column name="VNDR_ADDR_GNRTD_ID" type="NUMBER(10,0)"/>
			<column name="VNDR_EXCL_CFRM_STAT_CD" type="VARCHAR2(10)"/>
			<column name="VNDR_EXCL_LOAD_DT" type="DATE"/>
			<column name="VNDR_EXCL_NM" type="VARCHAR2(200)"/>
			<column name="VNDR_EXCL_LN1_ADDR" type="VARCHAR2(150)"/>
			<column name="VNDR_EXCL_LN2_ADDR" type="VARCHAR2(50)"/>
			<column name="VNDR_EXCL_CTY_NM" type="VARCHAR2(50)"/>
			<column name="VNDR_EXCL_ST_CD" type="VARCHAR2(2)"/>
			<column name="VNDR_EXCL_PRVN_NM" type="VARCHAR2(20)"/>
			<column name="VNDR_EXCL_ZIP_CD" type="VARCHAR2(20)"/>
			<column name="VNDR_EXCL_OTHR_NM" type="VARCHAR2(1000)"/>
			<column name="VNDR_EXCL_DESC_TXT" type="VARCHAR2(1000)"/>
			<column name="LST_UPDT_TS" type="DATE"/>
			<column name="LST_UPDT_PRNCPL_NM" type="VARCHAR2(100)"/>
		</createTable>
		<modifySql dbms='mysql'>
			<replace replace='VARCHAR2' with='VARCHAR' />
			<replace replace='NUMBER' with='DECIMAL' />
		</modifySql>

	</changeSet>
	
	<changeSet author="KFS50" id="KFSCNTRB162_BILL_EMAIL_ADDR">
		<comment>Add BILL_EMAIL_ADDR</comment>
		<addColumn tableName="PUR_REQS_T">
			<column name="BILL_EMAIL_ADDR" type="VARCHAR2(100)"/>
		</addColumn>
		<addColumn tableName="PUR_PO_T">
			<column name="BILL_EMAIL_ADDR" type="VARCHAR2(100)"/>
		</addColumn>
		<addColumn tableName="PUR_BILL_ADDR_T">
			<column name="BILL_EMAIL_ADDR" type="VARCHAR2(100)"/>
		</addColumn>
		<modifySql dbms='mysql'>
			<replace replace='VARCHAR2' with='VARCHAR' />
			<replace replace='NUMBER' with='DECIMAL' />
		</modifySql>
	</changeSet>
	
	<changeSet author="KFS50" id="KFS8843_PUR_BILL_ADDR_T">
		<dropNotNullConstraint tableName="PUR_BILL_ADDR_T" columnName="BILL_PHN_NBR" columnDataType="VARCHAR2(45)" />
    	<dropNotNullConstraint tableName="PUR_REQS_T" columnName="BILL_PHN_NBR" columnDataType="VARCHAR2(20)" />
		<modifySql dbms="mysql">
			<replace replace="VARCHAR2" with="VARCHAR" />
		</modifySql>
	</changeSet>
</databaseChangeLog>
