<?xml version="1.0" encoding="UTF-8" standalone="no"?>
<!--
    Copyright 2012 The Kuali Foundation

    Licensed under the Educational Community License, Version 2.0 (the "License");
    you may not use this file except in compliance with the License.
    You may obtain a copy of the License at

    http://www.opensource.org/licenses/ecl2.php

    Unless required by applicable law or agreed to in writing, software
    distributed under the License is distributed on an "AS IS" BASIS,
    WITHOUT WARRANTIES OR CONDITIONS OF ANY KIND, either express or implied.
    See the License for the specific language governing permissions and
    limitations under the License.
-->
<databaseChangeLog xmlns="http://www.liquibase.org/xml/ns/dbchangelog"
	xmlns:xsi="http://www.w3.org/2001/XMLSchema-instance"
	xsi:schemaLocation="http://www.liquibase.org/xml/ns/dbchangelog http://www.liquibase.org/xml/ns/dbchangelog/dbchangelog-2.0.xsd">


	<changeSet author="KFS501" id="KFSMI-7530_FP_CPTL_AST_ACCT_GRP_DTL_T">
		<comment>KFSMI-7530/KFSCNTRB-871 Need these columns to complete the accounting line info passed from FP documents to CAB.</comment>
		<addColumn tableName="FP_CPTL_AST_ACCT_GRP_DTL_T">
			<column name="SUB_ACCT_NBR" type="VARCHAR2(5)" />
			<column name="FIN_SUB_OBJ_CD" type="VARCHAR2(3)" />
			<column name="PROJECT_CD" type="VARCHAR2(10)" />
			<column name="ORG_REFERENCE_ID" type="VARCHAR2(8)" />
		</addColumn>
		<modifySql dbms="mysql">
			<replace replace="VARCHAR2" with="VARCHAR" />
			<replace replace="NUMBER" with="DECIMAL" />
		</modifySql>
	</changeSet>
  
</databaseChangeLog>