<?xml version="1.0" encoding="UTF-8" standalone="no"?>
<!--
    Copyright 2010 The Kuali Foundation

    Licensed under the Educational Community License, Version 2.0 (the "License");
    you may not use this file except in compliance with the License.
    You may obtain a copy of the License at

    http://www.opensource.org/licenses/ecl2.php

    Unless required by applicable law or agreed to in writing, software
    distributed under the License is distributed on an "AS IS" BASIS,
    WITHOUT WARRANTIES OR CONDITIONS OF ANY KIND, either express or implied.
    See the License for the specific language governing permissions and
    limitations under the License.
-->
<databaseChangeLog xmlns="http://www.liquibase.org/xml/ns/dbchangelog/1.9"
	xmlns:xsi="http://www.w3.org/2001/XMLSchema-instance"
	xsi:schemaLocation="http://www.liquibase.org/xml/ns/dbchangelog/1.9 http://www.liquibase.org/xml/ns/dbchangelog/dbchangelog-1.9.xsd">

	<include file="01_structure/coa-module-structure-updates.xml"/>
	<include file="01_structure/fp-module-structure-updates.xml"/>
	<include file="01_structure/pdp-module-structure-updates.xml"/>

	<include file="01_structure/ar-module-structure-updates.xml"/>
	<include file="01_structure/cab-module-structure-updates.xml"/>
	<include file="01_structure/cam-module-structure-updates.xml"/>
	<include file="01_structure/purap-module-structure-updates_mod.xml"/>

	<!-- New table for the KC integration component. -->
	<include file="01_structure/kc-integration-structure.xml"/>

	<!-- New tables for the endowment module -->
	<include file="01_structure/endowment-schema.xml"/>

</databaseChangeLog>
	