<?xml version="1.0" encoding="UTF-8" standalone="no"?>
<databaseChangeLog xmlns='http://www.liquibase.org/xml/ns/dbchangelog'
	xmlns:xsi='http://www.w3.org/2001/XMLSchema-instance'
	xsi:schemaLocation='http://www.liquibase.org/xml/ns/dbchangelog http://www.liquibase.org/xml/ns/dbchangelog/dbchangelog-2.0.xsd'>
	
  	<changeSet author="KFS52" id="KFSCNTRB-1276 DATA">
		<comment>KFSCNTRB-1276 Updated the B2B requisition source code value to 5</comment>
		<update tableName="PUR_REQS_SRC_T">
         <column name="ALLOW_COPY_DAYS" value="5" />
         <where>REQS_SRC_CD = 'B2B'</where>
        </update>	
	</changeSet>
	
</databaseChangeLog>