<databaseChangeLog xmlns='http://www.liquibase.org/xml/ns/dbchangelog'
	xmlns:xsi='http://www.w3.org/2001/XMLSchema-instance'
	xsi:schemaLocation='http://www.liquibase.org/xml/ns/dbchangelog http://www.liquibase.org/xml/ns/dbchangelog/dbchangelog-2.0.xsd'>
	
    <changeSet author="KFS53" id="KFSCNTRB-640">
        <comment>KFSCNTRB-640 Create permission to use the lastInventoryDateUpdateButton button on Asset edit and grant to KFS-SYS Asset Processor, KFS-CAM Manager, KFS-SYS Asset Manager, KFS-SYS Plant Fund Accountant, KFS-CAM Processor</comment>
        <insert tableName="KRIM_PERM_T">
            <column name="PERM_ID" value="KFS10828" />
            <column name="OBJ_ID" value="KFS-PERM-121" />
            <column name="VER_NBR" value="1" />
            <column name="PERM_TMPL_ID" value="30" />
            <column name="NMSPC_CD" value="KFS-CAM" />
            <column name="NM" value="Perform Custom Maintenance Document Function lastInventoryDateUpdateButton" />
            <column name="DESC_TXT" value="Users who can view and click the lastInventoryDateUpdateButton." />
            <column name="ACTV_IND" value="Y" />
        </insert>

        <insert tableName="KRIM_PERM_ATTR_DATA_T">
            <column name="ATTR_DATA_ID" value="KFS10829" />
            <column name="OBJ_ID" value="KFS-PERM-ATTR-DATA-220" />
            <column name="VER_NBR" valueNumeric="1" />
            <column name="PERM_ID" value="KFS10828" />
            <column name="KIM_TYP_ID" value="13" />
            <column name="KIM_ATTR_DEFN_ID" value="3" />
            <column name="ATTR_VAL" value="lastInventoryDateUpdateButton" />
        </insert>

        <insert tableName="KRIM_ROLE_PERM_T">
            <column name="ROLE_PERM_ID" value="KFS10830" />
            <column name="OBJ_ID" value="KFS-ROLE-PERM-360" />
            <column name="VER_NBR" value="1" />
            <column name="ROLE_ID" value="34" />
            <column name="PERM_ID" value="KFS10828" />
            <column name="ACTV_IND" value="Y" />
        </insert>

        <insert tableName="KRIM_ROLE_PERM_T">
            <column name="ROLE_PERM_ID" value="KFS10831" />
            <column name="OBJ_ID" value="KFS-ROLE-PERM-361" />
            <column name="VER_NBR" value="1" />
            <column name="ROLE_ID" value="35" />
            <column name="PERM_ID" value="KFS10828" />
            <column name="ACTV_IND" value="Y" />
        </insert>

        <insert tableName="KRIM_ROLE_PERM_T">
            <column name="ROLE_PERM_ID" value="KFS10832" />
            <column name="OBJ_ID" value="KFS-ROLE-PERM-362" />
            <column name="VER_NBR" value="1" />
            <column name="ROLE_ID" value="46" />
            <column name="PERM_ID" value="KFS10828" />
            <column name="ACTV_IND" value="Y" />
        </insert>

        <insert tableName="KRIM_ROLE_PERM_T">
            <column name="ROLE_PERM_ID" value="KFS10833" />
            <column name="OBJ_ID" value="KFS-ROLE-PERM-363" />
            <column name="VER_NBR" value="1" />
            <column name="ROLE_ID" value="5" />
            <column name="PERM_ID" value="KFS10828" />
            <column name="ACTV_IND" value="Y" />
        </insert>
    </changeSet>
	
	<changeSet author="KFS53" id="KFSCNTRB-1785">
		<comment>KFSCNTRB-1785 Create Permission to allow usage of extractNow button on DV, and grant to Disbursement Manager</comment>
		
		<insert tableName="KRIM_PERM_T">
			<column name="PERM_ID" value="KFS10834" />
			<column name="OBJ_ID" value="KFSCNTRB1785-PERM1" />
			<column name="VER_NBR" valueNumeric="1" />
			<column name="PERM_TMPL_ID" valueNumeric="31" />
			<column name="NMSPC_CD" value="KFS-FP" />
			<column name="NM" value="Use Transactional Document DV extractNow" />
			<column name="DESC_TXT" value="Allows users to use the extractNow button on an approved but not yet extracted DV document. Note: If the permission is set to inactive, then no one can use the extractNow button." />
			<column name="ACTV_IND" value="Y" />
		</insert>

		<insert tableName="KRIM_PERM_ATTR_DATA_T">
			<column name="ATTR_DATA_ID" value="KFS10835" />
			<column name="OBJ_ID" value="KFS-PERM-ATTR-DATA-221" />
			<column name="VER_NBR" valueNumeric="1" />
			<column name="PERM_ID" value="KFS10834" />
			<column name="KIM_TYP_ID" valueNumeric="14" />
			<column name="KIM_ATTR_DEFN_ID" valueNumeric="13" />
			<column name="ATTR_VAL" value="DV" />
		</insert>
		
		<insert tableName="KRIM_PERM_ATTR_DATA_T">
			<column name="ATTR_DATA_ID" value="KFS10836" />
			<column name="OBJ_ID" value="KFS-PERM-ATTR-DATA-222" />
			<column name="VER_NBR" valueNumeric="1" />
			<column name="PERM_ID" value="KFS10834" />
			<column name="KIM_TYP_ID" valueNumeric="14" />
			<column name="KIM_ATTR_DEFN_ID" valueNumeric="10" />
			<column name="ATTR_VAL" value="extractNow" />
		</insert>
		
		<insert tableName="KRIM_ROLE_PERM_T">
			<column name="ROLE_PERM_ID" value="10837" />
			<column name="OBJ_ID" value="KFS-ROLE-PERM-364" />
			<column name="VER_NBR" valueNumeric="1" />
			<column name="ROLE_ID" valueNumeric="12" />
			<column name="PERM_ID" value="KFS10834" />
			<column name="ACTV_IND" value="N" />
		</insert>		
	</changeSet>	
	
	<changeSet author="KFS53" id="KFSCNTRB-1793">
		<comment>KFSCNTRB-1793 Add new responsibility Review CR ChangeRequest and assign it to CR initiator. </comment>
	
		<insert tableName="KRIM_RSP_T">
			<column name="RSP_ID" value="KFS10843" />
			<column name="OBJ_ID" value="KFS-RSP-036" />
			<column name="VER_NBR" valueNumeric="1" />
			<column name="RSP_TMPL_ID" value="1" />
			<column name="NMSPC_CD" value="KFS-FP" />
			<column name="NM" value="Review CR ChangeRequest" />
			<column name="DESC_TXT" value="The Cash Receipt initiator will receive a workflow action request after Cash Manager approval if change request was used on the Cash Receipt." />
			<column name="ACTV_IND" value="Y" />
		</insert>
		
		<insert tableName="KRIM_RSP_ATTR_DATA_T">
			<column name="ATTR_DATA_ID" value="KFS10844" />
			<column name="OBJ_ID" value="KFS-RSP-ATTR-DATA-144" />
			<column name="VER_NBR" valueNumeric="1" />
			<column name="RSP_ID" value="KFS10843" />
			<column name="KIM_TYP_ID" value="7" />
			<column name="KIM_ATTR_DEFN_ID" value="13" />	<!-- DocTypeCode -->
			<column name="ATTR_VAL" value="CR" />
		</insert>
		
		<insert tableName="KRIM_RSP_ATTR_DATA_T">
			<column name="ATTR_DATA_ID" value="KFS10845" />
			<column name="OBJ_ID" value="KFS-RSP-ATTR-DATA-145" />
			<column name="VER_NBR" valueNumeric="1" />
			<column name="RSP_ID" value="KFS10843" />
			<column name="KIM_TYP_ID" value="7" />
			<column name="KIM_ATTR_DEFN_ID" value="16" />	<!-- RouteNodeName -->
			<column name="ATTR_VAL" value="ChangeRequest" />
		</insert>
		
		<insert tableName="KRIM_RSP_ATTR_DATA_T">
			<column name="ATTR_DATA_ID" value="KFS10846" />
			<column name="OBJ_ID" value="KFS-RSP-ATTR-DATA-146" />
			<column name="VER_NBR" valueNumeric="1" />
			<column name="RSP_ID" value="KFS10843" />
			<column name="KIM_TYP_ID" value="7" />
			<column name="KIM_ATTR_DEFN_ID" value="40" />	<!-- Required true/false -->
			<column name="ATTR_VAL" value="false" /> <!-- it doesn't matter true/false here, as doc initiator always exists -->
		</insert>
		
		<insert tableName="KRIM_RSP_ATTR_DATA_T">
			<column name="ATTR_DATA_ID" value="KFS10847" />
			<column name="OBJ_ID" value="KFS-RSP-ATTR-DATA-147" />
			<column name="VER_NBR" valueNumeric="1" />
			<column name="RSP_ID" value="KFS10843" />
			<column name="KIM_TYP_ID" value="7" />
			<column name="KIM_ATTR_DEFN_ID" value="41" />	<!-- actionDetailsAtRoleMemberLevel true/false -->
			<column name="ATTR_VAL" value="false" />
		</insert>
		
		<insert tableName="KRIM_ROLE_RSP_T">
			<column name="ROLE_RSP_ID" value="KFS10848" />
			<column name="OBJ_ID" value="KFS-ROLE-RSP-036" />
			<column name="VER_NBR" valueNumeric="1" />
			<!-- Cash Receipt Initiator: We should not route to CR Initiator, because this is the role used for permission
				of who can initiate CR. What we need is THE initiator of the current CR, not any CR initiator. The proper
				role to use it KR-WKFLW Initiator, which is the generic initiator role derived per document. -->
			<column name="ROLE_ID" value="60" />	<!-- KR-WKFLW Initiator -->
			<column name="RSP_ID" value="KFS10843" />
			<column name="ACTV_IND" value="Y" />
		</insert>	
		
		<insert tableName="KRIM_ROLE_RSP_ACTN_T">
			<column name="ROLE_RSP_ACTN_ID" value="KFS10849" />
			<column name="OBJ_ID" value="KFS-RSP-ACTN-036" />
			<column name="VER_NBR" valueNumeric="1" />
			<column name="ACTN_TYP_CD" value="K" />		<!-- K: Acknowledgment -->
			<column name="PRIORITY_NBR" valueNumeric="1" />
			<column name="ACTN_PLCY_CD" value="F" />
			<column name="ROLE_MBR_ID" value="*" />		<!-- *: apply to all members -->
			<column name="ROLE_RSP_ID" value="KFS10848" />
			<!-- need to force action since otherwise workflow request won't be sent to people who already 
				 took actions on the document, and the initiator will be one of them -->
			<column name="FRC_ACTN" value="Y" /> 
		</insert>		
	</changeSet>			
   
    <changeSet id="KFSCNTRB-1794_KIM_CHANGES" author="KFS53">
        <comment> Adding the responsibility, role- responsibility mapping and action for KFSCNTRB-1794 </comment>
        <insert tableName="KRIM_RSP_T">
            <column name="RSP_ID" value="KFS10850" />
            <column name="OBJ_ID" value="KFS-RSP-037" />
            <column name="VER_NBR" valueNumeric="1" />
            <column name="RSP_TMPL_ID" value="1" />
            <column name="NMSPC_CD" value="KFS-PURAP" />
            <column name="NM" value="Review PREQ AutoApprove" />
            <column name="DESC_TXT" value="Generate a  notification to users on primary approval routing who did not previously approve a PREQ in case it is auto approved" />
            <column name="ACTV_IND" value="Y" />
        </insert>

        <insert tableName="KRIM_RSP_ATTR_DATA_T">
            <column name="ATTR_DATA_ID" value="KFS10851" />
            <column name="OBJ_ID" value="KFS-RSP-ATTR-DATA-148" />
            <column name="VER_NBR" valueNumeric="1" />
            <column name="RSP_ID" value="KFS10850" />
            <column name="KIM_TYP_ID" value="7" />
            <column name="KIM_ATTR_DEFN_ID" value="13" />
            <column name="ATTR_VAL" value="PREQ" />
        </insert>

        <insert tableName="KRIM_RSP_ATTR_DATA_T">
            <column name="ATTR_DATA_ID" value="KFS10852" />
            <column name="OBJ_ID" value="KFS-RSP-ATTR-DATA-149" />
            <column name="VER_NBR" valueNumeric="1" />
            <column name="RSP_ID" value="KFS10850" />
            <column name="KIM_TYP_ID" value="7" />
            <column name="KIM_ATTR_DEFN_ID" value="16" />
            <column name="ATTR_VAL" value="AutoApprove" />
        </insert>

        <insert tableName="KRIM_RSP_ATTR_DATA_T">
            <column name="ATTR_DATA_ID" value="KFS10853" />
            <column name="OBJ_ID" value="KFS-RSP-ATTR-DATA-150" />
            <column name="VER_NBR" valueNumeric="1" />
            <column name="RSP_ID" value="KFS10850" />
            <column name="KIM_TYP_ID" value="7" />
            <column name="KIM_ATTR_DEFN_ID" value="40" />
            <column name="ATTR_VAL" value="FALSE" />
        </insert>

        <insert tableName="KRIM_RSP_ATTR_DATA_T">
            <column name="ATTR_DATA_ID" value="KFS10854" />
            <column name="OBJ_ID" value="KFS-RSP-ATTR-DATA-151" />
            <column name="VER_NBR" valueNumeric="1" />
            <column name="RSP_ID" value="KFS10850" />
            <column name="KIM_TYP_ID" value="7" />
            <column name="KIM_ATTR_DEFN_ID" value="41" />
            <column name="ATTR_VAL" value="FALSE" />
        </insert>

        <insert tableName="KRIM_ROLE_RSP_T">
            <column name="ROLE_RSP_ID" value="KFS10855" />
            <column name="OBJ_ID" value="KFS-ROLE_RSP-037" />
            <column name="VER_NBR" valueNumeric="1" />
            <column name="ROLE_ID" value="41" /> 
            <column name="RSP_ID" value="KFS10850" />
            <column name="ACTV_IND" value="Y" />
        </insert>

        <insert tableName="KRIM_ROLE_RSP_ACTN_T">
            <column name="ROLE_RSP_ACTN_ID" value="KFS10858" />
            <column name="OBJ_ID" value="KFS-RSP-ACTN-037" />
            <column name="VER_NBR" valueNumeric="1" />
            <column name="ACTN_TYP_CD" value="F" /> 
            <column name="PRIORITY_NBR" valueNumeric="1"/>
            <column name="ACTN_PLCY_CD" value="A" />
            <column name="ROLE_MBR_ID" value="*" />
            <column name="ROLE_RSP_ID" value="KFS10855" />
            <column name="FRC_ACTN" value="N" />
        </insert>

    </changeSet>
        		
    <changeSet id="KFSCNTRB-1795_KIM_CHANGES" author="KFS53">
        <comment> Adding the responsibility, role- responsibility mapping and action for KFSCNTRB-1795 </comment>

        <insert tableName="KRIM_RSP_T">
            <column name="RSP_ID" value="KFS10861" />
            <column name="OBJ_ID" value="KFS-RSP-038" />
            <column name="VER_NBR" valueNumeric="1" />
            <column name="RSP_TMPL_ID" value="1" />
            <column name="NMSPC_CD" value="KFS-FP" />
            <column name="NM" value="Review PCDO AutoApprove" />
            <column name="DESC_TXT" value="Generate a notification to users on primary approval routing who did not previously approve a PCDO in case it is auto approved" />
            <column name="ACTV_IND" value="Y" />
        </insert>

        <insert tableName="KRIM_RSP_ATTR_DATA_T">
            <column name="ATTR_DATA_ID" value="KFS10862" />
            <column name="OBJ_ID" value="KFS-RSP-ATTR-DATA-152" />
            <column name="VER_NBR" valueNumeric="1" />
            <column name="RSP_ID" value="KFS10861" />
            <column name="KIM_TYP_ID" value="7" />
            <column name="KIM_ATTR_DEFN_ID" value="13" />
            <column name="ATTR_VAL" value="PCDO" />
        </insert>

        <insert tableName="KRIM_RSP_ATTR_DATA_T">
            <column name="ATTR_DATA_ID" value="KFS10863" />
            <column name="OBJ_ID" value="KFS-RSP-ATTR-DATA-153" />
            <column name="VER_NBR" valueNumeric="1" />
            <column name="RSP_ID" value="KFS10861" />
            <column name="KIM_TYP_ID" value="7" />
            <column name="KIM_ATTR_DEFN_ID" value="16" />
            <column name="ATTR_VAL" value="AutoApprove" />
        </insert>

        <insert tableName="KRIM_RSP_ATTR_DATA_T">
            <column name="ATTR_DATA_ID" value="KFS10864" />
            <column name="OBJ_ID" value="KFS-RSP-ATTR-DATA-154" />
            <column name="VER_NBR" valueNumeric="1" />
            <column name="RSP_ID" value="KFS10861" />
            <column name="KIM_TYP_ID" value="7" />
            <column name="KIM_ATTR_DEFN_ID" value="40" />
            <column name="ATTR_VAL" value="FALSE" />
        </insert>

        <insert tableName="KRIM_RSP_ATTR_DATA_T">
            <column name="ATTR_DATA_ID" value="KFS10865" />
            <column name="OBJ_ID" value="KFS-RSP-ATTR-DATA-155" />
            <column name="VER_NBR" valueNumeric="1" />
            <column name="RSP_ID" value="KFS10861" />
            <column name="KIM_TYP_ID" value="7" />
            <column name="KIM_ATTR_DEFN_ID" value="41" />
            <column name="ATTR_VAL" value="FALSE" />
        </insert>

        <insert tableName="KRIM_ROLE_RSP_T">
            <column name="ROLE_RSP_ID" value="KFS10866" />
            <column name="OBJ_ID" value="KFS-ROLE-RSP-038" />
            <column name="VER_NBR" valueNumeric="1" />
            <column name="ROLE_ID" value="41" /> 
            <column name="RSP_ID" value="KFS10861" />
            <column name="ACTV_IND" value="Y" />
        </insert>

        <insert tableName="KRIM_ROLE_RSP_ACTN_T">
            <column name="ROLE_RSP_ACTN_ID" value="KFS10867" />
            <column name="OBJ_ID" value="KFS-RSP-ACTN-038" />
            <column name="VER_NBR" valueNumeric="1" />
            <column name="ACTN_TYP_CD" value="F" /> 
            <column name="PRIORITY_NBR" valueNumeric="1"/>
            <column name="ACTN_PLCY_CD" value="A" />
            <column name="ROLE_MBR_ID" value="*" />
            <column name="ROLE_RSP_ID" value="KFS10866" />
            <column name="FRC_ACTN" value="N" />
        </insert>

    </changeSet>
    
</databaseChangeLog>