<databaseChangeLog xmlns='http://www.liquibase.org/xml/ns/dbchangelog'
	xmlns:xsi='http://www.w3.org/2001/XMLSchema-instance'
	xsi:schemaLocation='http://www.liquibase.org/xml/ns/dbchangelog http://www.liquibase.org/xml/ns/dbchangelog/dbchangelog-2.0.xsd'>
	
	<changeSet author="KFSTEM" id="KFSMI-10508">
		<insert tableName="TEM_ACCOMM_TYP_T">
			<column name="CODE" value="APTS"/>
			<column name="NM" value="Apartment"/>
			<column name="ACTV_IND" value="Y"/>
			<column name="VER_NBR" valueNumeric="1"/>
			<column name="OBJ_ID" valueComputed="SYS_GUID()"/>
		</insert>
		<insert tableName="TEM_ACCOMM_TYP_T">
			<column name="CODE" value="BARR"/>
			<column name="NM" value="Barracks"/>
			<column name="ACTV_IND" value="Y"/>
			<column name="VER_NBR" valueNumeric="1"/>
			<column name="OBJ_ID" valueComputed="SYS_GUID()"/>
		</insert>
		<insert tableName="TEM_ACCOMM_TYP_T">
			<column name="CODE" value="CAMP"/>
			<column name="NM" value="Camping"/>
			<column name="ACTV_IND" value="Y"/>
			<column name="VER_NBR" valueNumeric="1"/>
			<column name="OBJ_ID" valueComputed="SYS_GUID()"/>
		</insert>
		<insert tableName="TEM_ACCOMM_TYP_T">
			<column name="CODE" value="DORM"/>
			<column name="NM" value="Dormitory"/>
			<column name="ACTV_IND" value="Y"/>
			<column name="VER_NBR" valueNumeric="1"/>
			<column name="OBJ_ID" valueComputed="SYS_GUID()"/>
		</insert>
		<insert tableName="TEM_ACCOMM_TYP_T">
			<column name="CODE" value="HOTL"/>
			<column name="NM" value="Hotel"/>
			<column name="ACTV_IND" value="Y"/>
			<column name="VER_NBR" valueNumeric="1"/>
			<column name="OBJ_ID" valueComputed="SYS_GUID()"/>
		</insert>
		<insert tableName="TEM_ACCOMM_TYP_T">
			<column name="CODE" value="HOUS"/>
			<column name="NM" value="House"/>
			<column name="ACTV_IND" value="Y"/>
			<column name="VER_NBR" valueNumeric="1"/>
			<column name="OBJ_ID" valueComputed="SYS_GUID()"/>
		</insert>
		<insert tableName="TEM_ACCOMM_TYP_T">
			<column name="CODE" value="MOTL"/>
			<column name="NM" value="Motel"/>
			<column name="ACTV_IND" value="Y"/>
			<column name="VER_NBR" valueNumeric="1"/>
			<column name="OBJ_ID" valueComputed="SYS_GUID()"/>
		</insert>
		<insert tableName="TEM_ACCOMM_TYP_T">
			<column name="CODE" value="OTHR"/>
			<column name="NM" value="Other"/>
			<column name="ACTV_IND" value="Y"/>
			<column name="VER_NBR" valueNumeric="1"/>
			<column name="OBJ_ID" valueComputed="SYS_GUID()"/>
		</insert>
		<insert tableName="TEM_ACCOMM_TYP_T">
			<column name="CODE" value="UNKN"/>
			<column name="NM" value="Unknown"/>
			<column name="ACTV_IND" value="Y"/>
			<column name="VER_NBR" valueNumeric="1"/>
			<column name="OBJ_ID" valueComputed="SYS_GUID()"/>
		</insert>
		<insert tableName="TEM_CLASS_SVC_T">
			<column name="CODE" value="BUSINS"/>
			<column name="EXP_TYP_META_CTGRY_CD" value="A"/>
			<column name="CLASS_SVC_NAME" value="Business-First Class"/>
			<column name="APRVL_REQ_IND" value="Y"/>
			<column name="ACTV_IND" value="Y"/>
			<column name="VER_NBR" valueNumeric="1"/>
			<column name="OBJ_ID" valueComputed="SYS_GUID()"/>
		</insert>
		<insert tableName="TEM_CLASS_SVC_T">
			<column name="CODE" value="COACH"/>
			<column name="EXP_TYP_META_CTGRY_CD" value="A"/>
			<column name="CLASS_SVC_NAME" value="Coach-Economy"/>
			<column name="APRVL_REQ_IND" value="N"/>
			<column name="ACTV_IND" value="Y"/>
			<column name="VER_NBR" valueNumeric="1"/>
			<column name="OBJ_ID" valueComputed="SYS_GUID()"/>
		</insert>
		<insert tableName="TEM_CLASS_SVC_T">
			<column name="CODE" value="ECNPLUS"/>
			<column name="EXP_TYP_META_CTGRY_CD" value="A"/>
			<column name="CLASS_SVC_NAME" value="Economy Plus"/>
			<column name="APRVL_REQ_IND" value="Y"/>
			<column name="ACTV_IND" value="Y"/>
			<column name="VER_NBR" valueNumeric="1"/>
			<column name="OBJ_ID" valueComputed="SYS_GUID()"/>
		</insert>
		<insert tableName="TEM_CLASS_SVC_T">
			<column name="CODE" value="PBUSINS"/>
			<column name="EXP_TYP_META_CTGRY_CD" value="A"/>
			<column name="CLASS_SVC_NAME" value="Business-First Class"/>
			<column name="APRVL_REQ_IND" value="Y"/>
			<column name="ACTV_IND" value="Y"/>
			<column name="VER_NBR" valueNumeric="1"/>
			<column name="OBJ_ID" valueComputed="SYS_GUID()"/>
		</insert>
		<insert tableName="TEM_CLASS_SVC_T">
			<column name="CODE" value="PCOACH"/>
			<column name="EXP_TYP_META_CTGRY_CD" value="A"/>
			<column name="CLASS_SVC_NAME" value="Coach-Economy"/>
			<column name="APRVL_REQ_IND" value="N"/>
			<column name="ACTV_IND" value="Y"/>
			<column name="VER_NBR" valueNumeric="1"/>
			<column name="OBJ_ID" valueComputed="SYS_GUID()"/>
		</insert>
		<insert tableName="TEM_CLASS_SVC_T">
			<column name="CODE" value="PECNPLUS"/>
			<column name="EXP_TYP_META_CTGRY_CD" value="A"/>
			<column name="CLASS_SVC_NAME" value="Economy Plus"/>
			<column name="APRVL_REQ_IND" value="Y"/>
			<column name="ACTV_IND" value="Y"/>
			<column name="VER_NBR" valueNumeric="1"/>
			<column name="OBJ_ID" valueComputed="SYS_GUID()"/>
		</insert>
		<insert tableName="TEM_CLASS_SVC_T">
			<column name="CODE" value="ECONMY"/>
			<column name="EXP_TYP_META_CTGRY_CD" value="R"/>
			<column name="CLASS_SVC_NAME" value="Economy, Intermediate"/>
			<column name="APRVL_REQ_IND" value="N"/>
			<column name="ACTV_IND" value="Y"/>
			<column name="VER_NBR" valueNumeric="1"/>
			<column name="OBJ_ID" valueComputed="SYS_GUID()"/>
		</insert>
		<insert tableName="TEM_CLASS_SVC_T">
			<column name="CODE" value="GPS"/>
			<column name="EXP_TYP_META_CTGRY_CD" value="R"/>
			<column name="CLASS_SVC_NAME" value="GPS"/>
			<column name="APRVL_REQ_IND" value="Y"/>
			<column name="ACTV_IND" value="N"/>
			<column name="VER_NBR" valueNumeric="1"/>
			<column name="OBJ_ID" valueComputed="SYS_GUID()"/>
		</insert>
		<insert tableName="TEM_CLASS_SVC_T">
			<column name="CODE" value="PRIVLIMO"/>
			<column name="EXP_TYP_META_CTGRY_CD" value="R"/>
			<column name="CLASS_SVC_NAME" value="Private Limo"/>
			<column name="APRVL_REQ_IND" value="Y"/>
			<column name="ACTV_IND" value="Y"/>
			<column name="VER_NBR" valueNumeric="1"/>
			<column name="OBJ_ID" valueComputed="SYS_GUID()"/>
		</insert>
		<insert tableName="TEM_CLASS_SVC_T">
			<column name="CODE" value="SHRRIDE"/>
			<column name="EXP_TYP_META_CTGRY_CD" value="R"/>
			<column name="CLASS_SVC_NAME" value="Shared Ride"/>
			<column name="APRVL_REQ_IND" value="N"/>
			<column name="ACTV_IND" value="Y"/>
			<column name="VER_NBR" valueNumeric="1"/>
			<column name="OBJ_ID" valueComputed="SYS_GUID()"/>
		</insert>
		<insert tableName="TEM_CLASS_SVC_T">
			<column name="CODE" value="UPGRDE"/>
			<column name="EXP_TYP_META_CTGRY_CD" value="R"/>
			<column name="CLASS_SVC_NAME" value="Upgrade (Mid-Size, Van, Other)"/>
			<column name="APRVL_REQ_IND" value="Y"/>
			<column name="ACTV_IND" value="Y"/>
			<column name="VER_NBR" valueNumeric="1"/>
			<column name="OBJ_ID" valueComputed="SYS_GUID()"/>
		</insert>
		<insert tableName="TEM_CONT_REL_TYP_T">
			<column name="CODE" value="CWK"/>
			<column name="NM" value="Co-worker"/>
			<column name="ACTV_IND" value="Y"/>
			<column name="VER_NBR" valueNumeric="1"/>
			<column name="OBJ_ID" valueComputed="SYS_GUID()"/>
		</insert>
		<insert tableName="TEM_CONT_REL_TYP_T">
			<column name="CODE" value="FRD"/>
			<column name="NM" value="Friend"/>
			<column name="ACTV_IND" value="Y"/>
			<column name="VER_NBR" valueNumeric="1"/>
			<column name="OBJ_ID" valueComputed="SYS_GUID()"/>
		</insert>
		<insert tableName="TEM_CONT_REL_TYP_T">
			<column name="CODE" value="GRP"/>
			<column name="NM" value="Grandparent"/>
			<column name="ACTV_IND" value="Y"/>
			<column name="VER_NBR" valueNumeric="1"/>
			<column name="OBJ_ID" valueComputed="SYS_GUID()"/>
		</insert>
		<insert tableName="TEM_CONT_REL_TYP_T">
			<column name="CODE" value="NON"/>
			<column name="NM" value="None"/>
			<column name="ACTV_IND" value="Y"/>
			<column name="VER_NBR" valueNumeric="1"/>
			<column name="OBJ_ID" valueComputed="SYS_GUID()"/>
		</insert>
		<insert tableName="TEM_CONT_REL_TYP_T">
			<column name="CODE" value="OTH"/>
			<column name="NM" value="Other"/>
			<column name="ACTV_IND" value="Y"/>
			<column name="VER_NBR" valueNumeric="1"/>
			<column name="OBJ_ID" valueComputed="SYS_GUID()"/>
		</insert>
		<insert tableName="TEM_CONT_REL_TYP_T">
			<column name="CODE" value="PAR"/>
			<column name="NM" value="Partner"/>
			<column name="ACTV_IND" value="Y"/>
			<column name="VER_NBR" valueNumeric="1"/>
			<column name="OBJ_ID" valueComputed="SYS_GUID()"/>
		</insert>
		<insert tableName="TEM_CONT_REL_TYP_T">
			<column name="CODE" value="PRN"/>
			<column name="NM" value="Parent"/>
			<column name="ACTV_IND" value="Y"/>
			<column name="VER_NBR" valueNumeric="1"/>
			<column name="OBJ_ID" valueComputed="SYS_GUID()"/>
		</insert>
		<insert tableName="TEM_CONT_REL_TYP_T">
			<column name="CODE" value="REL"/>
			<column name="NM" value="Relative"/>
			<column name="ACTV_IND" value="Y"/>
			<column name="VER_NBR" valueNumeric="1"/>
			<column name="OBJ_ID" valueComputed="SYS_GUID()"/>
		</insert>
		<insert tableName="TEM_CONT_REL_TYP_T">
			<column name="CODE" value="SBL"/>
			<column name="NM" value="Sibling"/>
			<column name="ACTV_IND" value="Y"/>
			<column name="VER_NBR" valueNumeric="1"/>
			<column name="OBJ_ID" valueComputed="SYS_GUID()"/>
		</insert>
		<insert tableName="TEM_CONT_REL_TYP_T">
			<column name="CODE" value="SPS"/>
			<column name="NM" value="Spouse"/>
			<column name="ACTV_IND" value="Y"/>
			<column name="VER_NBR" valueNumeric="1"/>
			<column name="OBJ_ID" valueComputed="SYS_GUID()"/>
		</insert>
		<insert tableName="TEM_EXP_TYP_T">
			<column name="EXP_TYP_CD" value="A"/>
			<column name="OBJ_ID" valueComputed="SYS_GUID()"/>
			<column name="VER_NBR" valueNumeric="1"/>
			<column name="EXP_TYP_NM" value="Airfare"/>
			<column name="GRP_TRVL_IND" value="N"/>
			<column name="EXP_DETAIL_REQ_IND" value="Y"/>
			<column name="EXP_PRPY_IND" value="N"/>
			<column name="EXP_TYP_META_CTGRY_CD" value="A"/>
			<column name="CTGRY_DFLT_IND" value="Y"/>
			<column name="HOSTED_IND" value="N"/>
			<column name="ACTV_IND" value="Y"/>
		</insert>
		<insert tableName="TEM_EXP_TYP_T">
			<column name="EXP_TYP_CD" value="AL"/>
			<column name="OBJ_ID" valueComputed="SYS_GUID()"/>
			<column name="VER_NBR" valueNumeric="1"/>
			<column name="EXP_TYP_NM" value="Alcohol"/>
			<column name="GRP_TRVL_IND" value="N"/>
			<column name="EXP_DETAIL_REQ_IND" value="N"/>
			<column name="EXP_PRPY_IND" value="N"/>
			<column name="CTGRY_DFLT_IND" value="N"/>
			<column name="HOSTED_IND" value="N"/>
			<column name="ACTV_IND" value="Y"/>
		</insert>
		<insert tableName="TEM_EXP_TYP_T">
			<column name="EXP_TYP_CD" value="B"/>
			<column name="OBJ_ID" valueComputed="SYS_GUID()"/>
			<column name="VER_NBR" valueNumeric="1"/>
			<column name="EXP_TYP_NM" value="Breakfast"/>
			<column name="GRP_TRVL_IND" value="N"/>
			<column name="EXP_DETAIL_REQ_IND" value="N"/>
			<column name="EXP_PRPY_IND" value="N"/>
			<column name="HOSTED_IND" value="N"/>
			<column name="EXP_TYP_META_CTGRY_CD" value="B"/>
			<column name="CTGRY_DFLT_IND" value="Y"/>
			<column name="ACTV_IND" value="Y"/>
		</insert>
		<insert tableName="TEM_EXP_TYP_T">
			<column name="EXP_TYP_CD" value="C"/>
			<column name="OBJ_ID" valueComputed="SYS_GUID()"/>
			<column name="VER_NBR" valueNumeric="1"/>
			<column name="EXP_TYP_NM" value="Conference Registration"/>
			<column name="GRP_TRVL_IND" value="N"/>
			<column name="EXP_DETAIL_REQ_IND" value="N"/>
			<column name="EXP_PRPY_IND" value="N"/>
			<column name="CTGRY_DFLT_IND" value="N"/>
			<column name="HOSTED_IND" value="N"/>
			<column name="ACTV_IND" value="Y"/>
		</insert>
		<insert tableName="TEM_EXP_TYP_T">
			<column name="EXP_TYP_CD" value="D"/>
			<column name="OBJ_ID" valueComputed="SYS_GUID()"/>
			<column name="VER_NBR" valueNumeric="1"/>
			<column name="EXP_TYP_NM" value="Dinner"/>
			<column name="GRP_TRVL_IND" value="N"/>
			<column name="EXP_DETAIL_REQ_IND" value="N"/>
			<column name="EXP_PRPY_IND" value="N"/>
			<column name="HOSTED_IND" value="N"/>
			<column name="EXP_TYP_META_CTGRY_CD" value="D"/>
			<column name="CTGRY_DFLT_IND" value="Y"/>
			<column name="ACTV_IND" value="Y"/>
		</insert>
		<insert tableName="TEM_EXP_TYP_T">
			<column name="EXP_TYP_CD" value="EL"/>
			<column name="OBJ_ID" valueComputed="SYS_GUID()"/>
			<column name="VER_NBR" valueNumeric="1"/>
			<column name="EXP_TYP_NM" value="Light Refreshments"/>
			<column name="GRP_TRVL_IND" value="N"/>
			<column name="EXP_DETAIL_REQ_IND" value="N"/>
			<column name="EXP_PRPY_IND" value="N"/>
			<column name="HOSTED_IND" value="N"/>
			<column name="EXP_TYP_META_CTGRY_CD" value="I"/>
			<column name="CTGRY_DFLT_IND" value="N"/>
			<column name="ACTV_IND" value="Y"/>
		</insert>
		<insert tableName="TEM_EXP_TYP_T">
			<column name="EXP_TYP_CD" value="GA"/>
			<column name="OBJ_ID" valueComputed="SYS_GUID()"/>
			<column name="VER_NBR" valueNumeric="1"/>
			<column name="EXP_TYP_NM" value="Group Airfare"/>
			<column name="GRP_TRVL_IND" value="Y"/>
			<column name="EXP_DETAIL_REQ_IND" value="Y"/>
			<column name="EXP_PRPY_IND" value="N"/>
			<column name="HOSTED_IND" value="N"/>
			<column name="EXP_TYP_META_CTGRY_CD" value="A"/>
			<column name="CTGRY_DFLT_IND" value="N"/>
			<column name="ACTV_IND" value="Y"/>
		</insert>
		<insert tableName="TEM_EXP_TYP_T">
			<column name="EXP_TYP_CD" value="GB"/>
			<column name="OBJ_ID" valueComputed="SYS_GUID()"/>
			<column name="VER_NBR" valueNumeric="1"/>
			<column name="EXP_TYP_NM" value="Group Breakfast"/>
			<column name="GRP_TRVL_IND" value="Y"/>
			<column name="EXP_DETAIL_REQ_IND" value="N"/>
			<column name="EXP_PRPY_IND" value="N"/>
			<column name="HOSTED_IND" value="N"/>
			<column name="EXP_TYP_META_CTGRY_CD" value="B"/>
			<column name="CTGRY_DFLT_IND" value="N"/>
			<column name="ACTV_IND" value="Y"/>
		</insert>
		<insert tableName="TEM_EXP_TYP_T">
			<column name="EXP_TYP_CD" value="GD"/>
			<column name="OBJ_ID" valueComputed="SYS_GUID()"/>
			<column name="VER_NBR" valueNumeric="1"/>
			<column name="EXP_TYP_NM" value="Group Dinner"/>
			<column name="GRP_TRVL_IND" value="Y"/>
			<column name="EXP_DETAIL_REQ_IND" value="N"/>
			<column name="EXP_PRPY_IND" value="N"/>
			<column name="HOSTED_IND" value="N"/>
			<column name="EXP_TYP_META_CTGRY_CD" value="D"/>
			<column name="CTGRY_DFLT_IND" value="N"/>
			<column name="ACTV_IND" value="Y"/>
		</insert>
		<insert tableName="TEM_EXP_TYP_T">
			<column name="EXP_TYP_CD" value="GL"/>
			<column name="OBJ_ID" valueComputed="SYS_GUID()"/>
			<column name="VER_NBR" valueNumeric="1"/>
			<column name="EXP_TYP_NM" value="Group Lodging"/>
			<column name="GRP_TRVL_IND" value="Y"/>
			<column name="EXP_DETAIL_REQ_IND" value="N"/>
			<column name="EXP_PRPY_IND" value="N"/>
			<column name="HOSTED_IND" value="N"/>
			<column name="EXP_TYP_META_CTGRY_CD" value="L"/>
			<column name="CTGRY_DFLT_IND" value="N"/>
			<column name="ACTV_IND" value="Y"/>
		</insert>
		<insert tableName="TEM_EXP_TYP_T">
			<column name="EXP_TYP_CD" value="GN"/>
			<column name="OBJ_ID" valueComputed="SYS_GUID()"/>
			<column name="VER_NBR" valueNumeric="1"/>
			<column name="EXP_TYP_NM" value="Group Lunch"/>
			<column name="GRP_TRVL_IND" value="Y"/>
			<column name="EXP_DETAIL_REQ_IND" value="N"/>
			<column name="EXP_PRPY_IND" value="N"/>
			<column name="HOSTED_IND" value="N"/>
			<column name="EXP_TYP_META_CTGRY_CD" value="J"/>
			<column name="CTGRY_DFLT_IND" value="N"/>
			<column name="ACTV_IND" value="Y"/>
		</insert>
		<insert tableName="TEM_EXP_TYP_T">
			<column name="EXP_TYP_CD" value="GO"/>
			<column name="OBJ_ID" valueComputed="SYS_GUID()"/>
			<column name="VER_NBR" valueNumeric="1"/>
			<column name="EXP_TYP_NM" value="Group Other"/>
			<column name="GRP_TRVL_IND" value="Y"/>
			<column name="EXP_DETAIL_REQ_IND" value="N"/>
			<column name="EXP_PRPY_IND" value="N"/>
			<column name="CTGRY_DFLT_IND" value="N"/>
			<column name="HOSTED_IND" value="N"/>
			<column name="ACTV_IND" value="Y"/>
		</insert>
		<insert tableName="TEM_EXP_TYP_T">
			<column name="EXP_TYP_CD" value="GR"/>
			<column name="OBJ_ID" valueComputed="SYS_GUID()"/>
			<column name="VER_NBR" valueNumeric="1"/>
			<column name="EXP_TYP_NM" value="Group Automobile Rental"/>
			<column name="GRP_TRVL_IND" value="Y"/>
			<column name="EXP_DETAIL_REQ_IND" value="Y"/>
			<column name="EXP_PRPY_IND" value="N"/>
			<column name="EXP_TYP_META_CTGRY_CD" value="R"/>
			<column name="CTGRY_DFLT_IND" value="N"/>
			<column name="HOSTED_IND" value="N"/>
			<column name="ACTV_IND" value="Y"/>
		</insert>
		<insert tableName="TEM_EXP_TYP_T">
			<column name="EXP_TYP_CD" value="GS"/>
			<column name="OBJ_ID" valueComputed="SYS_GUID()"/>
			<column name="VER_NBR" valueNumeric="1"/>
			<column name="EXP_TYP_NM" value="Group Show Tickets"/>
			<column name="GRP_TRVL_IND" value="Y"/>
			<column name="EXP_DETAIL_REQ_IND" value="N"/>
			<column name="EXP_PRPY_IND" value="N"/>
			<column name="CTGRY_DFLT_IND" value="N"/>
			<column name="HOSTED_IND" value="N"/>
			<column name="ACTV_IND" value="Y"/>
		</insert>
		<insert tableName="TEM_EXP_TYP_T">
			<column name="EXP_TYP_CD" value="HB"/>
			<column name="OBJ_ID" valueComputed="SYS_GUID()"/>
			<column name="VER_NBR" valueNumeric="1"/>
			<column name="EXP_TYP_NM" value="Hosted Breakfast"/>
			<column name="GRP_TRVL_IND" value="Y"/>
			<column name="EXP_DETAIL_REQ_IND" value="N"/>
			<column name="EXP_PRPY_IND" value="N"/>
			<column name="HOSTED_IND" value="Y"/>
			<column name="EXP_TYP_META_CTGRY_CD" value="B"/>
			<column name="CTGRY_DFLT_IND" value="N"/>
			<column name="ACTV_IND" value="Y"/>
		</insert>
		<insert tableName="TEM_EXP_TYP_T">
			<column name="EXP_TYP_CD" value="HL"/>
			<column name="OBJ_ID" valueComputed="SYS_GUID()"/>
			<column name="VER_NBR" valueNumeric="1"/>
			<column name="EXP_TYP_NM" value="Hosted Lunch"/>
			<column name="GRP_TRVL_IND" value="Y"/>
			<column name="EXP_DETAIL_REQ_IND" value="N"/>
			<column name="EXP_PRPY_IND" value="N"/>
			<column name="HOSTED_IND" value="Y"/>
			<column name="EXP_TYP_META_CTGRY_CD" value="L"/>
			<column name="CTGRY_DFLT_IND" value="N"/>
			<column name="ACTV_IND" value="Y"/>
		</insert>
		<insert tableName="TEM_EXP_TYP_T">
			<column name="EXP_TYP_CD" value="HD"/>
			<column name="OBJ_ID" valueComputed="SYS_GUID()"/>
			<column name="VER_NBR" valueNumeric="1"/>
			<column name="EXP_TYP_NM" value="Hosted Dinner"/>
			<column name="GRP_TRVL_IND" value="Y"/>
			<column name="EXP_DETAIL_REQ_IND" value="N"/>
			<column name="EXP_PRPY_IND" value="N"/>
			<column name="HOSTED_IND" value="Y"/>
			<column name="EXP_TYP_META_CTGRY_CD" value="D"/>
			<column name="CTGRY_DFLT_IND" value="N"/>
			<column name="ACTV_IND" value="Y"/>
		</insert>
		<insert tableName="TEM_EXP_TYP_T">
			<column name="EXP_TYP_CD" value="L"/>
			<column name="OBJ_ID" valueComputed="SYS_GUID()"/>
			<column name="VER_NBR" valueNumeric="1"/>
			<column name="EXP_TYP_NM" value="Lodging"/>
			<column name="GRP_TRVL_IND" value="N"/>
			<column name="EXP_DETAIL_REQ_IND" value="N"/>
			<column name="EXP_PRPY_IND" value="N"/>
			<column name="HOSTED_IND" value="N"/>
			<column name="EXP_TYP_META_CTGRY_CD" value="L"/>
			<column name="CTGRY_DFLT_IND" value="Y"/>
			<column name="ACTV_IND" value="Y"/>
		</insert>
		<insert tableName="TEM_EXP_TYP_T">
			<column name="EXP_TYP_CD" value="LN"/>
			<column name="OBJ_ID" valueComputed="SYS_GUID()"/>
			<column name="VER_NBR" valueNumeric="1"/>
			<column name="EXP_TYP_NM" value="Lunch"/>
			<column name="GRP_TRVL_IND" value="N"/>
			<column name="EXP_DETAIL_REQ_IND" value="N"/>
			<column name="EXP_PRPY_IND" value="N"/>
			<column name="HOSTED_IND" value="N"/>
			<column name="EXP_TYP_META_CTGRY_CD" value="J"/>
			<column name="CTGRY_DFLT_IND" value="Y"/>
			<column name="ACTV_IND" value="Y"/>
		</insert>
		<insert tableName="TEM_EXP_TYP_T">
			<column name="EXP_TYP_CD" value="MD"/>
			<column name="OBJ_ID" valueComputed="SYS_GUID()"/>
			<column name="VER_NBR" valueNumeric="1"/>
			<column name="EXP_TYP_NM" value="Domestic storage over 30d"/>
			<column name="GRP_TRVL_IND" value="N"/>
			<column name="EXP_DETAIL_REQ_IND" value="N"/>
			<column name="EXP_PRPY_IND" value="N"/>
			<column name="CTGRY_DFLT_IND" value="N"/>
			<column name="HOSTED_IND" value="N"/>
			<column name="ACTV_IND" value="Y"/>
		</insert>
		<insert tableName="TEM_EXP_TYP_T">
			<column name="EXP_TYP_CD" value="MH"/>
			<column name="OBJ_ID" valueComputed="SYS_GUID()"/>
			<column name="VER_NBR" valueNumeric="1"/>
			<column name="EXP_TYP_NM" value="House hunting costs"/>
			<column name="GRP_TRVL_IND" value="N"/>
			<column name="EXP_DETAIL_REQ_IND" value="N"/>
			<column name="EXP_PRPY_IND" value="N"/>
			<column name="CTGRY_DFLT_IND" value="N"/>
			<column name="HOSTED_IND" value="N"/>
			<column name="ACTV_IND" value="Y"/>
		</insert>
		<insert tableName="TEM_EXP_TYP_T">
			<column name="EXP_TYP_CD" value="MI"/>
			<column name="OBJ_ID" valueComputed="SYS_GUID()"/>
			<column name="VER_NBR" valueNumeric="1"/>
			<column name="EXP_TYP_NM" value="International storage"/>
			<column name="GRP_TRVL_IND" value="N"/>
			<column name="EXP_DETAIL_REQ_IND" value="N"/>
			<column name="EXP_PRPY_IND" value="N"/>
			<column name="CTGRY_DFLT_IND" value="N"/>
			<column name="HOSTED_IND" value="N"/>
			<column name="ACTV_IND" value="Y"/>
		</insert>
		<insert tableName="TEM_EXP_TYP_T">
			<column name="EXP_TYP_CD" value="ML"/>
			<column name="OBJ_ID" valueComputed="SYS_GUID()"/>
			<column name="VER_NBR" valueNumeric="1"/>
			<column name="EXP_TYP_NM" value="Living Allowance"/>
			<column name="GRP_TRVL_IND" value="N"/>
			<column name="EXP_DETAIL_REQ_IND" value="N"/>
			<column name="EXP_PRPY_IND" value="N"/>
			<column name="CTGRY_DFLT_IND" value="N"/>
			<column name="HOSTED_IND" value="N"/>
			<column name="ACTV_IND" value="Y"/>
		</insert>
		<insert tableName="TEM_EXP_TYP_T">
			<column name="EXP_TYP_CD" value="MA"/>
			<column name="OBJ_ID" valueComputed="SYS_GUID()"/>
			<column name="VER_NBR" valueNumeric="1"/>
			<column name="EXP_TYP_NM" value="Mileage - Aircraft"/>
			<column name="GRP_TRVL_IND" value="N"/>
			<column name="EXP_DETAIL_REQ_IND" value="N"/>
			<column name="EXP_PRPY_IND" value="N"/>
			<column name="EXP_TYP_META_CTGRY_CD" value="M"/>
			<column name="CTGRY_DFLT_IND" value="N"/>
			<column name="HOSTED_IND" value="N"/>
			<column name="ACTV_IND" value="Y"/>
		</insert>
		<insert tableName="TEM_EXP_TYP_T">
			<column name="EXP_TYP_CD" value="MM"/>
			<column name="OBJ_ID" valueComputed="SYS_GUID()"/>
			<column name="VER_NBR" valueNumeric="1"/>
			<column name="EXP_TYP_NM" value="Mileage - Motorcyle"/>
			<column name="GRP_TRVL_IND" value="N"/>
			<column name="EXP_DETAIL_REQ_IND" value="N"/>
			<column name="EXP_PRPY_IND" value="N"/>
			<column name="EXP_TYP_META_CTGRY_CD" value="M"/>
			<column name="CTGRY_DFLT_IND" value="N"/>
			<column name="HOSTED_IND" value="N"/>
			<column name="ACTV_IND" value="Y"/>
		</insert>
		<insert tableName="TEM_EXP_TYP_T">
			<column name="EXP_TYP_CD" value="MP"/>
			<column name="OBJ_ID" valueComputed="SYS_GUID()"/>
			<column name="VER_NBR" valueNumeric="1"/>
			<column name="EXP_TYP_NM" value="Mileage - Privately Owned Vehicle"/>
			<column name="GRP_TRVL_IND" value="N"/>
			<column name="EXP_DETAIL_REQ_IND" value="N"/>
			<column name="EXP_PRPY_IND" value="N"/>
			<column name="EXP_TYP_META_CTGRY_CD" value="M"/>
			<column name="CTGRY_DFLT_IND" value="Y"/>
			<column name="HOSTED_IND" value="N"/>
			<column name="ACTV_IND" value="Y"/>
		</insert>
		<insert tableName="TEM_EXP_TYP_T">
			<column name="EXP_TYP_CD" value="MR"/>
			<column name="OBJ_ID" valueComputed="SYS_GUID()"/>
			<column name="VER_NBR" valueNumeric="1"/>
			<column name="EXP_TYP_NM" value="Moving Equipmental Rental"/>
			<column name="GRP_TRVL_IND" value="N"/>
			<column name="EXP_DETAIL_REQ_IND" value="N"/>
			<column name="EXP_PRPY_IND" value="N"/>
			<column name="CTGRY_DFLT_IND" value="N"/>
			<column name="HOSTED_IND" value="N"/>
			<column name="ACTV_IND" value="Y"/>
		</insert>
		<insert tableName="TEM_EXP_TYP_T">
			<column name="EXP_TYP_CD" value="MT"/>
			<column name="OBJ_ID" valueComputed="SYS_GUID()"/>
			<column name="VER_NBR" valueNumeric="1"/>
			<column name="EXP_TYP_NM" value="Temporary Living"/>
			<column name="GRP_TRVL_IND" value="N"/>
			<column name="EXP_DETAIL_REQ_IND" value="N"/>
			<column name="EXP_PRPY_IND" value="N"/>
			<column name="CTGRY_DFLT_IND" value="N"/>
			<column name="HOSTED_IND" value="N"/>
			<column name="ACTV_IND" value="Y"/>
		</insert>
		<insert tableName="TEM_EXP_TYP_T">
			<column name="EXP_TYP_CD" value="O"/>
			<column name="OBJ_ID" valueComputed="SYS_GUID()"/>
			<column name="VER_NBR" valueNumeric="1"/>
			<column name="EXP_TYP_NM" value="Other"/>
			<column name="GRP_TRVL_IND" value="N"/>
			<column name="EXP_DETAIL_REQ_IND" value="N"/>
			<column name="EXP_PRPY_IND" value="N"/>
			<column name="CTGRY_DFLT_IND" value="N"/>
			<column name="HOSTED_IND" value="N"/>
			<column name="ACTV_IND" value="Y"/>
		</insert>
		<insert tableName="TEM_EXP_TYP_T">
			<column name="EXP_TYP_CD" value="PA"/>
			<column name="OBJ_ID" valueComputed="SYS_GUID()"/>
			<column name="VER_NBR" valueNumeric="1"/>
			<column name="EXP_TYP_NM" value="Prepaid Airfare"/>
			<column name="GRP_TRVL_IND" value="N"/>
			<column name="EXP_DETAIL_REQ_IND" value="Y"/>
			<column name="EXP_PRPY_IND" value="Y"/>
			<column name="EXP_TYP_META_CTGRY_CD" value="A"/>
			<column name="CTGRY_DFLT_IND" value="N"/>
			<column name="HOSTED_IND" value="N"/>
			<column name="ACTV_IND" value="Y"/>
		</insert>
		<insert tableName="TEM_EXP_TYP_T">
			<column name="EXP_TYP_CD" value="PC"/>
			<column name="OBJ_ID" valueComputed="SYS_GUID()"/>
			<column name="VER_NBR" valueNumeric="1"/>
			<column name="EXP_TYP_NM" value="Prepaid Conference Registration"/>
			<column name="GRP_TRVL_IND" value="N"/>
			<column name="EXP_DETAIL_REQ_IND" value="N"/>
			<column name="EXP_PRPY_IND" value="Y"/>
			<column name="CTGRY_DFLT_IND" value="N"/>
			<column name="HOSTED_IND" value="N"/>
			<column name="ACTV_IND" value="Y"/>
		</insert>
		<insert tableName="TEM_EXP_TYP_T">
			<column name="EXP_TYP_CD" value="PL"/>
			<column name="OBJ_ID" valueComputed="SYS_GUID()"/>
			<column name="VER_NBR" valueNumeric="1"/>
			<column name="EXP_TYP_NM" value="Prepaid Lodging"/>
			<column name="GRP_TRVL_IND" value="N"/>
			<column name="EXP_DETAIL_REQ_IND" value="N"/>
			<column name="EXP_PRPY_IND" value="Y"/>
			<column name="EXP_TYP_META_CTGRY_CD" value="L"/>
			<column name="CTGRY_DFLT_IND" value="N"/>
			<column name="HOSTED_IND" value="N"/>
			<column name="ACTV_IND" value="Y"/>
		</insert>
		<insert tableName="TEM_EXP_TYP_T">
			<column name="EXP_TYP_CD" value="PM"/>
			<column name="OBJ_ID" valueComputed="SYS_GUID()"/>
			<column name="VER_NBR" valueNumeric="1"/>
			<column name="EXP_TYP_NM" value="Prepaid Moving Equipment Rental"/>
			<column name="GRP_TRVL_IND" value="N"/>
			<column name="EXP_DETAIL_REQ_IND" value="N"/>
			<column name="EXP_PRPY_IND" value="Y"/>
			<column name="CTGRY_DFLT_IND" value="N"/>
			<column name="HOSTED_IND" value="N"/>
			<column name="ACTV_IND" value="Y"/>
		</insert>
		<insert tableName="TEM_EXP_TYP_T">
			<column name="EXP_TYP_CD" value="PO"/>
			<column name="OBJ_ID" valueComputed="SYS_GUID()"/>
			<column name="VER_NBR" valueNumeric="1"/>
			<column name="EXP_TYP_NM" value="Prepaid Other"/>
			<column name="GRP_TRVL_IND" value="N"/>
			<column name="EXP_DETAIL_REQ_IND" value="N"/>
			<column name="EXP_PRPY_IND" value="Y"/>
			<column name="CTGRY_DFLT_IND" value="N"/>
			<column name="HOSTED_IND" value="N"/>
			<column name="ACTV_IND" value="Y"/>
		</insert>
		<insert tableName="TEM_EXP_TYP_T">
			<column name="EXP_TYP_CD" value="PS"/>
			<column name="OBJ_ID" valueComputed="SYS_GUID()"/>
			<column name="VER_NBR" valueNumeric="1"/>
			<column name="EXP_TYP_NM" value="Prepaid Show Tickets"/>
			<column name="GRP_TRVL_IND" value="N"/>
			<column name="EXP_DETAIL_REQ_IND" value="N"/>
			<column name="EXP_PRPY_IND" value="Y"/>
			<column name="CTGRY_DFLT_IND" value="N"/>
			<column name="HOSTED_IND" value="N"/>
			<column name="ACTV_IND" value="Y"/>
		</insert>
		<insert tableName="TEM_EXP_TYP_T">
			<column name="EXP_TYP_CD" value="R"/>
			<column name="OBJ_ID" valueComputed="SYS_GUID()"/>
			<column name="VER_NBR" valueNumeric="1"/>
			<column name="EXP_TYP_NM" value="Automobile Rental"/>
			<column name="GRP_TRVL_IND" value="N"/>
			<column name="EXP_DETAIL_REQ_IND" value="Y"/>
			<column name="EXP_PRPY_IND" value="N"/>
			<column name="EXP_TYP_META_CTGRY_CD" value="R"/>
			<column name="CTGRY_DFLT_IND" value="Y"/>
			<column name="HOSTED_IND" value="N"/>
			<column name="ACTV_IND" value="Y"/>
		</insert>
		<insert tableName="TEM_EXP_TYP_T">
			<column name="EXP_TYP_CD" value="ST"/>
			<column name="OBJ_ID" valueComputed="SYS_GUID()"/>
			<column name="VER_NBR" valueNumeric="1"/>
			<column name="EXP_TYP_NM" value="Show Tickets"/>
			<column name="GRP_TRVL_IND" value="N"/>
			<column name="EXP_DETAIL_REQ_IND" value="N"/>
			<column name="EXP_PRPY_IND" value="N"/>
			<column name="CTGRY_DFLT_IND" value="N"/>
			<column name="HOSTED_IND" value="N"/>
			<column name="ACTV_IND" value="Y"/>
		</insert>
		<insert tableName="TEM_EXP_TYP_T">
			<column name="EXP_TYP_CD" value="T"/>
			<column name="OBJ_ID" valueComputed="SYS_GUID()"/>
			<column name="VER_NBR" valueNumeric="1"/>
			<column name="EXP_TYP_NM" value="Taxi/Limousine Service"/>
			<column name="GRP_TRVL_IND" value="N"/>
			<column name="EXP_DETAIL_REQ_IND" value="N"/>
			<column name="EXP_PRPY_IND" value="N"/>
			<column name="CTGRY_DFLT_IND" value="N"/>
			<column name="HOSTED_IND" value="N"/>
			<column name="ACTV_IND" value="Y"/>
		</insert>
		<insert tableName="TEM_EXP_TYP_T">
			<column name="EXP_TYP_CD" value="W"/>
			<column name="OBJ_ID" valueComputed="SYS_GUID()"/>
			<column name="VER_NBR" valueNumeric="1"/>
			<column name="EXP_TYP_NM" value="Lodging Allowance"/>
			<column name="GRP_TRVL_IND" value="N"/>
			<column name="EXP_DETAIL_REQ_IND" value="N"/>
			<column name="EXP_PRPY_IND" value="N"/>
			<column name="HOSTED_IND" value="N"/>
			<column name="EXP_TYP_META_CTGRY_CD" value="W"/>
			<column name="CTGRY_DFLT_IND" value="Y"/>
			<column name="ACTV_IND" value="Y"/>
		</insert>
		<insert tableName="TEM_PER_DIEM_MIE_BREAK_DOWN_T">
			<column name="MEALS_INC" valueNumeric="46.0"/>
			<column name="BKFST" valueNumeric="7.0"/>
			<column name="LUNCH" valueNumeric="11.0"/>
			<column name="DIN" valueNumeric="23.0"/>
			<column name="INC" valueNumeric="5.0"/>
			<column name="LAST_UPD_DT" valueDate="2011-08-31T00:00:00"/>
			<column name="ACTV_IND" value="Y"/>
			<column name="VER_NBR" valueNumeric="1"/>
			<column name="OBJ_ID" valueComputed="SYS_GUID()"/>
		</insert>
		<insert tableName="TEM_PER_DIEM_MIE_BREAK_DOWN_T">
			<column name="MEALS_INC" valueNumeric="51.0"/>
			<column name="BKFST" valueNumeric="8.0"/>
			<column name="LUNCH" valueNumeric="12.0"/>
			<column name="DIN" valueNumeric="26.0"/>
			<column name="INC" valueNumeric="5.0"/>
			<column name="LAST_UPD_DT" valueDate="2011-08-31T00:00:00"/>
			<column name="ACTV_IND" value="Y"/>
			<column name="VER_NBR" valueNumeric="1"/>
			<column name="OBJ_ID" valueComputed="SYS_GUID()"/>
		</insert>
		<insert tableName="TEM_PER_DIEM_MIE_BREAK_DOWN_T">
			<column name="MEALS_INC" valueNumeric="56.0"/>
			<column name="BKFST" valueNumeric="9.0"/>
			<column name="LUNCH" valueNumeric="13.0"/>
			<column name="DIN" valueNumeric="29.0"/>
			<column name="INC" valueNumeric="5.0"/>
			<column name="LAST_UPD_DT" valueDate="2011-08-31T00:00:00"/>
			<column name="ACTV_IND" value="Y"/>
			<column name="VER_NBR" valueNumeric="1"/>
			<column name="OBJ_ID" valueComputed="SYS_GUID()"/>
		</insert>
		<insert tableName="TEM_PER_DIEM_MIE_BREAK_DOWN_T">
			<column name="MEALS_INC" valueNumeric="61.0"/>
			<column name="BKFST" valueNumeric="10.0"/>
			<column name="LUNCH" valueNumeric="15.0"/>
			<column name="DIN" valueNumeric="31.0"/>
			<column name="INC" valueNumeric="5.0"/>
			<column name="LAST_UPD_DT" valueDate="2011-08-31T00:00:00"/>
			<column name="ACTV_IND" value="Y"/>
			<column name="VER_NBR" valueNumeric="1"/>
			<column name="OBJ_ID" valueComputed="SYS_GUID()"/>
		</insert>
		<insert tableName="TEM_PER_DIEM_MIE_BREAK_DOWN_T">
			<column name="MEALS_INC" valueNumeric="66.0"/>
			<column name="BKFST" valueNumeric="11.0"/>
			<column name="LUNCH" valueNumeric="16.0"/>
			<column name="DIN" valueNumeric="34.0"/>
			<column name="INC" valueNumeric="5.0"/>
			<column name="LAST_UPD_DT" valueDate="2011-08-31T00:00:00"/>
			<column name="ACTV_IND" value="Y"/>
			<column name="VER_NBR" valueNumeric="1"/>
			<column name="OBJ_ID" valueComputed="SYS_GUID()"/>
		</insert>
		<insert tableName="TEM_PER_DIEM_MIE_BREAK_DOWN_T">
			<column name="MEALS_INC" valueNumeric="71.0"/>
			<column name="BKFST" valueNumeric="12.0"/>
			<column name="LUNCH" valueNumeric="18.0"/>
			<column name="DIN" valueNumeric="36.0"/>
			<column name="INC" valueNumeric="5.0"/>
			<column name="LAST_UPD_DT" valueDate="2011-08-31T00:00:00"/>
			<column name="ACTV_IND" value="Y"/>
			<column name="VER_NBR" valueNumeric="1"/>
			<column name="OBJ_ID" valueComputed="SYS_GUID()"/>
		</insert>
		<insert tableName="TEM_PER_DIEM_REGION_T">
			<column name="REGION_CD" value="XXX"/>
			<column name="TRIP_TYP_CD" value="OUT" />
			<column name="REGION_NM" value="Region Not Found"/>
			<column name="ACTV_IND" value="Y"/>
			<column name="VER_NBR" valueNumeric="1"/>
			<column name="OBJ_ID" valueComputed="SYS_GUID()"/>
		</insert>
		<insert tableName="TEM_PRI_DEST_T">
			<column name="ID" valueNumeric="2147483647"/>
			<column name="PRI_DEST_NM" value="Primary Destination Not Found"/>
			<column name="REGION_CD" value="XXX"/>
			<column name="COUNTY_CD" value=""/>
			<column name="ACTV_IND" value="Y"/>
			<column name="VER_NBR" valueNumeric="1"/>
			<column name="OBJ_ID" valueComputed="SYS_GUID()"/>
		</insert>
		<insert tableName="TEM_PER_DIEM_T">
			<column name="ID" valueNumeric="2147483647"/>
			<column name="PRI_DEST_ID" valueNumeric="2147483647"/>
			<column name="BKFST" valueNumeric="0.0"/>
			<column name="LUNCH" valueNumeric="0.0"/>
			<column name="DIN" valueNumeric="0.0"/>
			<column name="LODGING" valueNumeric="0.0"/>
			<column name="INC" valueNumeric="0.0"/>
			<column name="MEALS_INC" valueNumeric="0.0"/>
			<column name="VER_NBR" valueNumeric="1"/>
			<column name="OBJ_ID" valueComputed="SYS_GUID()"/>
		</insert>
		<insert tableName="TEM_TRAVELER_TYP_T">
			<column name="CODE" value="EMP"/>
			<column name="NM" value="Employee"/>
			<column name="ADVANCES_IND" value="Y"/>
			<column name="ACTV_IND" value="Y"/>
			<column name="VER_NBR" valueNumeric="1"/>
			<column name="OBJ_ID" valueComputed="SYS_GUID()"/>
		</insert>
		<insert tableName="TEM_TRAVELER_TYP_T">
			<column name="CODE" value="NON"/>
			<column name="NM" value="Non-Employee"/>
			<column name="ADVANCES_IND" value="N"/>
			<column name="ACTV_IND" value="Y"/>
			<column name="VER_NBR" valueNumeric="1"/>
			<column name="OBJ_ID" valueComputed="SYS_GUID()"/>
		</insert>
		<insert tableName="TEM_TRIP_TYP_T">
			<column name="CODE" value="IN"/>
			<column name="NM" value="In-State"/>
			<column name="GEN_ENC_IND" value="Y"/>
			<column name="ENC_BAL_TYP" value="EX"/>
			<column name="ENC_OBJ_CD" value="6000"/>
			<column name="CONT_INFO_REQ_IND" value="N"/>
			<column name="BLANKET_IND" value="Y"/>
			<column name="AUTO_TR_LIMIT" valueNumeric="0.0"/>
			<column name="USE_PER_DIEM" value="Y"/>
			<column name="TA_REQUIRED" value="N"/>
			<column name="PER_DIEM_CALC_METHOD" value="P"/>
			<column name="ACTV_IND" value="Y"/>
			<column name="VER_NBR" valueNumeric="1"/>
			<column name="OBJ_ID" valueComputed="SYS_GUID()"/>
		</insert>
		<insert tableName="TEM_TRIP_TYP_T">
			<column name="CODE" value="INT"/>
			<column name="NM" value="International"/>
			<column name="GEN_ENC_IND" value="Y"/>
			<column name="ENC_BAL_TYP" value="EX"/>
			<column name="ENC_OBJ_CD" value="6200"/>
			<column name="CONT_INFO_REQ_IND" value="Y"/>
			<column name="BLANKET_IND" value="N"/>
			<column name="AUTO_TR_LIMIT" valueNumeric="0.0"/>
			<column name="USE_PER_DIEM" value="Y"/>
			<column name="TA_REQUIRED" value="N"/>
			<column name="PER_DIEM_CALC_METHOD" value="P"/>
			<column name="ACTV_IND" value="Y"/>
			<column name="VER_NBR" valueNumeric="1"/>
			<column name="OBJ_ID" valueComputed="SYS_GUID()"/>
		</insert>
		<insert tableName="TEM_TRIP_TYP_T">
			<column name="CODE" value="OUT"/>
			<column name="NM" value="Out of State"/>
			<column name="GEN_ENC_IND" value="Y"/>
			<column name="ENC_BAL_TYP" value="EX"/>
			<column name="ENC_OBJ_CD" value="6100"/>
			<column name="CONT_INFO_REQ_IND" value="N"/>
			<column name="BLANKET_IND" value="N"/>
			<column name="AUTO_TR_LIMIT" valueNumeric="0.0"/>
			<column name="USE_PER_DIEM" value="Y"/>
			<column name="TA_REQUIRED" value="N"/>
			<column name="PER_DIEM_CALC_METHOD" value="P"/>
			<column name="ACTV_IND" value="Y"/>
			<column name="VER_NBR" valueNumeric="1"/>
			<column name="OBJ_ID" valueComputed="SYS_GUID()"/>
		</insert>
		<insert tableName="TEM_TRVL_CARD_TYP_T">
			<column name="CODE" value="CORP"/>
			<column name="NM" value="Corporate Travel"/>
			<column name="ACTV_IND" value="Y"/>
			<column name="VER_NBR" valueNumeric="1"/>
			<column name="OBJ_ID" valueComputed="SYS_GUID()"/>
		</insert>
		<insert tableName="TEM_TRVL_CARD_TYP_T">
			<column name="CODE" value="CTS"/>
			<column name="NM" value="CTS Travel"/>
			<column name="ACTV_IND" value="Y"/>
			<column name="VER_NBR" valueNumeric="1"/>
			<column name="OBJ_ID" valueComputed="SYS_GUID()"/>
		</insert>
		<modifySql dbms="mysql">
			<replace replace="SYS_GUID()" with="uuid()" />
		</modifySql>
	</changeSet>

</databaseChangeLog>