<?xml version="1.0" encoding="UTF-8" standalone="no"?>
<!--
    Copyright 2011 The Kuali Foundation

    Licensed under the Educational Community License, Version 2.0 (the "License");
    you may not use this file except in compliance with the License.
    You may obtain a copy of the License at

    http://www.opensource.org/licenses/ecl2.php

    Unless required by applicable law or agreed to in writing, software
    distributed under the License is distributed on an "AS IS" BASIS,
    WITHOUT WARRANTIES OR CONDITIONS OF ANY KIND, either express or implied.
    See the License for the specific language governing permissions and
    limitations under the License.
-->
<databaseChangeLog xmlns="http://www.liquibase.org/xml/ns/dbchangelog/1.9" xmlns:xsi="http://www.w3.org/2001/XMLSchema-instance" xsi:schemaLocation="http://www.liquibase.org/xml/ns/dbchangelog/1.9 http://www.liquibase.org/xml/ns/dbchangelog/dbchangelog-1.9.xsd">

  <changeSet author="Muddu" id="KFS_401_END_TRAN_TYP_CD_T_DROP" failOnError="false">
    <comment>Remove table END_TRAN_TYP_CD_T from Endowment schema</comment>
    <dropTable tableName="END_TRAN_TYP_CD_T" />
  </changeSet>
  
  
  <changeSet author="kfs" id="KFS_401_DROP_ENDOW_TO_KNS_CONSTRAINTS" failOnError="false">
  	<comment>KFSMI-6395 : Drop Foreign Key Constraints between Endowment tables and the KNS document header table.</comment>
  	<dropForeignKeyConstraint baseTableName="END_PENDING_TRAN_DOC_T" constraintName="END_PENDING_TRAN_DOC_TR1"/>
  	<dropForeignKeyConstraint baseTableName="END_TRAN_ARCHV_T" constraintName="END_TRAN_ARCHV_TR1"/>
  	<dropForeignKeyConstraint baseTableName="END_TRAN_DOC_T" constraintName="END_TRAN_DOC_TR1"/>
  	<dropForeignKeyConstraint baseTableName="END_HIST_VAL_ADJ_DOC_T" constraintName="END_HIST_VAL_ADJ_DOC_TR1"/>
  </changeSet>

  
  <changeSet author="kfs" id="KFS_401_FIX_ENDOW_CONSTRAINT_ORDER_1" failOnError="false">
  	<comment>Replace Foreign Key Constraints which was created in a different order than the primary key.  (Causes problems on MySQL)</comment>
  	<dropForeignKeyConstraint baseTableName="END_TRAN_ARCHV_SEC_T" constraintName="END_TRAN_ARCHV_SEC_TR1"/>
  </changeSet>

  <changeSet author="kfs" id="KFS_401_FIX_ENDOW_CONSTRAINT_ORDER_2" failOnError="false">
  	<comment>Replace Foreign Key Constraints which was created in a different order than the primary key.  (Causes problems on MySQL)</comment>
  	<addForeignKeyConstraint baseTableName="END_TRAN_ARCHV_SEC_T" 
  							 constraintName="END_TRAN_ARCHV_SEC_TR1"
  							 baseColumnNames="FDOC_NBR,FDOC_LN_NBR,FDOC_LN_TYP_CD"
  							 referencedTableName="END_TRAN_ARCHV_T"
  							 referencedColumnNames="FDOC_NBR,FDOC_LN_NBR,FDOC_LN_TYP_CD" />
  </changeSet>

</databaseChangeLog>