<!--
    Copyright 2012 The Kuali Foundation

    Licensed under the Educational Community License, Version 2.0 (the "License");
    you may not use this file except in compliance with the License.
    You may obtain a copy of the License at

    http://www.opensource.org/licenses/ecl2.php

    Unless required by applicable law or agreed to in writing, software
    distributed under the License is distributed on an "AS IS" BASIS,
    WITHOUT WARRANTIES OR CONDITIONS OF ANY KIND, either express or implied.
    See the License for the specific language governing permissions and
    limitations under the License.
-->
<databaseChangeLog xmlns='http://www.liquibase.org/xml/ns/dbchangelog'
	xmlns:xsi='http://www.w3.org/2001/XMLSchema-instance'
	xsi:schemaLocation='http://www.liquibase.org/xml/ns/dbchangelog http://www.liquibase.org/xml/ns/dbchangelog/dbchangelog-2.0.xsd'>
	
	<changeSet author="KFS50" id="KFSMI7019_CHANGE_MPAY_LBL">
		<comment>Changes the label for the document type MPAY to the more accurate Asset Manual Payment</comment>
		<update tableName="KREW_DOC_TYP_T">
			<column name="LBL" value="Asset Manual Payment"/>
			<where>DOC_TYP_NM = 'MPAY' and CUR_IND = 1 and ACTV_IND = 1</where>
		</update>
	</changeSet>

	<changeSet author="KFS50" id="REMOVE_RA_DOCUMENT">
		<update tableName="KREW_DOC_TYP_T">
			<column name="ACTV_IND" valueNumeric="0"/>
			<where>DOC_TYP_NM = 'RA' and CUR_IND = 1 and ACTV_IND = 1</where>
		</update>
	</changeSet>
	
	<changeSet author="KFS50" id="KFSMI6964_UPDATE_DOC_TYPE_HELP_URL">
		<comment>Updates the help urls for the MPAY (asset manual payment) and ALOC (asset location) document types.</comment>
		<update tableName="KREW_DOC_TYP_T">
			<column name="HELP_DEF_URL" value="default.htm?turl=WordDocuments%2Fassetmanualpayment.htm" />
			<where>DOC_TYP_NM = 'MPAY' and CUR_IND = 1 AND ACTV_IND = 1</where>
		</update>
		<update tableName="KREW_DOC_TYP_T">
			<column name="HELP_DEF_URL" value="default.htm?turl=WordDocuments%2Fassetlocationglobal.htm" />
			<where>DOC_TYP_NM = 'ALOC' and CUR_IND = 1 AND ACTV_IND = 1</where>
		</update>
	</changeSet>
	
	<changeSet author="KFS50" id="UPDATE_DOC_TYPE_HELP_URLS">
		<comment>Updates the help URLs for multiple document types.</comment>
		<update tableName="KREW_DOC_TYP_T">
			<column name="DOC_SEARCH_HELP_URL" value="${kfs.externalizable.help.url}/default.htm?turl=WordDocuments%2Fpaymentapplications.htm" />
			<where>DOC_TYP_NM = 'APP' and CUR_IND = 1 AND ACTV_IND = 1</where>
		</update>
		<update tableName="KREW_DOC_TYP_T">
			<column name="DOC_SEARCH_HELP_URL" value="${kfs.externalizable.help.url}/default.htm?turl=WordDocuments%2Fassetmaintenancecustomdocumentsearch.htm" />
			<where>DOC_TYP_NM = 'CAMM' and CUR_IND = 1 AND ACTV_IND = 1</where>
		</update>
		<update tableName="KREW_DOC_TYP_T">
			<column name="DOC_SEARCH_HELP_URL" value="${kfs.externalizable.help.url}/default.htm?turl=WordDocuments%2Fcashcontrols.htm" />
			<where>DOC_TYP_NM = 'CTRL' and CUR_IND = 1 AND ACTV_IND = 1</where>
		</update>
		<update tableName="KREW_DOC_TYP_T">
			<column name="DOC_SEARCH_HELP_URL" value="${kfs.externalizable.help.url}/default.htm?turl=WordDocuments%2Felectronicinvoicerejects.htm" />
			<where>DOC_TYP_NM = 'EIRT' and CUR_IND = 1 AND ACTV_IND = 1</where>
		</update>
		<update tableName="KREW_DOC_TYP_T">
			<column name="DOC_SEARCH_HELP_URL" value="${kfs.externalizable.help.url}/default.htm?turl=WordDocuments%2Fcustomerinvoices.htm" />
			<where>DOC_TYP_NM = 'INV' and CUR_IND = 1 AND ACTV_IND = 1</where>
		</update>
		<update tableName="KREW_DOC_TYP_T">
			<column name="DOC_SEARCH_HELP_URL" value="${kfs.externalizable.help.url}/default.htm?turl=WordDocuments%2Fcustomerinvoicewriteoffscustomdocumentsearch.htm" />
			<where>DOC_TYP_NM = 'INVW' and CUR_IND = 1 AND ACTV_IND = 1</where>
		</update>
		<update tableName="KREW_DOC_TYP_T">
			<column name="DOC_SEARCH_HELP_URL" value="${kfs.externalizable.help.url}/default.htm?turl=WordDocuments%2Ffinancialtransactions.htm" />
			<where>DOC_TYP_NM = 'KFST' and CUR_IND = 1 AND ACTV_IND = 1</where>
		</update>
		<update tableName="KREW_DOC_TYP_T">
			<column name="HELP_DEF_URL" value="${kfs.externalizable.help.url}/default.htm?turl=WordDocuments%2Fvendorpven.htm" />
			<where>DOC_TYP_NM = 'PVEN' and CUR_IND = 1 AND ACTV_IND = 1</where>
		</update>
		<update tableName="KREW_DOC_TYP_T">
			<column name="HELP_DEF_URL" value="default.htm?turl=WordDocuments%2Fgrantdescription.htm" />
			<where>DOC_TYP_NM = 'GDES' and CUR_IND = 1 AND ACTV_IND = 1</where>
		</update>
		<update tableName="KREW_DOC_TYP_T">
			<column name="HELP_DEF_URL" value="default.htm?turl=WordDocuments%2Flaborobjectcodebenefitsmaintenancedocument.htm" />
			<where>DOC_TYP_NM = 'LOBN' and CUR_IND = 1 AND ACTV_IND = 1</where>
		</update>
		<update tableName="KREW_DOC_TYP_T">
			<column name="DOC_SEARCH_HELP_URL" valueNumeric=" NULL " />
			<where>DOC_TYP_NM = 'PRPL' and CUR_IND = 1 AND ACTV_IND = 1</where>
		</update>
		<update tableName="KREW_DOC_TYP_T">
			<column name="DOC_SEARCH_HELP_URL" value="${kfs.externalizable.help.url}/default.htm?turl=WordDocuments%2Freceiving.htm" />
			<where>DOC_TYP_NM = 'RCV' and CUR_IND = 1 AND ACTV_IND = 1</where>
		</update>
		<update tableName="KREW_DOC_TYP_T">
			<column name="HELP_DEF_URL" value="default.htm?turl=WordDocuments%2Fyearendedocs.htm" />
			<where>DOC_TYP_NM IN ( 'YEST', 'YEBT' ) and CUR_IND = 1 AND ACTV_IND = 1</where>
		</update>
		<update tableName="KREW_DOC_TYP_T">
			<column name="HELP_DEF_URL" value="default.htm?turl=WordDocuments%2Fyearendedocs1.htm" />
			<where>DOC_TYP_NM IN ( 'YEGE', 'YETF' ) and CUR_IND = 1 AND ACTV_IND = 1</where>
		</update>
		<update tableName="KREW_DOC_TYP_T">
			<column name="HELP_DEF_URL" valueNumeric="NULL" />
			<where>DOC_TYP_NM = 'ECD' and CUR_IND = 1 AND ACTV_IND = 1</where>
		</update>
	</changeSet>

	<changeSet author="KFS50" id="KFSMI_7568_FIX_DOC_OPENING_IN_EMBEDDED_RICE_MODE">
		<comment>Updates all the KFS document types to use the new "kfs.url" instead of "application.url".</comment>
		<update tableName="KREW_DOC_TYP_T">
			<column name="doc_hdlr_url" valueNumeric="(REPLACE( DOC_HDLR_URL, 'application.url', 'kfs.url' ) )" />
			<where>doc_typ_nm IN ( 'KFS','GLCP','AD','CMD','CR','CCR','JV','SB','AV','BA','DI','GEC','ICA','ND','PE','PCDO','TF','IB','DV','YEBA','YEDI','YEGE','YETF','CLOS','ECD','ST','LLJV','BT','LLCP','YEBT','YEST','ACM','REQS','PO','POA','POC','POPH','PORH','POR','PORT','POSP','POV','EIRT','CM','PREQ','RCVB','RCVC','RCVL','ECA','EUSA','EHVA','ELD','ELI','EST','GLET','ECR','EGLT','EHA','EAD','EAI','ECDD','ECI','ECT','FSDT','CTRL','APP','INVW','CRM','INV','BC','MPAY','AT','ELR','BCIE', 'KFST', 'RCV', 'PRPL', 'CAMM' )
				AND DOC_HDLR_URL LIKE '%application.url%'
			</where>
		</update>
	</changeSet>

	<changeSet author="KFS50" id="FIX_FOR_DOC_SEARCH_URL_IN_EMBEDDED_RICE_MODE">
		<comment>Updates all the KFS document types to Add the necessary prefix for the document search URL.</comment>
		<update tableName="KREW_DOC_TYP_T">
			<column name="DOC_SEARCH_HELP_URL" valueNumeric="REPLACE( DOC_SEARCH_HELP_URL, 'default.htm?', '${kfs.externalizable.help.url}/default.htm?')  " />
			<where>doc_typ_nm IN ( 'KFS','GLCP','AD','CMD','CR','CCR','JV','SB','AV','BA','DI','GEC','ICA','ND','PE','PCDO','TF','IB','DV','YEBA','YEDI','YEGE','YETF','CLOS','ECD','ST','LLJV','BT','LLCP','YEBT','YEST','ACM','REQS','PO','POA','POC','POPH','PORH','POR','PORT','POSP','POV','EIRT','CM','PREQ','RCVB','RCVC','RCVL','ECA','EUSA','EHVA','ELD','ELI','EST','GLET','ECR','EGLT','EHA','EAD','EAI','ECDD','ECI','ECT','FSDT','CTRL','APP','INVW','CRM','INV','BC','MPAY','AT','ELR','BCIE', 'KFST', 'RCV', 'PRPL', 'CAMM' )
				AND DOC_SEARCH_HELP_URL LIKE 'default.htm%'
			</where>
		</update>
	</changeSet>
	
	<changeSet id="FIX_KIM_DOC_QUALIFIER_RESOLVER" author="KFS50">
		<update tableName="KREW_RTE_NODE_CFG_PARM_T">
			<column name="VAL" valueNumeric="REPLACE( VAL, 'org.kuali.rice.kim.workflow.attribute.KimTypeQualifierResolver', 'org.kuali.rice.kim.impl.type.KimTypeQualifierResolver')  " />		
			<where>
				val LIKE '%KimTypeQualifierResolver%'
			</where>
		</update>
		<update tableName="KREW_RTE_NODE_CFG_PARM_T">
			<column name="VAL" valueNumeric="REPLACE(VAL, 'org.kuali.rice.kns.workflow.attribute.DataDictionaryQualifierResolver', 'org.kuali.rice.krad.workflow.attribute.DataDictionaryQualifierResolver')  " />		
			<where>
				val LIKE '%DataDictionaryQualifierResolver%'
			</where>
		</update>
	</changeSet>
	
</databaseChangeLog>