<!--
    Copyright 2012 The Kuali Foundation

    Licensed under the Educational Community License, Version 2.0 (the "License");
    you may not use this file except in compliance with the License.
    You may obtain a copy of the License at

    http://www.opensource.org/licenses/ecl2.php

    Unless required by applicable law or agreed to in writing, software
    distributed under the License is distributed on an "AS IS" BASIS,
    WITHOUT WARRANTIES OR CONDITIONS OF ANY KIND, either express or implied.
    See the License for the specific language governing permissions and
    limitations under the License.
-->
<databaseChangeLog xmlns='http://www.liquibase.org/xml/ns/dbchangelog'
	xmlns:xsi='http://www.w3.org/2001/XMLSchema-instance'
	xsi:schemaLocation='http://www.liquibase.org/xml/ns/dbchangelog http://www.liquibase.org/xml/ns/dbchangelog/dbchangelog-2.0.xsd'>

	<changeSet author="KFS50" id="KFSMI-6741">
		<comment>KFSMI-6741 Create new system parameters for KFS-CAM</comment>
		<insert tableName="KRCR_PARM_T">
			<column name="NMSPC_CD" value="KFS-CAM" />
			<column name="CMPNT_CD" value="Asset" />
			<column name="PARM_NM" value="VENDOR_REQUIRED_FOR_NON_MOVEABLE_ASSET_IND" />
			<column name="VAL" value="Y" />
			<column name="OBJ_ID" value="KFSCAM102" />
			<column name="VER_NBR" valueNumeric="1" />
			<column name="PARM_TYP_CD" value="CONFG" />
			<column name="PARM_DESC_TXT" value="Indicates whether or not the vendor is required for a non-moveable asset." />
			<column name="EVAL_OPRTR_CD" value="A" />
			<column name="APPL_ID" value="KFS" />
		</insert>
		<insert tableName="KRCR_PARM_T">
			<column name="NMSPC_CD" value="KFS-CAM" />
			<column name="CMPNT_CD" value="Asset" />
			<column name="PARM_NM" value="MANUFACTURER_REQUIRED_FOR_NON_MOVEABLE_ASSET_IND" />
			<column name="VAL" value="Y" />
			<column name="OBJ_ID" value="KFSCAM105" />
			<column name="VER_NBR" valueNumeric="1" />
			<column name="PARM_TYP_CD" value="CONFG" />
			<column name="PARM_DESC_TXT" value="Indicates whether or not the Manufacturer is required for a non-moveable asset." />
			<column name="EVAL_OPRTR_CD" value="A" />
			<column name="APPL_ID" value="KFS" />
		</insert>
	</changeSet>
	<changeSet author="KFS50" id="KFSMI-7158">
		<comment>KFSMI-7158 Create CAM parameter NEW_IN_SERVICE_ASSET_DEPRECIATION_START_DATE</comment>
		<insert tableName="KRCR_PARM_T">
			<column name="NMSPC_CD" value="KFS-CAM" />
			<column name="CMPNT_CD" value="AssetGlobal" />
			<column name="PARM_NM"
				value="NEW_IN_SERVICE_ASSET_DEPRECIATION_START_DATE" />
			<column name="OBJ_ID" value="KFS684" />
			<column name="VER_NBR" valueNumeric="1" />
			<column name="PARM_TYP_CD" value="CONFG" />
			<column name="VAL" value="07/01" />
			<column name="PARM_DESC_TXT"
				value="New in service asset depreciation start date (mm/dd) used for calculating the half year depreciation convention. The half year convention will calculate the depreciation date exactly six months from this parameter date." />
			<column name="EVAL_OPRTR_CD" value="A" />
			<column name="APPL_ID" value="KFS" />
		</insert>
		<insert tableName="KRCR_PARM_T">
			<column name="NMSPC_CD" value="KFS-FP" />
			<column name="CMPNT_CD" value="DisbursementVoucher" />
			<column name="PARM_NM" value="PAYMENT_REASON_CODE_ROYALTIES" />
			<column name="OBJ_ID" value="KFSFP298" />
			<column name="VER_NBR" valueNumeric="1" />
			<column name="PARM_TYP_CD" value="CONFG" />
			<column name="VAL" value="R" />
			<column name="PARM_DESC_TXT" value="Non Taxable Payment Reason Code - Royalties" />
			<column name="EVAL_OPRTR_CD" value="A" />
			<column name="APPL_ID" value="KFS" />
		</insert>

		<insert tableName="KRCR_PARM_T">
			<column name="NMSPC_CD" value="KFS-FP" />
			<column name="CMPNT_CD" value="DisbursementVoucher" />
			<column name="PARM_NM" value="PAYMENT_REASON_CODE_RENTAL_PAYMENT" />
			<column name="OBJ_ID" value="KFSFP299" />
			<column name="VER_NBR" valueNumeric="1" />
			<column name="PARM_TYP_CD" value="CONFG" />
			<column name="VAL" value="T" />
			<column name="PARM_DESC_TXT"
				value="Non Taxable Payment Reason Code - Rental Payment" />
			<column name="EVAL_OPRTR_CD" value="A" />
			<column name="APPL_ID" value="KFS" />
		</insert>

		<insert tableName="KRCR_PARM_T">
			<column name="NMSPC_CD" value="KFS-FP" />
			<column name="CMPNT_CD" value="DisbursementVoucher" />
			<column name="PARM_NM" value="PAYMENT_REASON_CODE_TRAVEL_HONORARIUM" />
			<column name="OBJ_ID" value="KFSFP300" />
			<column name="VER_NBR" valueNumeric="1" />
			<column name="PARM_TYP_CD" value="CONFG" />
			<column name="VAL" value="X" />
			<column name="PARM_DESC_TXT"
				value="Non Taxable Payment Reason Code - Travel Honorarium" />
			<column name="EVAL_OPRTR_CD" value="A" />
			<column name="APPL_ID" value="KFS" />
		</insert>

		<update tableName="KRCR_PARM_T">
			<column name="VAL"
				value="customerLoadInputFileType=default.htm?turl=WordDocuments%2Fbatch.htm;customerLoadCSVInputFileType=default.htm?turl=WordDocuments%2Fbatch.htm;procurementCardInputFileType=default.htm?turl=WordDocuments%2Fbatch.htm;collectorFlatFileInputFileType=default.htm?turl=WordDocuments%2Fbatch.htm;collectorXmlInputFileType=default.htm?turl=WordDocuments%2Fbatch.htm;enterpriseFeederFileSetType=default.htm?turl=WordDocuments%2Fbatch.htm;laborEnterpriseFeederFileSetType=default.htm?turl=WordDocuments%2Fbatch.htm;assetBarcodeInventoryInputFileType=default.htm?turl=WordDocuments%2Fbatch.htm;paymentInputFileType=default.htm?turl=WordDocuments%2Fbatch.htm" />
			<where>NMSPC_CD='KFS-SYS' AND PARM_NM='BATCH_UPLOAD_HELP_URL' AND APPL_ID = 'KFS'</where>
		</update>
	</changeSet>
	
	<changeSet author="KFS50" id="KFSMI-6867">	
		<!-- KFSMI-6867 -->
		<insert tableName="KRCR_PARM_T">
			<column name="NMSPC_CD" value="KFS-AR" />
			<column name="CMPNT_CD" value="CustomerBillingStatement" />
			<column name="PARM_NM" value="DUE_DATE_DAYS" />
			<column name="OBJ_ID" value="KFSAR18" />
			<column name="VER_NBR" valueNumeric="1" />
			<column name="PARM_TYP_CD" value="CONFG" />
			<column name="VAL" value="30" />
			<column name="PARM_DESC_TXT"
				value="Set the number of days that will be added to the system date to calculate the due date." />
			<column name="EVAL_OPRTR_CD" value="A" />
			<column name="APPL_ID" value="KFS" />
		</insert>
		<insert tableName="KRCR_PARM_T">
			<column name="NMSPC_CD" value="KFS-AR" />
			<column name="CMPNT_CD" value="CustomerBillingStatement" />
			<column name="PARM_NM" value="DEFAULT_FORMAT" />
			<column name="OBJ_ID" value="KFSAR19" />
			<column name="VER_NBR" valueNumeric="1" />
			<column name="PARM_TYP_CD" value="CONFG" />
			<column name="VAL" value="SUMMARY" />
			<column name="PARM_DESC_TXT"
				value='Set this value to "SUMMARY" if you generate the summary statement as default. Set this value to "DETAIL" if you generate the detailed statement as default' />
			<column name="EVAL_OPRTR_CD" value="A" />
			<column name="APPL_ID" value="KFS" />
		</insert>
		<insert tableName="KRCR_PARM_T">
			<column name="NMSPC_CD" value="KFS-PURAP" />
			<column name="CMPNT_CD" value="Document" />
			<column name="PARM_NM" value="DISTRIBUTION_METHOD_FOR_ACCOUNTING_LINES" />
			<column name="OBJ_ID" value="KFSPURAP6958" />
			<column name="VER_NBR" valueNumeric="1" />
			<column name="PARM_TYP_CD" value="CONFG" />
			<column name="VAL" value="P" />
			<column name="PARM_DESC_TXT"
				value='Indicates the distribution method(s) an institution will support. The values will be S (Sequential), P (Proportional), S;P (both with Sequential as default), or P;S (both, with Proportional as default). With the Sequential method account segments will be expensed/disencumbered in the order in which they appear, up to the specified dollar amount. Percentages are used on account segments to indicate how "residual" amounts are to be funded. With the Proportional method account segments will be expensed/disencumbered proportionally. Dollar amounts are used on account segments only to assist in calculating a percent distribution. Residuals will also be funded proportionally.' />
			<column name="EVAL_OPRTR_CD" value="A" />
			<column name="APPL_ID" value="KFS" />
		</insert>
		<insert tableName="KRCR_PARM_T">
			<column name="NMSPC_CD" value="KFS-FP" />
			<column name="CMPNT_CD" value="CashReceipt" />
			<column name="PARM_NM" value="CHANGE_REQUEST_ENABLED_IND" />
			<column name="OBJ_ID" value="KFSFP6967" />
			<column name="VER_NBR" valueNumeric="1" />
			<column name="PARM_TYP_CD" value="CONFG" />
			<column name="VAL" value="Y" />
			<column name="PARM_DESC_TXT"
				value='Indicator to turn Cash receipt change request ability on and off.' />
			<column name="EVAL_OPRTR_CD" value="A" />
			<column name="APPL_ID" value="KFS" />
		</insert>
		<insert tableName="KRCR_PARM_T">
			<column name="NMSPC_CD" value="KFS-FP" />
			<column name="CMPNT_CD" value="DisbursementVoucher" />
			<column name="PARM_NM" value="ENABLE_SEPARATION_OF_DUTIES_IND" />
			<column name="OBJ_ID" value="KFSFP4643" />
			<column name="VER_NBR" valueNumeric="1" />
			<column name="PARM_TYP_CD" value="CONFG" />
			<column name="VAL" value="Y" />
			<column name="PARM_DESC_TXT"
				value='Indicates whether separation of duties should take place when the payee is the only approver on a DV value: Y' />
			<column name="EVAL_OPRTR_CD" value="A" />
			<column name="APPL_ID" value="KFS" />
		</insert>
		<insert tableName="KRCR_PARM_T">
			<column name="NMSPC_CD" value="KFS-PURAP" />
			<column name="CMPNT_CD" value="Document" />
			<column name="PARM_NM"
				value="COPY_ACCOUNTING_LINES_WITH_ZERO_AMOUNT_FROM_PO_TO_PREQ_IND" />
			<column name="OBJ_ID" value="KFSPURAP7033" />
			<column name="VER_NBR" valueNumeric="1" />
			<column name="PARM_TYP_CD" value="CONFG" />
			<column name="VAL" value="Y" />
			<column name="PARM_DESC_TXT"
				value='Indicates if an accounting line with zero dollar amount from Purchase Order document can be copied to Payment Request document.' />
			<column name="EVAL_OPRTR_CD" value="A" />
			<column name="APPL_ID" value="KFS" />
		</insert>
		<insert tableName="KRCR_PARM_T">
			<column name="NMSPC_CD" value="KFS-PURAP" />
			<column name="CMPNT_CD" value="Document" />
			<column name="PARM_NM"
				value="APPROVE_ACCOUNTING_LINES_WITH_ZERO_DOLLAR_AMOUNT_IND" />
			<column name="OBJ_ID" value="KFSPURAP7033b" />
			<column name="VER_NBR" valueNumeric="1" />
			<column name="PARM_TYP_CD" value="CONFG" />
			<column name="VAL" value="Y" />
			<column name="PARM_DESC_TXT" value='Indicates if Fiscal Officer can approve an accounting line that has zero dollar amount. ' />
			<column name="EVAL_OPRTR_CD" value="A" />
			<column name="APPL_ID" value="KFS" />
		</insert>

	</changeSet>
	
	<changeSet author="KFS50" id="KFSMI-6987">	
		<comment>KFSMI-6987 Employee Benefit Expense Calculation</comment>
		<insert tableName='KRCR_PARM_T'>
			<column name='NMSPC_CD' value='KFS-SYS' />
			<column name='CMPNT_CD' value='All' />
			<column name='PARM_NM'
				value='ENABLE_FRINGE_BENEFIT_CALC_BY_BENEFIT_RATE_CATEGORY_IND' />
			<column name='OBJ_ID' value='KFSLD6987a' />
			<column name='VER_NBR' valueNumeric='1' />
			<column name='PARM_TYP_CD' value='CONFG' />
			<column name='VAL' value='Y' />
			<column name='PARM_DESC_TXT'
				value='When this parameter is enabled, the fringe benefit rate calculation will be performed using the benefit category code assigned to the account and labor benefit calculation type. When the parameter is not enabled, the fringe benefit will be calculated solely based on the fringe benefit type.' />
			<column name='EVAL_OPRTR_CD' value='A' />
			<column name='APPL_ID' value='KFS' />
		</insert>
		<insert tableName='KRCR_PARM_T'>
			<column name='NMSPC_CD' value='KFS-SYS' />
			<column name='CMPNT_CD' value='All' />
			<column name='PARM_NM' value='USE_COST_SHARE_SOURCE_ACCOUNT_BENEFIT_RATE_IND' />
			<column name='OBJ_ID' value='KFSLD6987b' />
			<column name='VER_NBR' valueNumeric='1' />
			<column name='PARM_TYP_CD' value='CONFG' />
			<column name='VAL' value='Y' />
			<column name='PARM_DESC_TXT'
				value='When this parameter is enabled, the fringe benefit rate calculation will be performed using the benefit category code assigned to the cost share source account and labor benefit calculation type for the cost share sub-account.  When the parameter is not enabled, the fringe benefit will be calculated solely based on benefit category code assigned to the grant account associated with the sub-account.' />
			<column name='EVAL_OPRTR_CD' value='A' />
			<column name='APPL_ID' value='KFS' />
		</insert>
		<insert tableName='KRCR_PARM_T'>
			<column name='NMSPC_CD' value='KFS-LD' />
			<column name='CMPNT_CD' value='LaborEnterpriseFeedStep' />
			<column name='PARM_NM' value='MAX_NUMBER_OF_ERRORS_ALLOWED' />
			<column name='OBJ_ID' value='KFSLD6987c' />
			<column name='VER_NBR' valueNumeric='1' />
			<column name='PARM_TYP_CD' value='CONFG' />
			<column name='VAL' value='0' />
			<column name='PARM_DESC_TXT'
				value='The number of errors allowed in the fringe and encumbrance generation process.  When the file contains beyond this number, the output file will not be created in the origin entry directory.' />
			<column name='EVAL_OPRTR_CD' value='A' />
			<column name='APPL_ID' value='KFS' />
		</insert>
		<insert tableName='KRCR_PARM_T'>
			<column name='NMSPC_CD' value='KFS-LD' />
			<column name='CMPNT_CD' value='LaborEnterpriseFeedStep' />
			<column name='PARM_NM' value='GENERATE_FRINGE_BENEFIT_IND' />
			<column name='OBJ_ID' value='KFSLD6987d' />
			<column name='VER_NBR' valueNumeric='1' />
			<column name='PARM_TYP_CD' value='CONFG' />
			<column name='VAL' value='Y' />
			<column name='PARM_DESC_TXT'
				value='When this parameter is Y, the fringe benefit will be generated by the Enterprise Feeder Step for the corresponding salary actual amount.' />
			<column name='EVAL_OPRTR_CD' value='A' />
			<column name='APPL_ID' value='KFS' />
		</insert>
		<insert tableName='KRCR_PARM_T'>
			<column name='NMSPC_CD' value='KFS-LD' />
			<column name='CMPNT_CD' value='LaborEnterpriseFeedStep' />
			<column name='PARM_NM' value='GENERATE_FRINGE_BENEFIT_ENCUMBRANCE_IND' />
			<column name='OBJ_ID' value='KFSLD6987e' />
			<column name='VER_NBR' valueNumeric='1' />
			<column name='PARM_TYP_CD' value='CONFG' />
			<column name='VAL' value='Y' />
			<column name='PARM_DESC_TXT'
				value='When this parameter is Y, the fringe benefit encumbrance will be generated by the Enterprise Feeder Step for the corresponding salary encumbrance amount.' />
			<column name='EVAL_OPRTR_CD' value='A' />
			<column name='APPL_ID' value='KFS' />
		</insert>
		<insert tableName='KRCR_PARM_T'>
			<column name='NMSPC_CD' value='KFS-LD' />
			<column name='CMPNT_CD' value='LaborEnterpriseFeedStep' />
			<column name='PARM_NM' value='LABOR_BENEFIT_CALCULATION_OFFSET_IND' />
			<column name='OBJ_ID' value='KFSLD7128a' />
			<column name='VER_NBR' valueNumeric='1' />
			<column name='PARM_TYP_CD' value='CONFG' />
			<column name='VAL' value='N' />
			<column name='PARM_DESC_TXT'
				value='If yes (Y), the labor benefit calculations will use an offset account to post offset entries to GL.' />
			<column name='EVAL_OPRTR_CD' value='A' />
			<column name='APPL_ID' value='KFS' />
		</insert>
		<insert tableName='KRCR_PARM_T'>
			<column name='NMSPC_CD' value='KFS-LD' />
			<column name='CMPNT_CD' value='LaborEnterpriseFeedStep' />
			<column name='PARM_NM' value='LABOR_BENEFIT_OFFSET_DOCTYPE' />
			<column name='OBJ_ID' value='KFSLD7128b' />
			<column name='VER_NBR' valueNumeric='1' />
			<column name='PARM_TYP_CD' value='CONFG' />
			<column name='VAL' value='PAYR' />
			<column name='PARM_DESC_TXT'
				value='A list of doc types that will be used for labor benefit offset calculation.' />
			<column name='EVAL_OPRTR_CD' value='A' />
			<column name='APPL_ID' value='KFS' />
		</insert>
		<insert tableName='KRCR_PARM_T'>
			<column name='NMSPC_CD' value='KFS-COA' />
			<column name='CMPNT_CD' value='Account' />
			<column name='PARM_NM'
				value='DEFAULT_BENEFIT_RATE_CATEGORY_CODE_BY_ACCOUNT_TYPE' />
			<column name='OBJ_ID' value='KFSLD6987f' />
			<column name='VER_NBR' valueNumeric='1' />
			<column name='PARM_TYP_CD' value='CONFG' />
			<column name='VAL' value='EN=AA;CG=BB' />
			<column name='PARM_DESC_TXT'
				value='Defines the default benefit rate category code on the account maintenance document by account type. The format is Account Type=Benefit Rate Category Code (eg. DT=AA;A1=BB, etc).' />
			<column name='EVAL_OPRTR_CD' value='A' />
			<column name='APPL_ID' value='KFS' />
		</insert>
		<insert tableName='KRCR_PARM_T'>
			<column name='NMSPC_CD' value='KFS-COA' />
			<column name='CMPNT_CD' value='Account' />
			<column name='PARM_NM' value='DEFAULT_BENEFIT_RATE_CATEGORY_CODE' />
			<column name='OBJ_ID' value='KFSLD6987g' />
			<column name='VER_NBR' valueNumeric='1' />
			<column name='PARM_TYP_CD' value='CONFG' />
			<column name='VAL' value='--' />
			<column name='PARM_DESC_TXT'
				value="Defines the default benefit rate category code on the account maintenance document for all accounts. This default code is used when the  DEFAULT_BENEFIT_RATE_CATEGORY_CODE_BY_ACCOUNT_TYPE does not apply to an account. -- (two dashes) implies the category code is not applicable. The default cannot be null." />
			<column name='EVAL_OPRTR_CD' value='A' />
			<column name='APPL_ID' value='KFS' />
		</insert>
	</changeSet>
	
	<changeSet author="KFS50" id="KFSMI-6702">	
		<comment>Add fields, create parameters, permissions, and roles for KFSMI-6702 Contribution</comment>

		<insert tableName="KRCR_PARM_T">
			<column name="NMSPC_CD" value="KFS-SYS" />
			<column name="CMPNT_CD" value="Document" />
			<column name="PARM_NM" value="ENABLE_FISCAL_PERIOD_SELECTION_IND" />
			<column name="OBJ_ID" value="KFSSYS7145-01" />
			<column name="VER_NBR" valueNumeric="1" />
			<column name="PARM_TYP_CD" value="CONFG" />
			<column name="VAL" value="Y" />
			<column name="PARM_DESC_TXT"
				value="Enables fiscal period field on financial documents for posting back to a previous period (year end processing)." />
			<column name="EVAL_OPRTR_CD" value="A" />
			<column name="APPL_ID" value="KFS" />
		</insert>
		<insert tableName="KRCR_PARM_T">
			<column name="NMSPC_CD" value="KFS-SYS" />
			<column name="CMPNT_CD" value="Document" />
			<column name="PARM_NM" value="NUMBER_OF_POSTBACK_PERIODS" />
			<column name="OBJ_ID" value="KFSSYS7145-02" />
			<column name="VER_NBR" valueNumeric="1" />
			<column name="PARM_TYP_CD" value="CONFG" />
			<column name="VAL" value="1" />
			<column name="PARM_DESC_TXT"
				value="Number of periods previous to the current period to allow for year end posting." />
			<column name="EVAL_OPRTR_CD" value="A" />
			<column name="APPL_ID" value="KFS" />
		</insert>
		<insert tableName="KRCR_PARM_T">
			<column name="NMSPC_CD" value="KFS-SYS" />
			<column name="CMPNT_CD" value="Document" />
			<column name="PARM_NM" value="FISCAL_PERIOD_SELECTION_DOCUMENT_TYPES" />
			<column name="OBJ_ID" value="KFSSYS7145-03" />
			<column name="VER_NBR" valueNumeric="1" />
			<column name="PARM_TYP_CD" value="CONFG" />
			<column name="VAL"
				value="" />
			<column name="PARM_DESC_TXT"
				value="TURN ON AT YOUR OWN RISK; THIS FUNCTIONALITY IS NOT YET SANCTIONED BY THE KFS PROJECT. Document types for which the accounting period will be rendered for posting back to previous periods (year end processing). Use in conjunction with ENABLE_FISCAL_PERIOD_SELECTION_IND." />
			<column name="EVAL_OPRTR_CD" value="A" />
			<column name="APPL_ID" value="KFS" />
		</insert>
		<insert tableName="KRCR_PARM_T">
			<column name="NMSPC_CD" value="KFS-CAM" />
			<column name="CMPNT_CD" value="Batch" />
			<column name="PARM_NM" value="INCLUDE_RETIRED_ASSETS_IND" />
			<column name="OBJ_ID" value="KFSSYS7145-04" />
			<column name="VER_NBR" valueNumeric="1" />
			<column name="PARM_TYP_CD" value="CONFG" />
			<column name="VAL" value="Y" />
			<column name="PARM_DESC_TXT"
				value="Controls whether the Year End Depreciation Job will process Retired Assets" />
			<column name="EVAL_OPRTR_CD" value="A" />
			<column name="APPL_ID" value="KFS" />
		</insert>
		<insert tableName="KRCR_PARM_T">
			<column name="NMSPC_CD" value="KFS-CAM" />
			<column name="CMPNT_CD" value="All" />
			<column name="PARM_NM" value="FISCAL_YEAR_END_MONTH_AND_DAY" />
			<column name="OBJ_ID" value="KFSSYS7145-05" />
			<column name="VER_NBR" valueNumeric="1" />
			<column name="PARM_TYP_CD" value="CONFG" />
			<column name="VAL" value="0630" />
			<column name="PARM_DESC_TXT"
				value="The month and day marking the last date of the fiscal year (0630 means June 30th)." />
			<column name="EVAL_OPRTR_CD" value="A" />
			<column name="APPL_ID" value="KFS" />
		</insert>
	</changeSet>
	
	<changeSet author="KFS50" id="KFSMI-7172">	
		<comment>KFSMI-7165 correct ACCOUNT_ADDRESS_TYPE name and description</comment>
		<delete tableName="KRCR_PARM_T">
    		<where>NMSPC_CD='KFS-COA' AND CMPNT_CD='Account' AND PARM_NM='ACCOUNT_ADDRESS_TYPE'</where>
		</delete>
		<delete tableName="KRCR_PARM_T">
    		<where>NMSPC_CD='KFS-COA' AND CMPNT_CD='ObjectCode' AND PARM_NM='ENABLE_RESEARCH_ADMIN_OBJECT_CODE_ATTRIBUTE_IND'</where>
		</delete>
		<insert tableName="KRCR_PARM_T">
			<column name="NMSPC_CD" value="KFS-COA" />
			<column name="CMPNT_CD" value="Account" />
			<column name="PARM_NM" value="RESEARCH_ADMIN_ACCOUNT_ADDRESS_TYPE" />
			<column name="OBJ_ID" value="KFS606" />
			<column name="VER_NBR" valueNumeric="1" />
			<column name="PARM_TYP_CD" value="CONFG" />
			<column name="VAL" value="ADMIN;PI" />
			<column name="PARM_DESC_TXT"
				value="If KFS is integrated with a Research Admin System with multiple award address types (such as Kuali Coeus) and accounts are being automatically created based on awards in that system, this parameter defines the address type that should be populated as the account address. The first address type listed will be used if a value exists. If not the second will be used and if no address of the second type exists the address of the third type will be used, etc." />
			<column name="EVAL_OPRTR_CD" value="A" />
			<column name="APPL_ID" value="KFS" />
		</insert>
	</changeSet>
	
	<changeSet author="KFS50" id="KFSMI-7146">	
		<comment>KFSMI-7146 Update value for Parameter VALID_PAYEE_TYPES_BY_PAYMENT_REASON </comment>
		<update tableName="KRCR_PARM_T">
			<column name="VAL"
				value="A=V;B=V,E;C=V,E,VSP;D=V;E=V;F=V,E;G=V;H=V;K=V,VRF;L=V;M=V,E;N=V;P=V,E;R=V;T=V;W=V;X=V;Z=E" />
			<where>NMSPC_CD='KFS_FP' AND CMPNT_CD='DisbursementVoucher' AND PARM_NM='VALID_PAYEE_TYPES_BY_PAYMENT_REASON'</where>
		</update>
	</changeSet>
	
	<changeSet author="KFS50" id="KFSMI-7165">	
		<comment>KFSMI-7172 New Parameter UNORDERED_ITEM_DEFAULT_COMMODITY_CODE and new Commodity code 99200000 </comment>
		<insert tableName="KRCR_PARM_T">
			<column name="NMSPC_CD" value="KFS-PURAP" />
			<column name="CMPNT_CD" value="PurchaseOrderAmendment" />
			<column name="PARM_NM" value="UNORDERED_ITEM_DEFAULT_COMMODITY_CODE" />
			<column name="OBJ_ID" value="KFSPURAP7172" />
			<column name="VER_NBR" valueNumeric="1" />
			<column name="PARM_TYP_CD" value="CONFG" />
			<column name="VAL" value="99200000" />
			<column name="PARM_DESC_TXT"
				value="The default commodity code for unordered items. If commodity code is enabled and required on purchase order items, this value will be populated as the default commodity code for all unordered items when a Purchase Order Amendment Document is created from a Line Item Receiving Document." />
			<column name="EVAL_OPRTR_CD" value="A" />
			<column name="APPL_ID" value="KFS" />
		</insert>
	</changeSet>

	<changeSet author="KFS50" id="KFSMI6342_UNORDERED_LINE_ITEM_MESSAGE_PARAMETER">
		<comment>Adds parameter for warning message for when user clicks "add unordered item" button</comment>
		<insert tableName="KRCR_PARM_T">
			<column name="NMSPC_CD" value="KFS-PURAP" />
			<column name="CMPNT_CD" value="LineItemReceiving" />
			<column name="PARM_NM" value="UNORDERED_ITEM_WARNING_IND" />
			<column name="APPL_ID" value="KFS" />
			<column name="OBJ_ID" valueNumeric="sys_guid() " />
			<column name="VER_NBR" value="1" />
			<column name="PARM_TYP_CD" value="CONFG" />
			<column name="VAL" value="Y" />
			<column name="PARM_DESC_TXT" value="Indicates whether a warning message shall be given when a user clicks &quot;add unordered item&quot; button. When set to Y the user will receive a warning." />
			<column name="EVAL_OPRTR_CD" value="A" />
		</insert>
	    <modifySql dbms="mysql">
	      <replace replace="sys_guid()" with="uuid()" />
	    </modifySql>
	</changeSet>
	
	<changeSet author="KFS50" id="KFSMI6315_SEMAPHORE_PROCESSING_INTERVAL_INSERTION">
		<comment>Adds parameter for semaphore processing interval</comment>
		<insert tableName="KRCR_PARM_T">
			<column name="NMSPC_CD" value="KFS-SYS" />
			<column name="CMPNT_CD" value="BatchContainerStep" />
			<column name="PARM_NM" value="SEMAPHORE_PROCESSING_INTERVAL" />
			<column name="APPL_ID" value="KFS" />
			<column name="OBJ_ID" valueNumeric="sys_guid() " />
			<column name="VER_NBR" value="1" />
			<column name="PARM_TYP_CD" value="CONFG" />
			<column name="VAL" value="3000" />
			<column name="PARM_DESC_TXT" value="Controls the frequency (in milliseconds) with which the batch container (BatchContainerStep) will check for semaphore step files to process. The semaphore files are created by the brte scripts via BatchStepTrigger." />
			<column name="EVAL_OPRTR_CD" value="A" />
		</insert>
	    <modifySql dbms="mysql">
	      <replace replace="sys_guid()" with="uuid()" />
	    </modifySql>
	</changeSet>
	
	<changeSet author="KFS50" id="KFSMI5346_ACH_CC_PARAMETER">
		<comment>Adds parameter for KFSMI-5346 cc address for ACH notifications</comment>
		<insert tableName="KRCR_PARM_T">
			<column name="NMSPC_CD" value="KFS-PDP" />
			<column name="CMPNT_CD" value="SendAchAdviceNotificationsStep" />
			<column name="PARM_NM" value="ACH_SUMMARY_CC_EMAIL_ADDRESSES" />
			<column name="APPL_ID" value="KFS" />
			<column name="OBJ_ID" valueNumeric="sys_guid() " />
			<column name="VER_NBR" value="1" />
			<column name="PARM_TYP_CD" value="CONFG" />
			<column name="VAL" value="knoreceipt-l@indiana.edu" />
			<column name="PARM_DESC_TXT" value="The pdpSendAchAdviceNotificationsJob generates ACH payment summary email notifications for payees and copies of these emails are sent to the email address(es) specified in this parameter." />
			<column name="EVAL_OPRTR_CD" value="A" />
		</insert>
	    <modifySql dbms="mysql">
	      <replace replace="sys_guid()" with="uuid()" />
	    </modifySql>
	</changeSet>
	
	<changeSet author="KFS50" id="KFSMI6653_UPDATE_BANK_CODE_DOCUMENT_TYPES_PARAMETER">
		<comment>Updates the parameter KFS-SYS / Bank / BANK_CODE_DOCUMENT_TYPES to take out document types which permanently have bank codes.</comment>
		<update tableName="KRCR_PARM_T">
			<column name="VAL" value="DV;PREQ;CM;CTRL"/>
			<where>NMSPC_CD = 'KFS-SYS' and CMPNT_CD = 'Bank' and APPL_ID = 'KFS' and PARM_NM = 'BANK_CODE_DOCUMENT_TYPES'</where>
		</update>
	</changeSet>

	<changeSet author="KFS50" id="KFSMI307_DV_IMMEDIATE_EXTRACT_MAIL_PARAMS">
		<comment>Adds parameters for the from addresses and the to addresses for Disbursement Vouchers which were immediately extracted.</comment>
		<insert tableName="KRCR_PARM_T">
			<column name="NMSPC_CD" value="KFS-FP" />
			<column name="CMPNT_CD" value="DisbursementVoucher" />
			<column name="PARM_NM" value="IMMEDIATE_EXTRACT_NOTIFICATION_FROM_EMAIL_ADDRESS" />
			<column name="APPL_ID" value="KFS" />
			<column name="OBJ_ID" valueNumeric="sys_guid() " />
			<column name="VER_NBR" value="1" />
			<column name="PARM_TYP_CD" value="CONFG" />
			<column name="VAL" value="knoreceipt-l@indiana.edu" />
			<column name="PARM_DESC_TXT" value="Email address which sends out the notification that a disbursement voucher was prepared for immediate extraction." />
			<column name="EVAL_OPRTR_CD" value="A" />
		</insert>
		<insert tableName="KRCR_PARM_T">
			<column name="NMSPC_CD" value="KFS-FP" />
			<column name="CMPNT_CD" value="DisbursementVoucher" />
			<column name="PARM_NM" value="IMMEDIATE_EXTRACT_NOTIFICATION_TO_EMAIL_ADDRESSES" />
			<column name="APPL_ID" value="KFS" />
			<column name="OBJ_ID" valueNumeric="sys_guid() " />
			<column name="VER_NBR" value="1" />
			<column name="PARM_TYP_CD" value="CONFG" />
			<column name="VAL" value="knoreceipt-l@indiana.edu" />
			<column name="PARM_DESC_TXT" value="Email addresses which receive notification that a disbursement voucher was prepared for immediate extraction." />
			<column name="EVAL_OPRTR_CD" value="A" />
		</insert>
	    <modifySql dbms="mysql">
	      <replace replace="sys_guid()" with="uuid()" />
	    </modifySql>
	</changeSet>
	
	<changeSet author="KFS50" id="KFSMI5918_COLLECTOR_FAILURE_SUBJECT_PARAM">
		<comment>Adds parameter for KFSMI-5918 subject for Collector notification e-mail when failures occur</comment>
		<insert tableName="KRCR_PARM_T">
			<column name="NMSPC_CD" value="KFS-GL" />
			<column name="CMPNT_CD" value="CollectorStep" />
			<column name="PARM_NM" value="VALIDATION_ERROR_EMAIL_SUBJECT_LINE" />
			<column name="APPL_ID" value="KFS" />
			<column name="OBJ_ID" valueNumeric="sys_guid() " />
			<column name="VER_NBR" value="1" />
			<column name="PARM_TYP_CD" value="CONFG" />
			<column name="VAL" value="File Uploaded Not Processed" />
			<column name="PARM_DESC_TXT" value="This is the subject line used when the collector sends out email relating to a file that failed validation." />
			<column name="EVAL_OPRTR_CD" value="A" />
		</insert>
	    <modifySql dbms="mysql">
	      <replace replace="sys_guid()" with="uuid()" />
	    </modifySql>
	</changeSet>
	
	<changeSet author="KFS50" id="KFSMI6285_PROCUREMENT_CARD_DEFAULT_PARAMETERS">
		<comment>Create parameters which turn on various fields in the ProcurementCardDefault business object</comment>
		<insert tableName="KRCR_PARM_T">
			<column name="NMSPC_CD" value="KFS-FP" />
			<column name="CMPNT_CD" value="ProcurementCardCreateDocumentsStep" />
			<column name="PARM_NM" value="PROCUREMENT_CARD_ACCOUNTING_DEFAULT_IND" />
			<column name="APPL_ID" value="KFS" />
			<column name="OBJ_ID" valueNumeric="sys_guid() " />
			<column name="VER_NBR" value="1" />
			<column name="PARM_TYP_CD" value="CONFG" />
			<column name="VAL" value="N" />
			<column name="PARM_DESC_TXT" value="If yes, accounting information is displayed / required on the Procurement Card Document Default maintenance document and accounting line information on the Procurement Card document is populated from Procurement Card Document Default table, if present.  If accounting information does not exist in the reference table for a given credit card, the ERROR_TRANSACTION* parameter values will be used.  If No, the accounting line information on the Procurement Card document is generated from the bank file." />
			<column name="EVAL_OPRTR_CD" value="A" />
		</insert>
		<insert tableName="KRCR_PARM_T">
			<column name="NMSPC_CD" value="KFS-FP" />
			<column name="CMPNT_CD" value="ProcurementCardCreateDocumentsStep" />
			<column name="PARM_NM" value="PROCUREMENT_CARD_HOLDER_DEFAULT_IND" />
			<column name="APPL_ID" value="KFS" />
			<column name="OBJ_ID" valueNumeric="sys_guid() " />
			<column name="VER_NBR" value="1" />
			<column name="PARM_TYP_CD" value="CONFG" />
			<column name="VAL" value="N" />
			<column name="PARM_DESC_TXT" value="If yes, cardholder information is displayed / required on the Procurement Card Document Default maintenance document and cardholder information on the Procurement Card document is populated from Procurement Card Document Default table, if present.  If No, the cardholder information on the Procurement Card document is generated from the bank file." />
			<column name="EVAL_OPRTR_CD" value="A" />
		</insert>
	    <modifySql dbms="mysql">
	      <replace replace="sys_guid()" with="uuid()" />
	    </modifySql>
	</changeSet>
	
	<changeSet author="KFS50" id="KFSMI6809_DEPRECIATION_BLANK_OUT_PARAMS">
		<comment>Adds parameters to control the more finely tuned running of the Asset Depreciation job during the "blank out period," traditionally in the months around year end.</comment>
		<insert tableName="KRCR_PARM_T">
			<column name="NMSPC_CD" value="KFS-CAM" />
			<column name="CMPNT_CD" value="AssetDepreciationStep" />
			<column name="PARM_NM" value="RUN_DATE" />
			<column name="APPL_ID" value="KFS" />
			<column name="OBJ_ID" valueNumeric="sys_guid() " />
			<column name="VER_NBR" value="1" />
			<column name="PARM_TYP_CD" value="CONFG" />
			<column name="VAL" value="" />
			<column name="PARM_DESC_TXT" value="The run date to run the asset depreciation batch job during the blank out period." />
			<column name="EVAL_OPRTR_CD" value="A" />
		</insert>
		<insert tableName="KRCR_PARM_T">
			<column name="NMSPC_CD" value="KFS-CAM" />
			<column name="CMPNT_CD" value="AssetDepreciationStep" />
			<column name="PARM_NM" value="BLANK_OUT_BEGIN_MMDD" />
			<column name="APPL_ID" value="KFS" />
			<column name="OBJ_ID" valueNumeric="sys_guid() " />
			<column name="VER_NBR" value="1" />
			<column name="PARM_TYP_CD" value="CONFG" />
			<column name="VAL" value="" />
			<column name="PARM_DESC_TXT" value="The depreciation blank out period begin month and day (in format MM/DD) when the job should not run automatically." />
			<column name="EVAL_OPRTR_CD" value="A" />
		</insert>
		<insert tableName="KRCR_PARM_T">
			<column name="NMSPC_CD" value="KFS-CAM" />
			<column name="CMPNT_CD" value="AssetDepreciationStep" />
			<column name="PARM_NM" value="BLANK_OUT_END_MMDD" />
			<column name="APPL_ID" value="KFS" />
			<column name="OBJ_ID" valueNumeric="sys_guid() " />
			<column name="VER_NBR" value="1" />
			<column name="PARM_TYP_CD" value="CONFG" />
			<column name="VAL" value="" />
			<column name="PARM_DESC_TXT" value="The depreciation blank out period end month and day (in format MM/DD) when the job should not run automatically." />
			<column name="EVAL_OPRTR_CD" value="A" />
		</insert>
		<insert tableName="KRCR_PARM_T">
			<column name="NMSPC_CD" value="KFS-CAM" />
			<column name="CMPNT_CD" value="AssetDepreciationStep" />
			<column name="PARM_NM" value="BLANK_OUT_PERIOD_RUN_DATE" />
			<column name="APPL_ID" value="KFS" />
			<column name="OBJ_ID" valueNumeric="sys_guid() " />
			<column name="VER_NBR" value="1" />
			<column name="PARM_TYP_CD" value="CONFG" />
			<column name="VAL" value="" />
			<column name="PARM_DESC_TXT" value="The run date (in format mm/dd/yyyy) to run the asset depreciation batch job during the blank out period." />
			<column name="EVAL_OPRTR_CD" value="A" />
		</insert>
	    <modifySql dbms="mysql">
	      <replace replace="sys_guid()" with="uuid()" />
	    </modifySql>
	</changeSet>
	
	<changeSet author="KFS50" id="KFSMI6809_RUN_DATE_NOTIFICATION_PARAM">
		<comment>Adds parameter for KFSMI-6809 which holds the e-mail address for notifications about the Asset Depreciation run date.</comment>
		<insert tableName="KRCR_PARM_T">
			<column name="NMSPC_CD" value="KFS-CAM" />
			<column name="CMPNT_CD" value="AssetDepreciationStep" />
			<column name="PARM_NM" value="RUN_DATE_NOTIFICATION_EMAIL_ADDRESSES" />
			<column name="APPL_ID" value="KFS" />
			<column name="OBJ_ID" valueNumeric="sys_guid() " />
			<column name="VER_NBR" value="1" />
			<column name="PARM_TYP_CD" value="CONFG" />
			<column name="VAL" value="" />
			<column name="PARM_DESC_TXT" value="This email list to send a notification when blank out period run date is not set or not in blank out period range." />
			<column name="EVAL_OPRTR_CD" value="A" />
		</insert>
	    <modifySql dbms="mysql">
	      <replace replace="sys_guid()" with="uuid()" />
	    </modifySql>
	</changeSet>
	
	<changeSet author="KFS50" id="KFSMI6890_PARAMETER_UPDATE_FOR_ACH_BANKS">
		<comment>New parameter on url to find Federal ACH Bank file from, plus update corresponding parameter with bad parameter detail type</comment>
		<insert tableName="KRCR_PARM_T">
			<column name="NMSPC_CD" value="KFS-PDP" />
			<column name="CMPNT_CD" value="Batch" />
			<column name="PARM_NM" value="FEDERAL_ACH_BANK_FILE_URL" />
			<column name="APPL_ID" value="KFS" />
			<column name="OBJ_ID" valueNumeric="sys_guid() " />
			<column name="VER_NBR" value="1" />
			<column name="PARM_TYP_CD" value="CONFG" />
			<column name="VAL" value="https://www.fededirectory.frb.org/FedACHdir.txt" />
			<column name="PARM_DESC_TXT" value="The URL of the file to download from the Federal ACH Bank Directory website. This file is then loaded into the ACH bank table." />
			<column name="EVAL_OPRTR_CD" value="A" />
		</insert>
		<update tableName="KRCR_PARM_T">
			<column name="CMPNT_CD" value="Batch"/>
			<where>nmspc_cd = 'KFS-PDP' and CMPNT_CD = 'All' and parm_nm = 'ACH_BANK_INPUT_FILE' and APPL_ID = 'KFS'</where>
		</update>
	    <modifySql dbms="mysql">
	      <replace replace="sys_guid()" with="uuid()" />
	    </modifySql>
	</changeSet>
	
	<changeSet author="KFS50" id="KFSMI4452_BATCH_LOCKOUT_MESSAGE">
		<comment>Adds parameter for KFSMI-4452 to hold message when documents are locked out by other processes (such as pdp purap immediate extracts job)</comment>
		<insert tableName="KRCR_PARM_T">
			<column name="NMSPC_CD" value="KFS-SYS" />
			<column name="CMPNT_CD" value="All" />
			<column name="PARM_NM" value="DOCUMENT_LOCKOUT_DEFAULT_MESSAGE" />
			<column name="APPL_ID" value="KFS" />
			<column name="OBJ_ID" valueNumeric="sys_guid() " />
			<column name="VER_NBR" value="1" />
			<column name="PARM_TYP_CD" value="CONFG" />
			<column name="VAL" value="This document is currently locked out for running batch job." />
			<column name="PARM_DESC_TXT" value="This parameter is to set the default message for the various documents during the lockout time." />
			<column name="EVAL_OPRTR_CD" value="A" />
		</insert>
	    <modifySql dbms="mysql">
	      <replace replace="sys_guid()" with="uuid()" />
	    </modifySql>
	</changeSet>
	
	<changeSet author="KFS50" id="KFSMI6820_FROM_ADDRESSES_FOR_BATCH_JOBS">
		<comment>Adds parameters for several modules which have batch jobs that need to have specified from e-mail addresses for sent e-mails.  Kalani did the sql on this one.</comment>
		<insert tableName="KRCR_PARM_T">
			<column name="NMSPC_CD" value="KFS-GL" />
			<column name="CMPNT_CD" value="Batch" />
			<column name="PARM_NM" value="FROM_EMAIL_ADDRESS" />
			<column name="APPL_ID" value="KFS" />
			<column name="OBJ_ID" valueNumeric="sys_guid() " />
			<column name="VER_NBR" value="1" />
			<column name="PARM_TYP_CD" value="CONFG" />
			<column name="VAL" value="" />
			<column name="PARM_DESC_TXT" value="From email address used for messages sent by the system." />
			<column name="EVAL_OPRTR_CD" value="A" />
		</insert>
		<insert tableName="KRCR_PARM_T">
			<column name="NMSPC_CD" value="KFS-LD" />
			<column name="CMPNT_CD" value="Batch" />
			<column name="PARM_NM" value="FROM_EMAIL_ADDRESS" />
			<column name="APPL_ID" value="KFS" />
			<column name="OBJ_ID" valueNumeric="sys_guid() " />
			<column name="VER_NBR" value="1" />
			<column name="PARM_TYP_CD" value="CONFG" />
			<column name="VAL" value="" />
			<column name="PARM_DESC_TXT" value="From email address used for messages sent by the system." />
			<column name="EVAL_OPRTR_CD" value="A" />
		</insert>
		<insert tableName="KRCR_PARM_T">
			<column name="NMSPC_CD" value="KFS-PDP" />
			<column name="CMPNT_CD" value="Batch" />
			<column name="PARM_NM" value="FROM_EMAIL_ADDRESS" />
			<column name="APPL_ID" value="KFS" />
			<column name="OBJ_ID" valueNumeric="sys_guid() " />
			<column name="VER_NBR" value="1" />
			<column name="PARM_TYP_CD" value="CONFG" />
			<column name="VAL" value="" />
			<column name="PARM_DESC_TXT" value="From email address used for messages sent by the system." />
			<column name="EVAL_OPRTR_CD" value="A" />
		</insert>
		<insert tableName="KRCR_PARM_T">
			<column name="NMSPC_CD" value="KFS-PURAP" />
			<column name="CMPNT_CD" value="Batch" />
			<column name="PARM_NM" value="FROM_EMAIL_ADDRESS" />
			<column name="APPL_ID" value="KFS" />
			<column name="OBJ_ID" valueNumeric="sys_guid() " />
			<column name="VER_NBR" value="1" />
			<column name="PARM_TYP_CD" value="CONFG" />
			<column name="VAL" value="" />
			<column name="PARM_DESC_TXT" value="From email address used for messages sent by the system." />
			<column name="EVAL_OPRTR_CD" value="A" />
		</insert>
	    <modifySql dbms="mysql">
	      <replace replace="sys_guid()" with="uuid()" />
	    </modifySql>
	</changeSet>
	
	<changeSet author="KFS50" id="KFSMI6944_SCHEDULE_PRIOR_YEAR_JOB">
		<comment>Adds parameter for KFSMI-6944 to specify run date for prior year job, so that job can be scheduled. Megha did the sql here.</comment>
		<insert tableName="KRCR_PARM_T">
			<column name="NMSPC_CD" value="KFS-COA" />
			<column name="CMPNT_CD" value="UpdatePriorYearDataStep" />
			<column name="PARM_NM" value="RUN_DATE" />
			<column name="APPL_ID" value="KFS" />
			<column name="OBJ_ID" valueNumeric="sys_guid() " />
			<column name="VER_NBR" value="1" />
			<column name="PARM_TYP_CD" value="CONFG" />
			<column name="VAL" value="06/30/2011" />
			<column name="PARM_DESC_TXT" value="The run date (in format MM/DD/YYYY ) to run the update prior year data job." />
			<column name="EVAL_OPRTR_CD" value="A" />
		</insert>
	    <modifySql dbms="mysql">
	      <replace replace="sys_guid()" with="uuid()" />
	    </modifySql>
	</changeSet>
	
	<changeSet author="KFS50" id="KFSMI7014_PARAM_TO_INACTIVE_AMOUNT_TOTAL_DURING_POST_PROCESS">
		<comment>Adds parameter for KFSMI-7014 to activate or inactivate whether amount totaling occurs during post-processing.</comment>
		<insert tableName="KRCR_PARM_T">
			<column name="NMSPC_CD" value="KFS-SYS" />
			<column name="CMPNT_CD" value="Document" />
			<column name="PARM_NM" value="UPDATE_TOTAL_AMOUNT_IN_POST_PROCESSING_IND" />
			<column name="APPL_ID" value="KFS" />
			<column name="OBJ_ID" valueNumeric="sys_guid() " />
			<column name="VER_NBR" value="1" />
			<column name="PARM_TYP_CD" value="CONFG" />
			<column name="VAL" value="N" />
			<column name="PARM_DESC_TXT" value="Determines whether functionality to update a financial document's total amount during routing post-processing should be carried out." />
			<column name="EVAL_OPRTR_CD" value="A" />
		</insert>
	    <modifySql dbms="mysql">
	      <replace replace="sys_guid()" with="uuid()" />
	    </modifySql>
	</changeSet>
	
	<changeSet author="KFS50" id="KFSMI6319_EINVOICE_OVERRIDE_CAMPUS">
		<comment>Adds parameter for KFSMI-6319 to potentially override the campus used by the e-invoicing process. Megha did the original sql here.</comment>
		<insert tableName="KRCR_PARM_T">
			<column name="NMSPC_CD" value="KFS-PURAP" />
			<column name="CMPNT_CD" value="ElectronicInvoiceStep" />
			<column name="PARM_NM" value="OVERRIDE_PROCESSING_CAMPUS" />
			<column name="APPL_ID" value="KFS" />
			<column name="OBJ_ID" valueNumeric="sys_guid() " />
			<column name="VER_NBR" value="1" />
			<column name="PARM_TYP_CD" value="CONFG" />
			<column name="VAL" value="" />
			<column name="PARM_DESC_TXT" value="This parameter is to determine the campus for electronic invoice payments. If parameter value is populated, set the processing campus on the eInvoice generated PREQ to the parameter value. If parameter value is empty, use the Requisition initiator''s campus code." />
			<column name="EVAL_OPRTR_CD" value="A" />
		</insert>
	    <modifySql dbms="mysql">
	      <replace replace="sys_guid()" with="uuid()" />
	    </modifySql>
	</changeSet>
	
	<changeSet author="KFS50" id="KFSMI6929_LABOR_LEDGER_ORIGIN_CODES_PARAMETER">
		<comment>Adds parameter for KFSMI-6929 which lists labor ledger origin codes</comment>
		<insert tableName="KRCR_PARM_T">
			<column name="NMSPC_CD" value="KFS-LD" />
			<column name="CMPNT_CD" value="LedgerEntry" />
			<column name="PARM_NM" value="LINK_DOCUMENT_NUMBER_TO_LABOR_ORIGIN_CODES" />
			<column name="APPL_ID" value="KFS" />
			<column name="OBJ_ID" valueNumeric="sys_guid() " />
			<column name="VER_NBR" value="1" />
			<column name="PARM_TYP_CD" value="CONFG" />
			<column name="VAL" value="LD;PL" />
			<column name="PARM_DESC_TXT" value="The list of origin codes which will cause a general ledger Entry's document number on a lookup to form a link to the list of labor ledger entries which created that general ledger entry." />
			<column name="EVAL_OPRTR_CD" value="A" />
		</insert>
	    <modifySql dbms="mysql">
	      <replace replace="sys_guid()" with="uuid()" />
	    </modifySql>
	</changeSet>
	
	<changeSet author="KFS50" id="KFSMI7006_CUTOFF_TIME_PARAMETER">
		<comment>Adds parameter to perform cutoff of batch cycle.</comment>
		<insert tableName="KRCR_PARM_T">
			<column name="NMSPC_CD" value="KFS-SYS" />
			<column name="CMPNT_CD" value="Batch" />
			<column name="PARM_NM" value="RUN_DATE_CUTOFF_TIME" />
			<column name="APPL_ID" value="KFS" />
			<column name="OBJ_ID" valueNumeric="sys_guid() " />
			<column name="VER_NBR" value="1" />
			<column name="PARM_TYP_CD" value="CONFG" />
			<column name="VAL" value="2:00:00" />
			<column name="PARM_DESC_TXT" value="Time, in 24 hour time format (hh:mm:ss), after which it is considered to be the next day for the purposes of evaluating RUN_DATE parameters. For example: Today is 9/27/2011, RUN_DATE=9/27/2011, RUN_DATE_CUTOFF_TIME=2:00:00. Due to a slow running schedule a job triggered by RUN_DATE does not have its turn until 1:00 9/28/2011. The job will still run because the cutoff time is 2 hours after midnight. In this case, anything running after 2:00 is considered the next day." />
			<column name="EVAL_OPRTR_CD" value="A" />
		</insert>
	    <modifySql dbms="mysql">
	      <replace replace="sys_guid()" with="uuid()" />
	    </modifySql>
	</changeSet>

	<changeSet author="KFS50" id="KFSCNTRB162_DEBARRED_VENDOR_TRACKING_PARMS">
		<comment>New parameters for debarred vendor tracking process as well as the permission to upload the vendor exclusion file.</comment>
		<insert tableName="KRCR_PARM_T">
			<column name="NMSPC_CD" value="KFS-VND" />
			<column name="CMPNT_CD" value="Lookup" />
			<column name="PARM_NM" value="EXCLUSION_AND_DEBARRED_VENDOR_TYPES" />
			<column name="APPL_ID" value="KFS" />
			<column name="OBJ_ID" valueNumeric="sys_guid() " />
			<column name="VER_NBR" value="1" />
			<column name="PARM_TYP_CD" value="CONFG" />
			<column name="VAL" value="PO;DV" />
			<column name="PARM_DESC_TXT" value="This parameter identifies the vendor types available as search criteria on the Vendor Exclusion and Debarred Unmatched Vendor lookups." />
			<column name="EVAL_OPRTR_CD" value="A" />
		</insert>
		<insert tableName="KRCR_PARM_T">
			<column name="NMSPC_CD" value="KFS-PURAP" />
			<column name="CMPNT_CD" value="Requisition" />
			<column name="PARM_NM" value="SHOW_DEBARRED_VENDOR_WARNING_IND" />
			<column name="APPL_ID" value="KFS" />
			<column name="OBJ_ID" valueNumeric="sys_guid() " />
			<column name="VER_NBR" value="1" />
			<column name="PARM_TYP_CD" value="CONFG" />
			<column name="VAL" value="Y" />
			<column name="PARM_DESC_TXT" value="This indicates whether a warning or an error should be displayed when a debarred vendor is selected in a requisition. If Y then a warning is displayed. If N an error is displayed." />
			<column name="EVAL_OPRTR_CD" value="A" />
		</insert>
		<insert tableName="KRCR_PARM_T">
			<column name="NMSPC_CD" value="KFS-PURAP" />
			<column name="CMPNT_CD" value="PurchaseOrder" />
			<column name="PARM_NM" value="SHOW_DEBARRED_VENDOR_WARNING_IND" />
			<column name="APPL_ID" value="KFS" />
			<column name="OBJ_ID" valueNumeric="sys_guid() " />
			<column name="VER_NBR" value="1" />
			<column name="PARM_TYP_CD" value="CONFG" />
			<column name="VAL" value="Y" />
			<column name="PARM_DESC_TXT" value="This indicates whether a warning or an error should be displayed when a debarred vendor is selected in a purchase order. If Y then a warning is displayed. If N an error is displayed." />
			<column name="EVAL_OPRTR_CD" value="A" />
		</insert>
	    <modifySql dbms="mysql">
	      <replace replace="sys_guid()" with="uuid()" />
	    </modifySql>
	</changeSet>

	<changeSet author="KFS50" id="KFSCNTRB672_BATCH_MAX_FILE_SIZE_PARAMETER">
		<comment>Adds parameter which determines the max size of files which can be uploaded via batch upload.</comment>
		<insert tableName="KRCR_PARM_T">
			<column name="NMSPC_CD" value="KFS-SYS" />
			<column name="CMPNT_CD" value="Batch" />
			<column name="PARM_NM" value="MAX_FILE_SIZE_UPLOAD" />
			<column name="APPL_ID" value="KFS" />
			<column name="OBJ_ID" valueNumeric="sys_guid() " />
			<column name="VER_NBR" value="1" />
			<column name="PARM_TYP_CD" value="CONFG" />
			<column name="VAL" value="30M" />
			<column name="PARM_DESC_TXT" value="The size limitation for batch file uploads in megabytes." />
			<column name="EVAL_OPRTR_CD" value="A" />
		</insert>
	    <modifySql dbms="mysql">
	      <replace replace="sys_guid()" with="uuid()" />
	    </modifySql>
	</changeSet>
	
	<changeSet author="KFS50" id="KFSCNTRB155_DEFAULT_ASSET_MANUFACTURER_PARAMETER">
		<comment>Adds parameter to specify the default asset manufacturer</comment>
		<insert tableName="KRCR_PARM_T">
			<column name="NMSPC_CD" value="KFS-CAM" />
			<column name="CMPNT_CD" value="Asset" />
			<column name="PARM_NM" value="DEFAULT_FABRICATION_ASSET_MANUFACTURER" />
			<column name="APPL_ID" value="KFS" />
			<column name="OBJ_ID" valueNumeric="sys_guid() " />
			<column name="VER_NBR" value="1" />
			<column name="PARM_TYP_CD" value="CONFG" />
			<column name="VAL" value="UNIVERSITY CONSTRUCTED" />
			<column name="PARM_DESC_TXT" value="Default manufacturer name to be used during Asset Fabrication." />
			<column name="EVAL_OPRTR_CD" value="A" />
		</insert>
	    <modifySql dbms="mysql">
	      <replace replace="sys_guid()" with="uuid()" />
	    </modifySql>
	</changeSet>
	
	<changeSet author="KFS50" id="UPDATE_CFDA_PARAM_NAMESPACE">
		<comment>The CFDA Code was moved into the COA module instead of CG.</comment>
		<update tableName="KRCR_PARM_T">
			<column name="NMSPC_CD" value="KFS-COA" />
			<where>NMSPC_CD='KFS-CG' AND CMPNT_CD = 'CfdaBatchStep' AND APPL_ID = 'KFS'</where>
		</update>
	</changeSet>

	<changeSet author="KFS50" id="UPDATE_NO_PAYMENT_FILE_TO_EMAIL_ADDRESSES">
		<comment>PDP Parameter NO_PAYMENT_FILE_TO_EMAIL_ADDRESSES evaluated incorrectly causing NPE</comment>
		<delete tableName="KRCR_PARM_T">
			<where>NMSPC_CD='KFS-PDP' AND CMPNT_CD = 'All' AND PARM_NM='NO_PAYMENT_FILE_TO_EMAIL_ADDRESSES'</where>
		</delete>
		<insert tableName="KRCR_PARM_T">
			<column name="NMSPC_CD" value="KFS-PDP" />
			<column name="CMPNT_CD" value="All" />
			<column name="PARM_NM" value="SEND_ACH_EMAIL_NOTIFICATION_IND" />
			<column name="APPL_ID" value="KFS" />
			<column name="OBJ_ID" value="KFS409" />
			<column name="VER_NBR" value="1" />
			<column name="PARM_TYP_CD" value="CONFG" />
			<column name="VAL" value="Y" />
			<column name="PARM_DESC_TXT" value="If set to Y PDP will send ACH email notifications to payees. If set to N PDP will not send these notifications." />
			<column name="EVAL_OPRTR_CD" value="A" />
		</insert>
	</changeSet>

	<changeSet author="KFS50" id="FIX_DV_PAYEE_TYPE_PAYMENT_REASON_RULE">
		<update tableName="KRCR_PARM_T">
			<column name="VAL" valueNumeric=" REPLACE( val, 'C=V,S,E', 'C=V,E,VSP' ) " />
			<where>PARM_NM = 'VALID_PAYEE_TYPES_BY_PAYMENT_REASON' AND NMSPC_CD='KFS-FP' AND CMPNT_CD = 'DisbursementVoucher' AND APPL_ID = 'KFS'</where>
		</update>
		<update tableName="KRCR_PARM_T">
			<column name="VAL" valueNumeric=" REPLACE( val, 'K=V,F', 'K=V,VRF' ) " />
			<where>PARM_NM = 'VALID_PAYEE_TYPES_BY_PAYMENT_REASON' AND NMSPC_CD='KFS-FP' AND CMPNT_CD = 'DisbursementVoucher' AND APPL_ID = 'KFS'</where>
		</update>
	</changeSet>
	
	<changeSet author="KFS50" id="CAMS_ADD_ACQ_CODE_T_TO_PARAM">
		<update tableName="KRCR_PARM_T">
			<column name="VAL" valueNumeric=" CASE WHEN val IS NULL THEN 'T' ELSE CONCAT( val, ';T' ) END " />
			<where>PARM_NM = 'CAPITAL_OBJECT_ACQUISITION_CODES' AND NMSPC_CD='KFS-CAM' AND CMPNT_CD = 'AssetGlobal' AND APPL_ID = 'KFS'</where>
		</update>
	</changeSet>
	
	<changeSet author="KFS50" id="FIX_DATE_FORMATS">
		<comment>Update date formats in the parameter table.  But, only if they are unchanged from the released dataset.</comment>
		<update tableName="KRCR_PARM_T">
			<column name="VAL" value="4/1/2008" />
			<where>VAL = '2008-04-01' AND PARM_NM = 'DEPRECIATION_RUN_DATE' AND NMSPC_CD='KFS-CAM' AND CMPNT_CD = 'Batch' AND APPL_ID = 'KFS'</where>
		</update>
	</changeSet>
	
	<changeSet author="KFS50" id="ENSURE_NO_IU_EMAILS">
		<comment>Ensure all non knoreceipt emails are converted.</comment>
		<update tableName="KRCR_PARM_T">
			<column name="VAL" value="knoreceipt-l@indiana.edu" />
			<where>VAL = 'kbatch-l@indiana.edu' AND APPL_ID = 'KFS'</where>
		</update>		
	</changeSet>

	<changeSet author="KFS50" id="PARM_ACCOUNTS_TO_COPY_TO_PRIOR_YEAR_TABLES">
		<insert tableName="KRCR_PARM_T">
			<column name="NMSPC_CD" value="KFS-COA" />
			<column name="CMPNT_CD" value="AddPriorYearAccountsStep" />
			<column name="PARM_NM" value="PRIOR_YEAR_ACCOUNTS_TO_BE_ADDED" />
			<column name="VAL" value="" />
			<column name="OBJ_ID" value="COA_PRIOR_YEAR_ACCTS" />
			<column name="VER_NBR" valueNumeric="1" />
			<column name="PARM_TYP_CD" value="CONFG" />
			<column name="PARM_DESC_TXT" value="The list of accounts created after the start of a new fiscal year, but need to be used for the prior year and should be added to the Prior Year Account table by the batch job addPriorYearAccountsJob. If no such account exist, this parameter shall be left empty; otherwise, the value shall be in the format of &quot;coaCode1-accountNumber1;coaCode2-accountNumber2;coaCode3-accountNumber3&quot; and so on; for example, the value &quot;BL-0142900;BA-1111111;UA-1000000&quot; defines 3 accounts to be added. The value of this parameter shall be updated after each year end, before running addPriorYearAccountsJob." />
			<column name="EVAL_OPRTR_CD" value="A" />
			<column name="APPL_ID" value="KFS" />
		</insert>
	</changeSet>

	<changeSet author="KFS50" id="PARM_EXPENSE_BASIC_ACCOUNTING_CAT">
		<insert tableName="KRCR_PARM_T">
			<column name="NMSPC_CD" value="KFS-GL" />
			<column name="CMPNT_CD" value="AccountBalanceByConsolidation" />
			<column name="PARM_NM" value="BASIC_ACCOUNTING_CATEGORY_REPRESENTING_EXPENSES" />
			<column name="VAL" value="EX" />
			<column name="OBJ_ID" value="GL_EXP_ACT_CAT" />
			<column name="VER_NBR" valueNumeric="1" />
			<column name="PARM_TYP_CD" value="CONFG" />
			<column name="PARM_DESC_TXT" value="The basic accounting category type which will represent expenses in Account Balance by Consolidation lookups." />
			<column name="EVAL_OPRTR_CD" value="A" />
			<column name="APPL_ID" value="KFS" />
		</insert>
	</changeSet>

	<changeSet author="KFS50" id="PARM_PURAP_REQUIRED_INDICATORS">
		<insert tableName="KRCR_PARM_T">
			<column name="NMSPC_CD" value="KFS-PURAP" />
			<column name="CMPNT_CD" value="Document" />
			<column name="PARM_NM" value="PAYMENT_REQUEST_POSITIVE_APPROVAL_IND" />
			<column name="VAL" value="Y" />
			<column name="OBJ_ID" value="PURAP_PREQ_POS_APPR" />
			<column name="VER_NBR" valueNumeric="1" />
			<column name="PARM_TYP_CD" value="CONFG" />
			<column name="PARM_DESC_TXT" value="Display the functionality on a Requisition and Purchase Order document to trigger Positive Approval indicator. If this parameter is set to &quot;N&quot;, the indicator will not be displayed on any document, and any functionality connected to the indicator will be turned off." />
			<column name="EVAL_OPRTR_CD" value="A" />
			<column name="APPL_ID" value="KFS" />
		</insert>
		<insert tableName="KRCR_PARM_T">
			<column name="NMSPC_CD" value="KFS-PURAP" />
			<column name="CMPNT_CD" value="Document" />
			<column name="PARM_NM" value="RECEIVING_DOCUMENT_REQUIRED_IND" />
			<column name="VAL" value="Y" />
			<column name="OBJ_ID" value="PURAP_RCV_DOC_REQ" />
			<column name="VER_NBR" valueNumeric="1" />
			<column name="PARM_TYP_CD" value="CONFG" />
			<column name="PARM_DESC_TXT" value="Display the functionality on a Requisition and Purchase Order document to trigger Receiving Required Indicator. If this parameter is set to &quot;N&quot;, the indicator will not be displayed on any document, and any functionality connected to the indicator will be turned off." />
			<column name="EVAL_OPRTR_CD" value="A" />
			<column name="APPL_ID" value="KFS" />
		</insert>
	</changeSet>
	
	<changeSet author="KFS50" id="KFSMI-8710_MAXIMUM_ACCOUNT_RESPONSIBILITY_ID_TO_COA_MODULE">	
		<comment>KFSMI-8710 MAXIMUM_ACCOUNT_RESPONSIBILITY_ID parameter should be part of KFS-COA instead of KFS-CG</comment>
		<update tableName="KRCR_PARM_T">
			<column name="NMSPC_CD" value="KFS-COA" />
			<where>NMSPC_CD='KFS-CG' AND CMPNT_CD='All' AND PARM_NM='MAXIMUM_ACCOUNT_RESPONSIBILITY_ID' AND APPL_ID = 'KFS'</where>
		</update>
	</changeSet>

</databaseChangeLog>