<?xml version="1.0" encoding="UTF-8" standalone="no"?>
<!--
    Copyright 2012 The Kuali Foundation

    Licensed under the Educational Community License, Version 2.0 (the "License");
    you may not use this file except in compliance with the License.
    You may obtain a copy of the License at

    http://www.opensource.org/licenses/ecl2.php

    Unless required by applicable law or agreed to in writing, software
    distributed under the License is distributed on an "AS IS" BASIS,
    WITHOUT WARRANTIES OR CONDITIONS OF ANY KIND, either express or implied.
    See the License for the specific language governing permissions and
    limitations under the License.
-->
<databaseChangeLog xmlns='http://www.liquibase.org/xml/ns/dbchangelog'
	xmlns:xsi='http://www.w3.org/2001/XMLSchema-instance'
	xsi:schemaLocation='http://www.liquibase.org/xml/ns/dbchangelog http://www.liquibase.org/xml/ns/dbchangelog/dbchangelog-2.0.xsd'>

	<changeSet author="RICE20" id="RICE_SERVER_UPDATES_oracle-mod2" dbms="oracle">

	<sql splitStatements="false"><![CDATA[
	    DECLARE
            	PROCEDURE drop_synonyms IS
		    CURSOR synonyms_cursor IS
                        SELECT synonym_name
			FROM all_synonyms
			WHERE owner = 'PUBLIC' AND (substr(synonym_name, 1, 4) = 'KREW' or substr(synonym_name, 1, 4) = 'KRNS' or substr(synonym_name, 1, 4) = 'KRMS');
            BEGIN
                FOR syn IN synonyms_cursor LOOP
                    EXECUTE IMMEDIATE 'DROP PUBLIC SYNONYM ' || syn.synonym_name;
                END LOOP;
            END;
            BEGIN
                drop_synonyms();
	    END;
	]]></sql>		
		<sql splitStatements="false"><![CDATA[
		-- 
		-- 2010-04-15.sql
		-- 
		ALTER TABLE krns_sesn_doc_t ADD (OBJ_ID VARCHAR2(36))
		]]></sql>
		<sql splitStatements="false"><![CDATA[
		ALTER TABLE krns_sesn_doc_t ADD (VER_NBR NUMBER(8) DEFAULT 0)
		]]></sql>
		<sql splitStatements="false"><![CDATA[
		
		
		
		
		
		-- 
		-- 2010-05-03.sql
		-- 
		
		
		ALTER TABLE KRIM_PND_GRP_ATTR_DATA_T ADD (ACTV_IND VARCHAR2(1) default 'Y'
		                                        , EDIT_FLAG VARCHAR2(1) default 'N')
		]]></sql>
		<sql splitStatements="false"><![CDATA[
		
		
		
		
		-- 
		-- 2010-05-12.sql
		-- 
		
		
		alter table kren_chnl_subscrp_t add OBJ_ID varchar2(36)
		]]></sql>
		<sql splitStatements="false"><![CDATA[
		alter table kren_cntnt_typ_t add OBJ_ID varchar2(36) 
		]]></sql>
		<sql splitStatements="false"><![CDATA[
		alter table kren_chnl_t add OBJ_ID varchar2(36) 
		]]></sql>
		<sql splitStatements="false"><![CDATA[
		alter table kren_ntfctn_msg_deliv_t add OBJ_ID varchar2(36) 
		]]></sql>
		<sql splitStatements="false"><![CDATA[
		alter table kren_ntfctn_t add OBJ_ID varchar2(36) 
		]]></sql>
		<sql splitStatements="false"><![CDATA[
		alter table kren_prio_t add OBJ_ID varchar2(36) 
		]]></sql>
		<sql splitStatements="false"><![CDATA[
		alter table kren_prodcr_t add OBJ_ID varchar2(36) 
		]]></sql>
		<sql splitStatements="false"><![CDATA[
		alter table kren_recip_list_t add OBJ_ID varchar2(36)
		]]></sql>
		<sql splitStatements="false"><![CDATA[
		alter table kren_sndr_t add OBJ_ID varchar2(36)
		]]></sql>
		<sql splitStatements="false"><![CDATA[
		alter table kren_recip_t add OBJ_ID varchar2(36) 
		]]></sql>
		<sql splitStatements="false"><![CDATA[
		alter table kren_rvwer_t add OBJ_ID varchar2(36) 
		]]></sql>
		<sql splitStatements="false"><![CDATA[
		alter table kren_chnl_subscrp_t add ver_nbr NUMBER(8)
		]]></sql>
		<sql splitStatements="false"><![CDATA[
		alter table kren_recip_list_t add ver_nbr NUMBER(8)
		]]></sql>
		<sql splitStatements="false"><![CDATA[
		alter table kren_sndr_t add ver_nbr NUMBER(8)
		]]></sql>
		<sql splitStatements="false"><![CDATA[
		alter table kren_recip_t add ver_nbr NUMBER(8)
		]]></sql>
		<sql splitStatements="false"><![CDATA[
		
		
		
		
		-- 
		-- 2011-03-23.sql
		-- 
		
		
		update KREW_DOC_TYP_T set POST_PRCSR='org.kuali.rice.edl.framework.workflow.EDocLitePostProcessor'
		where POST_PRCSR='org.kuali.rice.kew.edl.EDocLitePostProcessor'
		]]></sql>
		<sql splitStatements="false"><![CDATA[
		
		update KREW_DOC_TYP_T set POST_PRCSR='org.kuali.rice.edl.framework.workflow.EDocLiteDatabasePostProcessor'
		where POST_PRCSR='org.kuali.rice.kew.edl.EDLDatabasePostProcessor'
		]]></sql>
</changeSet>
</databaseChangeLog>
