<!--
    Copyright 2011 The Kuali Foundation

    Licensed under the Educational Community License, Version 2.0 (the "License");
    you may not use this file except in compliance with the License.
    You may obtain a copy of the License at

    http://www.opensource.org/licenses/ecl2.php

    Unless required by applicable law or agreed to in writing, software
    distributed under the License is distributed on an "AS IS" BASIS,
    WITHOUT WARRANTIES OR CONDITIONS OF ANY KIND, either express or implied.
    See the License for the specific language governing permissions and
    limitations under the License.
-->
<data xmlns="ns:workflow" xsi:schemaLocation="ns:workflow resource:WorkflowData" xmlns:xsi="http://www.w3.org/2001/XMLSchema-instance">
  <documentTypes xmlns="ns:workflow/DocumentType" xsi:schemaLocation="ns:workflow/DocumentType resource:DocumentType">
	<!-- Add missing ledger-only document types for labor distribution. --> 
    <documentType>
      <name>PAY</name>
      <parent>FSLO</parent>
      <label>Labor - Normal Payroll Activity</label>
      <active>true</active>
      <routingVersion>2</routingVersion>
    </documentType>
    <documentType>
      <name>PAYN</name>
      <parent>FSLO</parent>
      <label>Labor - Payroll Accrual Reversal</label>
      <active>true</active>
      <routingVersion>2</routingVersion>
    </documentType>
    <documentType>
      <name>PAYA</name>
      <parent>FSLO</parent>
      <label>Labor - Payroll Accrual</label>
      <active>true</active>
      <routingVersion>2</routingVersion>
    </documentType>
    <documentType>
      <name>PAYC</name>
      <parent>FSLO</parent>
      <label>Labor - Payroll Check Cancellation</label>
      <active>true</active>
      <routingVersion>2</routingVersion>
    </documentType>
    <documentType>
      <name>PAYE</name>
      <parent>FSLO</parent>
      <label>Labor - Payroll Encumbrances</label>
      <active>true</active>
      <routingVersion>2</routingVersion>
    </documentType>
    <documentType>
      <name>ET</name>
      <parent>FSLO</parent>
      <label>Labor - Payroll Expense Transfer</label>
      <active>true</active>
      <routingVersion>2</routingVersion>
    </documentType>
    <documentType>
      <name>SACH</name>
      <parent>FSLO</parent>
      <label>Labor - Payroll Expense Transfer</label>
      <active>true</active>
      <routingVersion>2</routingVersion>
    </documentType>
    <documentType>
      <name>HDRW</name>
      <parent>FSLO</parent>
      <label>Labor - Payroll Hand Drawn Check Payment</label>
      <active>true</active>
      <routingVersion>2</routingVersion>
    </documentType>
    <documentType>
      <name>OPAY</name>
      <parent>FSLO</parent>
      <label>Labor - Payroll Overpayment Collection</label>
      <active>true</active>
      <routingVersion>2</routingVersion>
    </documentType>
    <documentType>
      <name>RETR</name>
      <parent>FSLO</parent>
      <label>Labor - Payroll Retroactive Adjustment</label>
      <active>true</active>
      <routingVersion>2</routingVersion>
    </documentType>
  </documentTypes>
</data>
