<?xml version="1.0" encoding="UTF-8" standalone="no"?>
<!--
    Copyright 2010 The Kuali Foundation

    Licensed under the Educational Community License, Version 2.0 (the "License");
    you may not use this file except in compliance with the License.
    You may obtain a copy of the License at

    http://www.opensource.org/licenses/ecl2.php

    Unless required by applicable law or agreed to in writing, software
    distributed under the License is distributed on an "AS IS" BASIS,
    WITHOUT WARRANTIES OR CONDITIONS OF ANY KIND, either express or implied.
    See the License for the specific language governing permissions and
    limitations under the License.
-->
<databaseChangeLog xmlns="http://www.liquibase.org/xml/ns/dbchangelog/1.9"
	xmlns:xsi="http://www.w3.org/2001/XMLSchema-instance"
	xsi:schemaLocation="http://www.liquibase.org/xml/ns/dbchangelog/1.9 http://www.liquibase.org/xml/ns/dbchangelog/dbchangelog-1.9.xsd">	

	<!-- Ensure that all KFS namespaces have the KFS application namespace code. -->
	<changeSet author="kfs" id="KFS_4.0_UPDATE_KRNS_NMSPC_T">
		<update tableName="KRNS_NMSPC_T">
			<column name="APPL_NMSPC_CD" value="KFS" />
			<where>NMSPC_CD LIKE 'KFS%'</where>
		</update>
    </changeSet>
    
    <!-- Fix the name of the KR-NS namespace -->
	<changeSet author="kfs" id="KFS_4.0_KRNS_NMSPC_T_FIX_NS_NAME">
		<update tableName="KRNS_NMSPC_T">
			<column name="NM" value="Kuali Nervous System" />
			<where>NMSPC_CD = 'KR-NS'</where>
		</update>
    </changeSet>
    
	<!-- Update the types to match the base Rice distribution -->
	<changeSet author="kfs" id="KFS_4.0_KRNS_PARM_TYP_T_MATCH_RICE">
		<preConditions onFail="MARK_RAN">
			<and>
				<sqlCheck expectedResult="0">SELECT COUNT(*) FROM KRNS_PARM_TYP_T WHERE PARM_TYP_CD = 'AUTH'</sqlCheck>
				<sqlCheck expectedResult="0">SELECT COUNT(*) FROM KRNS_PARM_TYP_T WHERE PARM_TYP_CD = 'HELP'</sqlCheck>
			</and>
		</preConditions>
		<insert tableName="KRNS_PARM_TYP_T">
			<column name="PARM_TYP_CD" value="AUTH" />
			<column name="OBJ_ID" valueNumeric="SYS_GUID() " />
			<column name="VER_NBR" valueNumeric="1" />
			<column name="NM" value="Authorization" />
			<column name="ACTV_IND" value="Y" />
		</insert>
		<insert tableName="KRNS_PARM_TYP_T">
			<column name="PARM_TYP_CD" value="HELP" />
			<column name="OBJ_ID" valueNumeric="SYS_GUID() " />
			<column name="VER_NBR" valueNumeric="1" />
			<column name="NM" value="Help" />
			<column name="ACTV_IND" value="Y" />
		</insert>
		<update tableName="KRNS_PARM_TYP_T">
			<column name="NM" value="Config" />
			<where>PARM_TYP_CD = 'CONFG'</where>
		</update>
		<modifySql dbms="mysql">
			<replace replace="SYS_GUID" with="UUID" />
		</modifySql>
	</changeSet>

</databaseChangeLog>   
      