<!--
    Copyright 2012 The Kuali Foundation

    Licensed under the Educational Community License, Version 2.0 (the "License");
    you may not use this file except in compliance with the License.
    You may obtain a copy of the License at

    http://www.opensource.org/licenses/ecl2.php

    Unless required by applicable law or agreed to in writing, software
    distributed under the License is distributed on an "AS IS" BASIS,
    WITHOUT WARRANTIES OR CONDITIONS OF ANY KIND, either express or implied.
    See the License for the specific language governing permissions and
    limitations under the License.
-->
<data xmlns="ns:workflow" xsi:schemaLocation="ns:workflow resource:WorkflowData"
	xmlns:xsi="http://www.w3.org/2001/XMLSchema-instance">

  <ruleAttributes xmlns="ns:workflow/RuleAttribute" xsi:schemaLocation="ns:workflow/RuleAttribute resource:RuleAttribute">
    <ruleAttribute>
      <name>KFSPurapDocumentSearchCustomizer</name>
      <label>KFS Purchasing Document Search Customizer</label>
      <className>{http://kfs.kuali.org/kfs/v5_0}KFSPurapDocumentSearchCustomizer</className>
      <type>DocumentSearchCustomizer</type>
      <applicationId>KFS</applicationId>
    </ruleAttribute>
    <ruleAttribute>
      <name>PurapFinancialSystemSearchableAttribute</name>
      <className>{http://kfs.kuali.org/kfs/v5_0}PurapFinancialSystemSearchableAttribute</className>
      <label>Purchasing Searchable Attribute</label>
      <description>Purchasing Searchable Attribute</description>
      <type>SearchableAttribute</type>
      <applicationId>KFS</applicationId>
    </ruleAttribute>
    <ruleAttribute>
      <name>NoFyiActionListAttribute</name>
      <className>{http://kfs.kuali.org/kfs/v5_0}PurchaseOrderActionListAttribute</className>
      <label>No FYI</label>
      <description>No FYI Action List Attribute</description>
      <type>ActionListAttribute</type>
      <applicationId>KFS</applicationId>
    </ruleAttribute>
  </ruleAttributes>

	<documentTypes xmlns="ns:workflow/DocumentType"
		xsi:schemaLocation="ns:workflow/DocumentType resource:DocumentType">
		<documentType>
			<name>
				PO
			</name>
			<parent>
				PUR
			</parent>
			<label>
				Purchase Order
			</label>
			<docHandler>
				${kfs.url}/purapPurchaseOrder.do?methodToCall=docHandler
			</docHandler>
			<helpDefinitionURL>
				default.htm?turl=WordDocuments%2Fpurchaseorder.htm
			</helpDefinitionURL>
			<docSearchHelpURL>
				${kfs.externalizable.help.url}/default.htm?turl=WordDocuments%2Fpurchaseorders.htm
			</docSearchHelpURL>
			<active>
				true
			</active>
			<attributes>
				<attribute>
					<name>PurapFinancialSystemSearchableAttribute</name>
				</attribute>
				<attribute>
					<name>KFSPurapDocumentSearchCustomizer</name>
				</attribute>
				<attribute>
					<name>NoFyiActionListAttribute</name>
				</attribute>
			</attributes>
			<routingVersion>
				2
			</routingVersion>
			<validApplicationStatuses>
				<!-- Incomplete status start -->
				<category name="INCOMPLETE STATUSES">
					<status>In Process</status>
					<status>Awaiting Fiscal Officer Review</status>
					<status>Awaiting New Unordered Item Review</status>
					<status>Disapproved New Unordered Item Review</status>
					<status>Awaiting Purchasing Approval</status>
					<status>Awaiting Commodity Code Approval</status>
					<status>Awaiting C and G Approval</status>
					<status>Awaiting Budget Approval</status>
					<status>Awaiting Tax Approval</status>
					<status>Error occurred sending cxml</status>
					<status>Error occurred sending fax</status>
					<status>Out for Quote</status>
					<status>Payment Hold</status>
					<status>Pending Fax</status>
					<status>Pending Print</status>
					<status>Pending cxml</status>
					<status>Waiting for Department</status>
					<status>Waiting for Vendor</status>
				</category>
				<!-- Incomplete status end -->
				<!-- complete status start -->
				<category name="COMPLETE STATUSES">
					<status>Cancelled</status>
					<status>Cancelled Change</status>
					<status>Change in Process</status>
					<status>Closed</status>
					<status>Disapproved Budget</status>
					<status>Disapproved C and G</status>
					<status>Disapproved Change</status>
					<status>Disapproved Commodity Code</status>
					<status>Disapproved Purchasing</status>
					<status>Disapproved Tax</status>
					<status>Open</status>
					<status>Pending Amendment</status>
					<status>Pending Close</status>
					<status>Pending Payment Hold</status>
					<status>Pending Remove Hold</status>
					<status>Pending Reopen</status>
					<status>Pending Retransmit</status>
					<status>Pending Void</status>
					<status>Retired Version</status>
					<status>Void</status>
				</category>
				<!-- complete status end -->
			</validApplicationStatuses>
			<policies>
				<policy>
					<name>DOCUMENT_STATUS_POLICY</name>
					<stringValue>app</stringValue>
				</policy>
			</policies>
			<routePaths>
				<routePath>
					<start name="AdHoc" nextNode="RequiresContractManagementReview"
						nextAppDocStatus="Awaiting Purchasing Approval" />
					<split name="RequiresContractManagementReview" nextNode="Commodity">
						<branch name="True" >
							<role name="ContractManagement" nextNode="JoinRequiresContractManagementReview" nextAppDocStatus="Awaiting Commodity Code Approval" />
						</branch>
						<branch name="False">
							<simple name="NoOpRequiresContractManagementReview"
								nextNode="JoinRequiresContractManagementReview" nextAppDocStatus="Awaiting Commodity Code Approval" />
						</branch>
						<join name="JoinRequiresContractManagementReview" />
					</split>
					<role name="Commodity" nextNode="RequiresAwardReview"
						nextAppDocStatus="Awaiting C and G Approval" />
					<split name="RequiresAwardReview" nextNode="RequiresBudgetReview">
						<branch name="True">
							<role name="Award" nextNode="JoinRequiresAwardReview" nextAppDocStatus="Awaiting Budget Approval" />
						</branch>
						<branch name="False">
							<simple name="NoOpRequiresAwardReview" nextNode="JoinRequiresAwardReview" nextAppDocStatus="Awaiting Budget Approval" />
						</branch>
						<join name="JoinRequiresAwardReview" />
					</split>
					<split name="RequiresBudgetReview" nextNode="VendorIsEmployeeOrNonResidentAlien">
						<branch name="True">
							<role name="Budget" nextNode="JoinRequiresBudgetReview" nextAppDocStatus="Awaiting Tax Approval" />
						</branch>
						<branch name="False">
							<simple name="NoOpBudget" nextNode="JoinRequiresBudgetReview" nextAppDocStatus="Awaiting Tax Approval"/>
						</branch>
						<join name="JoinRequiresBudgetReview" />
					</split>
					<split name="VendorIsEmployeeOrNonResidentAlien">
						<branch name="True">
							<role name="Tax" nextNode="JoinVendorIsEmployeeOrNonResidentAlien" nextAppDocStatus="Awaiting Tax Approval"/>
						</branch>
						<branch name="False">
							<simple name="NoOpVendorIsEmployeeOrNonResidentAlien"
								nextNode="JoinVendorIsEmployeeOrNonResidentAlien" />
						</branch>
						<join name="JoinVendorIsEmployeeOrNonResidentAlien" />
					</split>
				</routePath>
			</routePaths>
			<routeNodes>
				<start name="AdHoc" />
				<split name="RequiresContractManagementReview">
					<type>
						org.kuali.kfs.sys.document.workflow.SimpleBooleanSplitNode
					</type>
				</split>
				<role name="ContractManagement">
					<qualifierResolverClass>
						org.kuali.rice.krad.workflow.attribute.DataDictionaryQualifierResolver
					</qualifierResolverClass>
					<activationType>
						P
					</activationType>
				</role>
				<join name="JoinRequiresContractManagementReview" />
				<simple name="NoOpRequiresContractManagementReview">
					<type>
						org.kuali.rice.kew.engine.node.NoOpNode
					</type>
				</simple>
				<role name="Commodity">
					<qualifierResolverClass>
						org.kuali.rice.krad.workflow.attribute.DataDictionaryQualifierResolver
					</qualifierResolverClass>
					<activationType>
						P
					</activationType>
				</role>
				<split name="RequiresAwardReview">
					<type>
						org.kuali.kfs.sys.document.workflow.SimpleBooleanSplitNode
					</type>
				</split>
				<role name="Award">
					<qualifierResolverClass>
						org.kuali.rice.krad.workflow.attribute.DataDictionaryQualifierResolver
					</qualifierResolverClass>
					<activationType>
						P
					</activationType>
				</role>
				<join name="JoinRequiresAwardReview" />
				<simple name="NoOpRequiresAwardReview">
					<type>
						org.kuali.rice.kew.engine.node.NoOpNode
					</type>
				</simple>
				<split name="RequiresBudgetReview">
					<type>
						org.kuali.kfs.sys.document.workflow.SimpleBooleanSplitNode
					</type>
				</split>
				<role name="Budget">
					<qualifierResolverClass>
						org.kuali.rice.krad.workflow.attribute.DataDictionaryQualifierResolver
					</qualifierResolverClass>
					<activationType>
						P
					</activationType>
				</role>
				<join name="JoinRequiresBudgetReview" />
				<simple name="NoOpBudget">
					<type>
						org.kuali.rice.kew.engine.node.NoOpNode
					</type>
				</simple>
				<split name="VendorIsEmployeeOrNonResidentAlien">
					<type>
						org.kuali.kfs.sys.document.workflow.SimpleBooleanSplitNode
					</type>
				</split>
				<role name="Tax">
					<qualifierResolverClass>
						org.kuali.rice.krad.workflow.attribute.DataDictionaryQualifierResolver
					</qualifierResolverClass>
					<activationType>
						P
					</activationType>
				</role>
				<join name="JoinVendorIsEmployeeOrNonResidentAlien" />
				<simple name="NoOpVendorIsEmployeeOrNonResidentAlien">
					<type>
						org.kuali.rice.kew.engine.node.NoOpNode
					</type>
				</simple>
			</routeNodes>
		</documentType>

		<documentType>
			<name>
				POA
			</name>
			<parent>
				PO
			</parent>
			<label>
				Purchase Order Amendment
			</label>
			<docHandler>
				${kfs.url}/purapPurchaseOrder.do?methodToCall=docHandler
			</docHandler>
			<helpDefinitionURL>
				default.htm?turl=WordDocuments%2Fpurchaseorderamend.htm
			</helpDefinitionURL>
			<active>
				true
			</active>
			<routingVersion>
				2
			</routingVersion>
			<validApplicationStatuses>
				<!-- Incomplete status start -->
				<category name="INCOMPLETE STATUSES">
					<status>In Process</status>
					<status>Awaiting Fiscal Officer Review</status>
					<status>Awaiting New Unordered Item Review</status>
					<status>Disapproved New Unordered Item Review</status>
					<status>Awaiting Purchasing Approval</status>
					<status>Awaiting Commodity Code Approval</status>
					<status>Awaiting C and G Approval</status>
					<status>Awaiting Budget Approval</status>
					<status>Awaiting Tax Approval</status>
					<status>Error occurred sending cxml</status>
					<status>Error occurred sending fax</status>
					<status>Out for Quote</status>
					<status>Payment Hold</status>
					<status>Pending Fax</status>
					<status>Pending Print</status>
					<status>Pending cxml</status>
					<status>Waiting for Department</status>
					<status>Waiting for Vendor</status>
				</category>
				<!-- Incomplete status end -->
				<!-- complete status start -->
				<category name="COMPLETE STATUSES">
					<status>Cancelled</status>
					<status>Cancelled Change</status>
					<status>Change in Process</status>
					<status>Closed</status>
					<status>Disapproved Budget</status>
					<status>Disapproved C and G</status>
					<status>Disapproved Change</status>
					<status>Disapproved Commodity Code</status>
					<status>Disapproved Purchasing</status>
					<status>Disapproved Tax</status>
					<status>Open</status>
					<status>Pending Amendment</status>
					<status>Pending Close</status>
					<status>Pending Payment Hold</status>
					<status>Pending Remove Hold</status>
					<status>Pending Reopen</status>
					<status>Pending Retransmit</status>
					<status>Pending Void</status>
					<status>Retired Version</status>
					<status>Void</status>
				</category>
				<!-- complete status end -->
			</validApplicationStatuses>
			<policies>
				<policy>
					<name>DOCUMENT_STATUS_POLICY</name>
					<stringValue>app</stringValue>
				</policy>
			</policies>
			<routePaths>
				<routePath>
					<start name="AdHoc" nextNode="HasNewUnorderedItems"
						nextAppDocStatus="Awaiting New Unordered Item Review" />
					<split name="HasNewUnorderedItems">
						<branch name="True">
							<role name="NewUnorderedItems" nextNode="Join" />
						</branch>
						<branch name="False">
							<simple name="NoOp" nextNode="Join" />
						</branch>
						<join name="Join" />
					</split>
				</routePath>
			</routePaths>
			<routeNodes>
				<start name="AdHoc" />
				<split name="HasNewUnorderedItems">
					<type>
						org.kuali.kfs.sys.document.workflow.SimpleBooleanSplitNode
					</type>
				</split>
				<role name="NewUnorderedItems">
					<qualifierResolverClass>
						org.kuali.rice.krad.workflow.attribute.DataDictionaryQualifierResolver
					</qualifierResolverClass>
			        <activationType>P</activationType>
				</role>
				<join name="Join" />
				<simple name="NoOp">
					<type>
						org.kuali.rice.kew.engine.node.NoOpNode
					</type>
				</simple>
			</routeNodes>
		</documentType>

		<documentType>
			<name>
				POC
			</name>
			<parent>
				PO
			</parent>
			<label>
				Purchase Order Close
			</label>
			<docHandler>
				${kfs.url}/purapPurchaseOrder.do?methodToCall=docHandler
			</docHandler>
			<helpDefinitionURL>
				default.htm?turl=WordDocuments%2Fpurchaseorderclose.htm
			</helpDefinitionURL>
			<active>
				true
			</active>
			<routingVersion>
				2
			</routingVersion>
			<validApplicationStatuses>
				<!-- Incomplete status start -->
				<category name="INCOMPLETE STATUSES">
					<status>In Process</status>
					<status>Awaiting Fiscal Officer Review</status>
					<status>Awaiting New Unordered Item Review</status>
					<status>Awaiting Purchasing Approval</status>
					<status>Awaiting Commodity Code Approval</status>
					<status>Awaiting C and G Approval</status>
					<status>Awaiting Budget Approval</status>
					<status>Awaiting Tax Approval</status>
					<status>Error occurred sending cxml</status>
					<status>Error occurred sending fax</status>
					<status>Out for Quote</status>
					<status>Payment Hold</status>
					<status>Pending Fax</status>
					<status>Pending Print</status>
					<status>Pending cxml</status>
					<status>Waiting for Department</status>
					<status>Waiting for Vendor</status>
				</category>
				<!-- Incomplete status end -->
				<!-- complete status start -->
				<category name="COMPLETE STATUSES">
					<status>Cancelled</status>
					<status>Cancelled Change</status>
					<status>Change in Process</status>
					<status>Closed</status>
					<status>Disapproved Budget</status>
					<status>Disapproved C and G</status>
					<status>Disapproved Change</status>
					<status>Disapproved Commodity Code</status>
					<status>Disapproved Purchasing</status>
					<status>Disapproved Tax</status>
					<status>Open</status>
					<status>Pending Amendment</status>
					<status>Pending Close</status>
					<status>Pending Payment Hold</status>
					<status>Pending Remove Hold</status>
					<status>Pending Reopen</status>
					<status>Pending Retransmit</status>
					<status>Pending Void</status>
					<status>Retired Version</status>
					<status>Void</status>
				</category>
				<!-- complete status end -->
			</validApplicationStatuses>
			<policies>
				<policy>
					<name>DOCUMENT_STATUS_POLICY</name>
					<stringValue>app</stringValue>
				</policy>
			</policies>
			<routePaths>
				<routePath>
					<start name="AdHoc" />
				</routePath>
			</routePaths>
			<routeNodes>
				<start name="AdHoc" />
			</routeNodes>
		</documentType>
		<documentType>
			<name>
				POPH
			</name>
			<parent>
				PO
			</parent>
			<label>
				Purchase Order Payment Hold
			</label>
			<docHandler>
				${kfs.url}/purapPurchaseOrder.do?methodToCall=docHandler
			</docHandler>
			<helpDefinitionURL>
				default.htm?turl=WordDocuments%2Fpurchaseorderpaymenthold.htm
			</helpDefinitionURL>
			<active>
				true
			</active>
			<routingVersion>
				2
			</routingVersion>
			<validApplicationStatuses>
				<!-- Incomplete status start -->
				<category name="INCOMPLETE STATUSES">
					<status>In Process</status>
					<status>Awaiting Fiscal Officer Review</status>
					<status>Awaiting New Unordered Item Review</status>
					<status>Awaiting Purchasing Approval</status>
					<status>Awaiting Commodity Code Approval</status>
					<status>Awaiting C and G Approval</status>
					<status>Awaiting Budget Approval</status>
					<status>Awaiting Tax Approval</status>
					<status>Error occurred sending cxml</status>
					<status>Error occurred sending fax</status>
					<status>Out for Quote</status>
					<status>Payment Hold</status>
					<status>Pending Fax</status>
					<status>Pending Print</status>
					<status>Pending cxml</status>
					<status>Waiting for Department</status>
					<status>Waiting for Vendor</status>
				</category>
				<!-- Incomplete status end -->
				<!-- complete status start -->
				<category name="COMPLETE STATUSES">
					<status>Cancelled</status>
					<status>Cancelled Change</status>
					<status>Change in Process</status>
					<status>Closed</status>
					<status>Disapproved Budget</status>
					<status>Disapproved C and G</status>
					<status>Disapproved Change</status>
					<status>Disapproved Commodity Code</status>
					<status>Disapproved Purchasing</status>
					<status>Disapproved Tax</status>
					<status>Open</status>
					<status>Pending Amendment</status>
					<status>Pending Close</status>
					<status>Pending Payment Hold</status>
					<status>Pending Remove Hold</status>
					<status>Pending Reopen</status>
					<status>Pending Retransmit</status>
					<status>Pending Void</status>
					<status>Retired Version</status>
					<status>Void</status>
				</category>
				<!-- complete status end -->
			</validApplicationStatuses>
			<policies>
				<policy>
					<name>DOCUMENT_STATUS_POLICY</name>
					<stringValue>app</stringValue>
				</policy>
			</policies>
			<routePaths>
				<routePath>
					<start name="AdHoc" />
				</routePath>
			</routePaths>
			<routeNodes>
				<start name="AdHoc" />
			</routeNodes>
		</documentType>

		<documentType>
			<name>
				PORH
			</name>
			<parent>
				PO
			</parent>
			<label>
				Purchase Order Remove Payment Hold
			</label>
			<docHandler>
				${kfs.url}/purapPurchaseOrder.do?methodToCall=docHandler
			</docHandler>
			<helpDefinitionURL>
				default.htm?turl=WordDocuments%2Fpurchaseorderremovepaymenthold.htm
			</helpDefinitionURL>
			<active>
				true
			</active>
			<routingVersion>
				2
			</routingVersion>
			<validApplicationStatuses>
				<!-- Incomplete status start -->
				<category name="INCOMPLETE STATUSES">
					<status>In Process</status>
					<status>Awaiting Fiscal Officer Review</status>
					<status>Awaiting New Unordered Item Review</status>
					<status>Awaiting Purchasing Approval</status>
					<status>Awaiting Commodity Code Approval</status>
					<status>Awaiting C and G Approval</status>
					<status>Awaiting Budget Approval</status>
					<status>Awaiting Tax Approval</status>
					<status>Error occurred sending cxml</status>
					<status>Error occurred sending fax</status>
					<status>Out for Quote</status>
					<status>Payment Hold</status>
					<status>Pending Fax</status>
					<status>Pending Print</status>
					<status>Pending cxml</status>
					<status>Waiting for Department</status>
					<status>Waiting for Vendor</status>
				</category>
				<!-- Incomplete status end -->
				<!-- complete status start -->
				<category name="COMPLETE STATUSES">
					<status>Cancelled</status>
					<status>Cancelled Change</status>
					<status>Change in Process</status>
					<status>Closed</status>
					<status>Disapproved Budget</status>
					<status>Disapproved C and G</status>
					<status>Disapproved Change</status>
					<status>Disapproved Commodity Code</status>
					<status>Disapproved Purchasing</status>
					<status>Disapproved Tax</status>
					<status>Open</status>
					<status>Pending Amendment</status>
					<status>Pending Close</status>
					<status>Pending Payment Hold</status>
					<status>Pending Remove Hold</status>
					<status>Pending Reopen</status>
					<status>Pending Retransmit</status>
					<status>Pending Void</status>
					<status>Retired Version</status>
					<status>Void</status>
				</category>
				<!-- complete status end -->
			</validApplicationStatuses>
			<policies>
				<policy>
					<name>DOCUMENT_STATUS_POLICY</name>
					<stringValue>app</stringValue>
				</policy>
			</policies>
			<routePaths>
				<routePath>
					<start name="AdHoc" nextNode="AccountsPayable" />
					<role name="AccountsPayable" />
				</routePath>
			</routePaths>
			<routeNodes>
				<start name="AdHoc" />
				<role name="AccountsPayable">
					<qualifierResolverClass>
						org.kuali.rice.krad.workflow.attribute.DataDictionaryQualifierResolver
					</qualifierResolverClass>
			        <activationType>P</activationType>
				</role>
			</routeNodes>
		</documentType>
		<documentType>
			<name>
				POR
			</name>
			<parent>
				PO
			</parent>
			<label>
				Purchase Order Reopen
			</label>
			<docHandler>
				${kfs.url}/purapPurchaseOrder.do?methodToCall=docHandler
			</docHandler>
			<helpDefinitionURL>
				default.htm?turl=WordDocuments%2Fpurchaseorderreopen.htm
			</helpDefinitionURL>
			<active>
				true
			</active>
			<routingVersion>
				2
			</routingVersion>
			<validApplicationStatuses>
				<!-- Incomplete status start -->
				<category name="INCOMPLETE STATUSES">
					<status>In Process</status>
					<status>Awaiting Fiscal Officer Review</status>
					<status>Awaiting New Unordered Item Review</status>
					<status>Awaiting Purchasing Approval</status>
					<status>Awaiting Commodity Code Approval</status>
					<status>Awaiting C and G Approval</status>
					<status>Awaiting Budget Approval</status>
					<status>Awaiting Tax Approval</status>
					<status>Error occurred sending cxml</status>
					<status>Error occurred sending fax</status>
					<status>Out for Quote</status>
					<status>Payment Hold</status>
					<status>Pending Fax</status>
					<status>Pending Print</status>
					<status>Pending cxml</status>
					<status>Waiting for Department</status>
					<status>Waiting for Vendor</status>
				</category>
				<!-- Incomplete status end -->
				<!-- complete status start -->
				<category name="COMPLETE STATUSES">
					<status>Cancelled</status>
					<status>Cancelled Change</status>
					<status>Change in Process</status>
					<status>Closed</status>
					<status>Disapproved Budget</status>
					<status>Disapproved C and G</status>
					<status>Disapproved Change</status>
					<status>Disapproved Commodity Code</status>
					<status>Disapproved Purchasing</status>
					<status>Disapproved Tax</status>
					<status>Open</status>
					<status>Pending Amendment</status>
					<status>Pending Close</status>
					<status>Pending Payment Hold</status>
					<status>Pending Remove Hold</status>
					<status>Pending Reopen</status>
					<status>Pending Retransmit</status>
					<status>Pending Void</status>
					<status>Retired Version</status>
					<status>Void</status>
				</category>
				<!-- complete status end -->
			</validApplicationStatuses>
			<policies>
				<policy>
					<name>DOCUMENT_STATUS_POLICY</name>
					<stringValue>app</stringValue>
				</policy>
			</policies>
			<routePaths>
				<routePath>
					<start name="AdHoc" />
				</routePath>
			</routePaths>
			<routeNodes>
				<start name="AdHoc" />
			</routeNodes>
		</documentType>
		<documentType>
			<name>
				PORT
			</name>
			<parent>
				PO
			</parent>
			<label>
				Purchase Order Retransmit
			</label>
			<docHandler>
				${kfs.url}/purapPurchaseOrder.do?methodToCall=docHandler
			</docHandler>
			<helpDefinitionURL>
				default.htm?turl=WordDocuments%2Fpurchaseorderretransmit.htm
			</helpDefinitionURL>
			<active>
				true
			</active>
			<routingVersion>
				2
			</routingVersion>
			<validApplicationStatuses>
				<!-- Incomplete status start -->
				<category name="INCOMPLETE STATUSES">
					<status>In Process</status>
					<status>Awaiting Fiscal Officer Review</status>
					<status>Awaiting New Unordered Item Review</status>
					<status>Awaiting Purchasing Approval</status>
					<status>Awaiting Commodity Code Approval</status>
					<status>Awaiting C and G Approval</status>
					<status>Awaiting Budget Approval</status>
					<status>Awaiting Tax Approval</status>
					<status>Error occurred sending cxml</status>
					<status>Error occurred sending fax</status>
					<status>Out for Quote</status>
					<status>Payment Hold</status>
					<status>Pending Fax</status>
					<status>Pending Print</status>
					<status>Pending cxml</status>
					<status>Waiting for Department</status>
					<status>Waiting for Vendor</status>
				</category>
				<!-- Incomplete status end -->
				<!-- complete status start -->
				<category name="COMPLETE STATUSES">
					<status>Cancelled</status>
					<status>Cancelled Change</status>
					<status>Change in Process</status>
					<status>Closed</status>
					<status>Disapproved Budget</status>
					<status>Disapproved C and G</status>
					<status>Disapproved Change</status>
					<status>Disapproved Commodity Code</status>
					<status>Disapproved Purchasing</status>
					<status>Disapproved Tax</status>
					<status>Open</status>
					<status>Pending Amendment</status>
					<status>Pending Close</status>
					<status>Pending Payment Hold</status>
					<status>Pending Remove Hold</status>
					<status>Pending Reopen</status>
					<status>Pending Retransmit</status>
					<status>Pending Void</status>
					<status>Retired Version</status>
					<status>Void</status>
				</category>
				<!-- complete status end -->
			</validApplicationStatuses>
			<policies>
				<policy>
					<name>DOCUMENT_STATUS_POLICY</name>
					<stringValue>app</stringValue>
				</policy>
			</policies>
			<routePaths>
				<routePath>
					<start name="AdHoc" />
				</routePath>
			</routePaths>
			<routeNodes>
				<start name="AdHoc" />
			</routeNodes>
		</documentType>
		<documentType>
			<name>
				POSP
			</name>
			<parent>
				PO
			</parent>
			<label>
				Purchase Order Split
			</label>
			<docHandler>
				${kfs.url}/purapPurchaseOrder.do?methodToCall=docHandler
			</docHandler>
			<helpDefinitionURL>
				default.htm?turl=WordDocuments%2Fpurchaseordersplit.htm
			</helpDefinitionURL>
			<active>
				true
			</active>
			<routingVersion>
				2
			</routingVersion>
			<validApplicationStatuses>
				<!-- Incomplete status start -->
				<category name="INCOMPLETE STATUSES">
					<status>In Process</status>
					<status>Awaiting Fiscal Officer Review</status>
					<status>Awaiting New Unordered Item Review</status>
					<status>Awaiting Purchasing Approval</status>
					<status>Awaiting Commodity Code Approval</status>
					<status>Awaiting C and G Approval</status>
					<status>Awaiting Budget Approval</status>
					<status>Awaiting Tax Approval</status>
					<status>Error occurred sending cxml</status>
					<status>Error occurred sending fax</status>
					<status>Out for Quote</status>
					<status>Payment Hold</status>
					<status>Pending Fax</status>
					<status>Pending Print</status>
					<status>Pending cxml</status>
					<status>Waiting for Department</status>
					<status>Waiting for Vendor</status>
				</category>
				<!-- Incomplete status end -->
				<!-- complete status start -->
				<category name="COMPLETE STATUSES">
					<status>Cancelled</status>
					<status>Cancelled Change</status>
					<status>Change in Process</status>
					<status>Closed</status>
					<status>Disapproved Budget</status>
					<status>Disapproved C and G</status>
					<status>Disapproved Change</status>
					<status>Disapproved Commodity Code</status>
					<status>Disapproved Purchasing</status>
					<status>Disapproved Tax</status>
					<status>Open</status>
					<status>Pending Amendment</status>
					<status>Pending Close</status>
					<status>Pending Payment Hold</status>
					<status>Pending Remove Hold</status>
					<status>Pending Reopen</status>
					<status>Pending Retransmit</status>
					<status>Pending Void</status>
					<status>Retired Version</status>
					<status>Void</status>
				</category>
				<!-- complete status end -->
			</validApplicationStatuses>
			<policies>
				<policy>
					<name>DOCUMENT_STATUS_POLICY</name>
					<stringValue>app</stringValue>
				</policy>
			</policies>
		</documentType>
		<documentType>
			<name>
				POV
			</name>
			<parent>
				PO
			</parent>
			<label>
				Purchase Order Void
			</label>
			<docHandler>
				${kfs.url}/purapPurchaseOrder.do?methodToCall=docHandler
			</docHandler>
			<helpDefinitionURL>
				default.htm?turl=WordDocuments%2Fpurchaseordervoidlhtm
			</helpDefinitionURL>
			<active>
				true
			</active>
			<routingVersion>
				2
			</routingVersion>
			<validApplicationStatuses>
				<!-- Incomplete status start -->
				<category name="INCOMPLETE STATUSES">
					<status>In Process</status>
					<status>Awaiting Fiscal Officer Review</status>
					<status>Awaiting New Unordered Item Review</status>
					<status>Awaiting Purchasing Approval</status>
					<status>Awaiting Commodity Code Approval</status>
					<status>Awaiting C and G Approval</status>
					<status>Awaiting Budget Approval</status>
					<status>Awaiting Tax Approval</status>
					<status>Error occurred sending cxml</status>
					<status>Error occurred sending fax</status>
					<status>Out for Quote</status>
					<status>Payment Hold</status>
					<status>Pending Fax</status>
					<status>Pending Print</status>
					<status>Pending cxml</status>
					<status>Waiting for Department</status>
					<status>Waiting for Vendor</status>
				</category>
				<!-- Incomplete status end -->
				<!-- complete status start -->
				<category name="COMPLETE STATUSES">
					<status>Cancelled</status>
					<status>Cancelled Change</status>
					<status>Change in Process</status>
					<status>Closed</status>
					<status>Disapproved Budget</status>
					<status>Disapproved C and G</status>
					<status>Disapproved Change</status>
					<status>Disapproved Commodity Code</status>
					<status>Disapproved Purchasing</status>
					<status>Disapproved Tax</status>
					<status>Open</status>
					<status>Pending Amendment</status>
					<status>Pending Close</status>
					<status>Pending Payment Hold</status>
					<status>Pending Remove Hold</status>
					<status>Pending Reopen</status>
					<status>Pending Retransmit</status>
					<status>Pending Void</status>
					<status>Retired Version</status>
					<status>Void</status>
				</category>
				<!-- complete status end -->
			</validApplicationStatuses>
			<policies>
				<policy>
					<name>DOCUMENT_STATUS_POLICY</name>
					<stringValue>app</stringValue>
				</policy>
			</policies>
			<routePaths>
				<routePath>
					<start name="AdHoc" />
				</routePath>
			</routePaths>
			<routeNodes>
				<start name="AdHoc" />
			</routeNodes>
		</documentType>
	</documentTypes>
</data>
